ISO-10303-21;
HEADER;
/* Generated by software containing ST-Developer
 * from STEP Tools, Inc. (www.steptools.com) 
 */
/* OPTION: using custom renumber hook */

FILE_DESCRIPTION(
/* description */ ('STEP AP242 Edition 2',
'CAx-IF Rec.Pracs.---Representation and Presentation of Product Manufa
cturing Information (PMI)---4.0---2014-10-13',
'CAx-IF Rec.Pracs.---3D Tessellated Geometry---0.4---2014-09-14','2;1',
'CAx-IF Rec.Pracs.---User Defined Attributes---1.5---2016-08-15'),
/* implementation_level */ '2;1');

FILE_NAME(
/* name */ 'Part Studio 1 - Case and mounting points',
/* time_stamp */ '2026-07-29T00:54:50Z',
/* author */ (''),
/* organization */ (''),
/* preprocessor_version */ 'ST-DEVELOPER v20',
/* originating_system */ 'ONSHAPE BY PTC INC, 1.218',
/* authorisation */ '  ');

FILE_SCHEMA (('AP242_MANAGED_MODEL_BASED_3D_ENGINEERING_MIM_LF { 1 0 10303 442 3 1 4 }'));
ENDSEC;

DATA;
#10=SHAPE_REPRESENTATION_RELATIONSHIP('','',#1352,#11);
#11=ADVANCED_BREP_SHAPE_REPRESENTATION('',(#1350),#4261);
#12=B_SPLINE_SURFACE_WITH_KNOTS('',3,3,((#1877,#1878,#1879,#1880,#1881,
#1882,#1883,#1884,#1885,#1886,#1887),(#1888,#1889,#1890,#1891,#1892,#1893,
#1894,#1895,#1896,#1897,#1898),(#1899,#1900,#1901,#1902,#1903,#1904,#1905,
#1906,#1907,#1908,#1909),(#1910,#1911,#1912,#1913,#1914,#1915,#1916,#1917,
#1918,#1919,#1920),(#1921,#1922,#1923,#1924,#1925,#1926,#1927,#1928,#1929,
#1930,#1931),(#1932,#1933,#1934,#1935,#1936,#1937,#1938,#1939,#1940,#1941,
#1942),(#1943,#1944,#1945,#1946,#1947,#1948,#1949,#1950,#1951,#1952,#1953),
(#1954,#1955,#1956,#1957,#1958,#1959,#1960,#1961,#1962,#1963,#1964),(#1965,
#1966,#1967,#1968,#1969,#1970,#1971,#1972,#1973,#1974,#1975),(#1976,#1977,
#1978,#1979,#1980,#1981,#1982,#1983,#1984,#1985,#1986),(#1987,#1988,#1989,
#1990,#1991,#1992,#1993,#1994,#1995,#1996,#1997),(#1998,#1999,#2000,#2001,
#2002,#2003,#2004,#2005,#2006,#2007,#2008),(#2009,#2010,#2011,#2012,#2013,
#2014,#2015,#2016,#2017,#2018,#2019),(#2020,#2021,#2022,#2023,#2024,#2025,
#2026,#2027,#2028,#2029,#2030),(#2031,#2032,#2033,#2034,#2035,#2036,#2037,
#2038,#2039,#2040,#2041),(#2042,#2043,#2044,#2045,#2046,#2047,#2048,#2049,
#2050,#2051,#2052),(#2053,#2054,#2055,#2056,#2057,#2058,#2059,#2060,#2061,
#2062,#2063),(#2064,#2065,#2066,#2067,#2068,#2069,#2070,#2071,#2072,#2073,
#2074)),.UNSPECIFIED.,.F.,.T.,.F.,(4,2,2,2,2,2,2,2,4),(4,1,1,1,1,1,1,1,
4),(0.,0.125,0.25,0.375,0.5,0.625,0.75,0.875,1.),(-3.1415926535898,-2.35619449019235,
-1.5707963267949,-0.785398163397449,0.,0.785398163397449,1.5707963267949,
2.35619449019235,3.1415926535898),.UNSPECIFIED.);
#13=B_SPLINE_SURFACE_WITH_KNOTS('',3,3,((#2145,#2146,#2147,#2148,#2149,
#2150,#2151,#2152,#2153,#2154,#2155),(#2156,#2157,#2158,#2159,#2160,#2161,
#2162,#2163,#2164,#2165,#2166),(#2167,#2168,#2169,#2170,#2171,#2172,#2173,
#2174,#2175,#2176,#2177),(#2178,#2179,#2180,#2181,#2182,#2183,#2184,#2185,
#2186,#2187,#2188),(#2189,#2190,#2191,#2192,#2193,#2194,#2195,#2196,#2197,
#2198,#2199),(#2200,#2201,#2202,#2203,#2204,#2205,#2206,#2207,#2208,#2209,
#2210),(#2211,#2212,#2213,#2214,#2215,#2216,#2217,#2218,#2219,#2220,#2221),
(#2222,#2223,#2224,#2225,#2226,#2227,#2228,#2229,#2230,#2231,#2232),(#2233,
#2234,#2235,#2236,#2237,#2238,#2239,#2240,#2241,#2242,#2243),(#2244,#2245,
#2246,#2247,#2248,#2249,#2250,#2251,#2252,#2253,#2254),(#2255,#2256,#2257,
#2258,#2259,#2260,#2261,#2262,#2263,#2264,#2265),(#2266,#2267,#2268,#2269,
#2270,#2271,#2272,#2273,#2274,#2275,#2276),(#2277,#2278,#2279,#2280,#2281,
#2282,#2283,#2284,#2285,#2286,#2287),(#2288,#2289,#2290,#2291,#2292,#2293,
#2294,#2295,#2296,#2297,#2298),(#2299,#2300,#2301,#2302,#2303,#2304,#2305,
#2306,#2307,#2308,#2309),(#2310,#2311,#2312,#2313,#2314,#2315,#2316,#2317,
#2318,#2319,#2320),(#2321,#2322,#2323,#2324,#2325,#2326,#2327,#2328,#2329,
#2330,#2331),(#2332,#2333,#2334,#2335,#2336,#2337,#2338,#2339,#2340,#2341,
#2342)),.UNSPECIFIED.,.F.,.T.,.F.,(4,2,2,2,2,2,2,2,4),(4,1,1,1,1,1,1,1,
4),(0.,0.125,0.25,0.375,0.5,0.625,0.75,0.875,1.),(3.1415926535898,3.92699081698724,
4.71238898038469,5.49778714378214,6.28318530717959,7.06858347057704,7.85398163397448,
8.63937979737193,9.42477796076938),.UNSPECIFIED.);
#14=B_SPLINE_SURFACE_WITH_KNOTS('',3,3,((#2401,#2402,#2403,#2404,#2405,
#2406,#2407,#2408,#2409,#2410,#2411),(#2412,#2413,#2414,#2415,#2416,#2417,
#2418,#2419,#2420,#2421,#2422),(#2423,#2424,#2425,#2426,#2427,#2428,#2429,
#2430,#2431,#2432,#2433),(#2434,#2435,#2436,#2437,#2438,#2439,#2440,#2441,
#2442,#2443,#2444),(#2445,#2446,#2447,#2448,#2449,#2450,#2451,#2452,#2453,
#2454,#2455),(#2456,#2457,#2458,#2459,#2460,#2461,#2462,#2463,#2464,#2465,
#2466),(#2467,#2468,#2469,#2470,#2471,#2472,#2473,#2474,#2475,#2476,#2477),
(#2478,#2479,#2480,#2481,#2482,#2483,#2484,#2485,#2486,#2487,#2488),(#2489,
#2490,#2491,#2492,#2493,#2494,#2495,#2496,#2497,#2498,#2499),(#2500,#2501,
#2502,#2503,#2504,#2505,#2506,#2507,#2508,#2509,#2510),(#2511,#2512,#2513,
#2514,#2515,#2516,#2517,#2518,#2519,#2520,#2521),(#2522,#2523,#2524,#2525,
#2526,#2527,#2528,#2529,#2530,#2531,#2532),(#2533,#2534,#2535,#2536,#2537,
#2538,#2539,#2540,#2541,#2542,#2543),(#2544,#2545,#2546,#2547,#2548,#2549,
#2550,#2551,#2552,#2553,#2554),(#2555,#2556,#2557,#2558,#2559,#2560,#2561,
#2562,#2563,#2564,#2565),(#2566,#2567,#2568,#2569,#2570,#2571,#2572,#2573,
#2574,#2575,#2576),(#2577,#2578,#2579,#2580,#2581,#2582,#2583,#2584,#2585,
#2586,#2587),(#2588,#2589,#2590,#2591,#2592,#2593,#2594,#2595,#2596,#2597,
#2598)),.UNSPECIFIED.,.F.,.T.,.F.,(4,2,2,2,2,2,2,2,4),(4,1,1,1,1,1,1,1,
4),(0.,0.125,0.25,0.375,0.5,0.625,0.75,0.875,1.),(-6.28318530717959,-5.49778714378214,
-4.71238898038469,-3.92699081698724,-3.1415926535898,-2.35619449019235,
-1.5707963267949,-0.785398163397449,0.),.UNSPECIFIED.);
#15=B_SPLINE_SURFACE_WITH_KNOTS('',3,3,((#2657,#2658,#2659,#2660,#2661,
#2662,#2663,#2664,#2665,#2666,#2667),(#2668,#2669,#2670,#2671,#2672,#2673,
#2674,#2675,#2676,#2677,#2678),(#2679,#2680,#2681,#2682,#2683,#2684,#2685,
#2686,#2687,#2688,#2689),(#2690,#2691,#2692,#2693,#2694,#2695,#2696,#2697,
#2698,#2699,#2700),(#2701,#2702,#2703,#2704,#2705,#2706,#2707,#2708,#2709,
#2710,#2711),(#2712,#2713,#2714,#2715,#2716,#2717,#2718,#2719,#2720,#2721,
#2722),(#2723,#2724,#2725,#2726,#2727,#2728,#2729,#2730,#2731,#2732,#2733),
(#2734,#2735,#2736,#2737,#2738,#2739,#2740,#2741,#2742,#2743,#2744),(#2745,
#2746,#2747,#2748,#2749,#2750,#2751,#2752,#2753,#2754,#2755),(#2756,#2757,
#2758,#2759,#2760,#2761,#2762,#2763,#2764,#2765,#2766),(#2767,#2768,#2769,
#2770,#2771,#2772,#2773,#2774,#2775,#2776,#2777),(#2778,#2779,#2780,#2781,
#2782,#2783,#2784,#2785,#2786,#2787,#2788),(#2789,#2790,#2791,#2792,#2793,
#2794,#2795,#2796,#2797,#2798,#2799),(#2800,#2801,#2802,#2803,#2804,#2805,
#2806,#2807,#2808,#2809,#2810),(#2811,#2812,#2813,#2814,#2815,#2816,#2817,
#2818,#2819,#2820,#2821),(#2822,#2823,#2824,#2825,#2826,#2827,#2828,#2829,
#2830,#2831,#2832),(#2833,#2834,#2835,#2836,#2837,#2838,#2839,#2840,#2841,
#2842,#2843),(#2844,#2845,#2846,#2847,#2848,#2849,#2850,#2851,#2852,#2853,
#2854)),.UNSPECIFIED.,.F.,.T.,.F.,(4,2,2,2,2,2,2,2,4),(4,1,1,1,1,1,1,1,
4),(0.,0.125,0.25,0.375,0.5,0.625,0.75,0.875,1.),(0.,0.785398163397449,
1.5707963267949,2.35619449019235,3.1415926535898,3.92699081698724,4.71238898038469,
5.49778714378214,6.28318530717959),.UNSPECIFIED.);
#16=B_SPLINE_SURFACE_WITH_KNOTS('',5,1,((#2975,#2976),(#2977,#2978),(#2979,
#2980),(#2981,#2982),(#2983,#2984),(#2985,#2986),(#2987,#2988),(#2989,#2990)),
 .SURF_OF_LINEAR_EXTRUSION.,.F.,.F.,.F.,(6,2,6),(2,2),(0.,0.5,1.),(0.,1.),
 .UNSPECIFIED.);
#17=B_SPLINE_SURFACE_WITH_KNOTS('',5,1,((#3006,#3007),(#3008,#3009),(#3010,
#3011),(#3012,#3013),(#3014,#3015),(#3016,#3017),(#3018,#3019),(#3020,#3021)),
 .SURF_OF_LINEAR_EXTRUSION.,.F.,.F.,.F.,(6,2,6),(2,2),(0.,0.5,1.),(0.,1.),
 .UNSPECIFIED.);
#18=B_SPLINE_SURFACE_WITH_KNOTS('',5,1,((#3068,#3069),(#3070,#3071),(#3072,
#3073),(#3074,#3075),(#3076,#3077),(#3078,#3079),(#3080,#3081),(#3082,#3083)),
 .SURF_OF_LINEAR_EXTRUSION.,.F.,.F.,.F.,(6,2,6),(2,2),(0.,0.5,1.),(0.,1.),
 .UNSPECIFIED.);
#19=B_SPLINE_SURFACE_WITH_KNOTS('',5,1,((#3091,#3092),(#3093,#3094),(#3095,
#3096),(#3097,#3098),(#3099,#3100),(#3101,#3102),(#3103,#3104),(#3105,#3106)),
 .SURF_OF_LINEAR_EXTRUSION.,.F.,.F.,.F.,(6,2,6),(2,2),(0.,0.5,1.),(0.,1.),
 .UNSPECIFIED.);
#20=B_SPLINE_SURFACE_WITH_KNOTS('',3,3,((#3238,#3239,#3240,#3241,#3242,
#3243,#3244,#3245,#3246,#3247,#3248),(#3249,#3250,#3251,#3252,#3253,#3254,
#3255,#3256,#3257,#3258,#3259),(#3260,#3261,#3262,#3263,#3264,#3265,#3266,
#3267,#3268,#3269,#3270),(#3271,#3272,#3273,#3274,#3275,#3276,#3277,#3278,
#3279,#3280,#3281),(#3282,#3283,#3284,#3285,#3286,#3287,#3288,#3289,#3290,
#3291,#3292),(#3293,#3294,#3295,#3296,#3297,#3298,#3299,#3300,#3301,#3302,
#3303),(#3304,#3305,#3306,#3307,#3308,#3309,#3310,#3311,#3312,#3313,#3314),
(#3315,#3316,#3317,#3318,#3319,#3320,#3321,#3322,#3323,#3324,#3325),(#3326,
#3327,#3328,#3329,#3330,#3331,#3332,#3333,#3334,#3335,#3336),(#3337,#3338,
#3339,#3340,#3341,#3342,#3343,#3344,#3345,#3346,#3347),(#3348,#3349,#3350,
#3351,#3352,#3353,#3354,#3355,#3356,#3357,#3358),(#3359,#3360,#3361,#3362,
#3363,#3364,#3365,#3366,#3367,#3368,#3369),(#3370,#3371,#3372,#3373,#3374,
#3375,#3376,#3377,#3378,#3379,#3380),(#3381,#3382,#3383,#3384,#3385,#3386,
#3387,#3388,#3389,#3390,#3391),(#3392,#3393,#3394,#3395,#3396,#3397,#3398,
#3399,#3400,#3401,#3402),(#3403,#3404,#3405,#3406,#3407,#3408,#3409,#3410,
#3411,#3412,#3413),(#3414,#3415,#3416,#3417,#3418,#3419,#3420,#3421,#3422,
#3423,#3424),(#3425,#3426,#3427,#3428,#3429,#3430,#3431,#3432,#3433,#3434,
#3435)),.UNSPECIFIED.,.F.,.T.,.F.,(4,2,2,2,2,2,2,2,4),(4,1,1,1,1,1,1,1,
4),(0.,0.125,0.25,0.375,0.5,0.625,0.75,0.875,1.),(0.,0.785398163397449,
1.5707963267949,2.35619449019235,3.1415926535898,3.92699081698724,4.71238898038469,
5.49778714378214,6.28318530717959),.UNSPECIFIED.);
#21=B_SPLINE_SURFACE_WITH_KNOTS('',3,3,((#3445,#3446,#3447,#3448,#3449,
#3450,#3451),(#3452,#3453,#3454,#3455,#3456,#3457,#3458),(#3459,#3460,#3461,
#3462,#3463,#3464,#3465),(#3466,#3467,#3468,#3469,#3470,#3471,#3472),(#3473,
#3474,#3475,#3476,#3477,#3478,#3479),(#3480,#3481,#3482,#3483,#3484,#3485,
#3486),(#3487,#3488,#3489,#3490,#3491,#3492,#3493),(#3494,#3495,#3496,#3497,
#3498,#3499,#3500),(#3501,#3502,#3503,#3504,#3505,#3506,#3507),(#3508,#3509,
#3510,#3511,#3512,#3513,#3514),(#3515,#3516,#3517,#3518,#3519,#3520,#3521),
(#3522,#3523,#3524,#3525,#3526,#3527,#3528),(#3529,#3530,#3531,#3532,#3533,
#3534,#3535),(#3536,#3537,#3538,#3539,#3540,#3541,#3542),(#3543,#3544,#3545,
#3546,#3547,#3548,#3549),(#3550,#3551,#3552,#3553,#3554,#3555,#3556),(#3557,
#3558,#3559,#3560,#3561,#3562,#3563),(#3564,#3565,#3566,#3567,#3568,#3569,
#3570)),.UNSPECIFIED.,.F.,.F.,.F.,(4,2,2,2,2,2,2,2,4),(4,1,1,1,4),(0.,0.125,
0.25,0.375,0.5,0.625,0.75,0.875,1.),(1.5707963267949,2.35619449019234,3.14159265358979,
3.92699081698724,4.71238898038469),.UNSPECIFIED.);
#22=B_SPLINE_SURFACE_WITH_KNOTS('',5,1,((#3581,#3582),(#3583,#3584),(#3585,
#3586),(#3587,#3588),(#3589,#3590),(#3591,#3592),(#3593,#3594),(#3595,#3596)),
 .SURF_OF_LINEAR_EXTRUSION.,.F.,.F.,.F.,(6,2,6),(2,2),(0.,0.5,1.),(0.,1.),
 .UNSPECIFIED.);
#23=B_SPLINE_SURFACE_WITH_KNOTS('',5,1,((#3602,#3603),(#3604,#3605),(#3606,
#3607),(#3608,#3609),(#3610,#3611),(#3612,#3613),(#3614,#3615),(#3616,#3617)),
 .SURF_OF_LINEAR_EXTRUSION.,.F.,.F.,.F.,(6,2,6),(2,2),(0.,0.5,1.),(0.,1.),
 .UNSPECIFIED.);
#24=B_SPLINE_SURFACE_WITH_KNOTS('',3,3,((#3623,#3624,#3625,#3626,#3627,
#3628,#3629),(#3630,#3631,#3632,#3633,#3634,#3635,#3636),(#3637,#3638,#3639,
#3640,#3641,#3642,#3643),(#3644,#3645,#3646,#3647,#3648,#3649,#3650),(#3651,
#3652,#3653,#3654,#3655,#3656,#3657),(#3658,#3659,#3660,#3661,#3662,#3663,
#3664),(#3665,#3666,#3667,#3668,#3669,#3670,#3671),(#3672,#3673,#3674,#3675,
#3676,#3677,#3678),(#3679,#3680,#3681,#3682,#3683,#3684,#3685),(#3686,#3687,
#3688,#3689,#3690,#3691,#3692),(#3693,#3694,#3695,#3696,#3697,#3698,#3699),
(#3700,#3701,#3702,#3703,#3704,#3705,#3706),(#3707,#3708,#3709,#3710,#3711,
#3712,#3713),(#3714,#3715,#3716,#3717,#3718,#3719,#3720),(#3721,#3722,#3723,
#3724,#3725,#3726,#3727),(#3728,#3729,#3730,#3731,#3732,#3733,#3734),(#3735,
#3736,#3737,#3738,#3739,#3740,#3741),(#3742,#3743,#3744,#3745,#3746,#3747,
#3748)),.UNSPECIFIED.,.F.,.F.,.F.,(4,2,2,2,2,2,2,2,4),(4,1,1,1,4),(0.,0.125,
0.25,0.375,0.5,0.625,0.75,0.875,1.),(4.71238898038469,5.49778714378214,
6.28318530717958,7.06858347057703,7.85398163397448),.UNSPECIFIED.);
#25=B_SPLINE_SURFACE_WITH_KNOTS('',3,3,((#3758,#3759,#3760,#3761,#3762,
#3763,#3764,#3765,#3766,#3767,#3768),(#3769,#3770,#3771,#3772,#3773,#3774,
#3775,#3776,#3777,#3778,#3779),(#3780,#3781,#3782,#3783,#3784,#3785,#3786,
#3787,#3788,#3789,#3790),(#3791,#3792,#3793,#3794,#3795,#3796,#3797,#3798,
#3799,#3800,#3801),(#3802,#3803,#3804,#3805,#3806,#3807,#3808,#3809,#3810,
#3811,#3812),(#3813,#3814,#3815,#3816,#3817,#3818,#3819,#3820,#3821,#3822,
#3823),(#3824,#3825,#3826,#3827,#3828,#3829,#3830,#3831,#3832,#3833,#3834),
(#3835,#3836,#3837,#3838,#3839,#3840,#3841,#3842,#3843,#3844,#3845),(#3846,
#3847,#3848,#3849,#3850,#3851,#3852,#3853,#3854,#3855,#3856),(#3857,#3858,
#3859,#3860,#3861,#3862,#3863,#3864,#3865,#3866,#3867),(#3868,#3869,#3870,
#3871,#3872,#3873,#3874,#3875,#3876,#3877,#3878),(#3879,#3880,#3881,#3882,
#3883,#3884,#3885,#3886,#3887,#3888,#3889),(#3890,#3891,#3892,#3893,#3894,
#3895,#3896,#3897,#3898,#3899,#3900),(#3901,#3902,#3903,#3904,#3905,#3906,
#3907,#3908,#3909,#3910,#3911),(#3912,#3913,#3914,#3915,#3916,#3917,#3918,
#3919,#3920,#3921,#3922),(#3923,#3924,#3925,#3926,#3927,#3928,#3929,#3930,
#3931,#3932,#3933),(#3934,#3935,#3936,#3937,#3938,#3939,#3940,#3941,#3942,
#3943,#3944),(#3945,#3946,#3947,#3948,#3949,#3950,#3951,#3952,#3953,#3954,
#3955)),.UNSPECIFIED.,.F.,.T.,.F.,(4,2,2,2,2,2,2,2,4),(4,1,1,1,1,1,1,1,
4),(0.,0.125,0.25,0.375,0.5,0.625,0.75,0.875,1.),(-6.28318530717959,-5.49778714378214,
-4.71238898038469,-3.92699081698724,-3.1415926535898,-2.35619449019235,
-1.5707963267949,-0.785398163397449,0.),.UNSPECIFIED.);
#26=B_SPLINE_SURFACE_WITH_KNOTS('',3,3,((#3956,#3957,#3958,#3959,#3960,
#3961,#3962),(#3963,#3964,#3965,#3966,#3967,#3968,#3969),(#3970,#3971,#3972,
#3973,#3974,#3975,#3976),(#3977,#3978,#3979,#3980,#3981,#3982,#3983),(#3984,
#3985,#3986,#3987,#3988,#3989,#3990),(#3991,#3992,#3993,#3994,#3995,#3996,
#3997),(#3998,#3999,#4000,#4001,#4002,#4003,#4004),(#4005,#4006,#4007,#4008,
#4009,#4010,#4011),(#4012,#4013,#4014,#4015,#4016,#4017,#4018),(#4019,#4020,
#4021,#4022,#4023,#4024,#4025),(#4026,#4027,#4028,#4029,#4030,#4031,#4032),
(#4033,#4034,#4035,#4036,#4037,#4038,#4039),(#4040,#4041,#4042,#4043,#4044,
#4045,#4046),(#4047,#4048,#4049,#4050,#4051,#4052,#4053),(#4054,#4055,#4056,
#4057,#4058,#4059,#4060),(#4061,#4062,#4063,#4064,#4065,#4066,#4067),(#4068,
#4069,#4070,#4071,#4072,#4073,#4074),(#4075,#4076,#4077,#4078,#4079,#4080,
#4081)),.UNSPECIFIED.,.F.,.F.,.F.,(4,2,2,2,2,2,2,2,4),(4,1,1,1,4),(0.,0.125,
0.25,0.375,0.5,0.625,0.75,0.875,1.),(1.5707963267949,2.35619449019234,3.14159265358979,
3.92699081698724,4.71238898038469),.UNSPECIFIED.);
#27=B_SPLINE_SURFACE_WITH_KNOTS('',5,1,((#4092,#4093),(#4094,#4095),(#4096,
#4097),(#4098,#4099),(#4100,#4101),(#4102,#4103),(#4104,#4105),(#4106,#4107)),
 .SURF_OF_LINEAR_EXTRUSION.,.F.,.F.,.F.,(6,2,6),(2,2),(0.,0.5,1.),(0.,1.),
 .UNSPECIFIED.);
#28=B_SPLINE_SURFACE_WITH_KNOTS('',5,1,((#4113,#4114),(#4115,#4116),(#4117,
#4118),(#4119,#4120),(#4121,#4122),(#4123,#4124),(#4125,#4126),(#4127,#4128)),
 .SURF_OF_LINEAR_EXTRUSION.,.F.,.F.,.F.,(6,2,6),(2,2),(0.,0.5,1.),(0.,1.),
 .UNSPECIFIED.);
#29=B_SPLINE_SURFACE_WITH_KNOTS('',3,3,((#4134,#4135,#4136,#4137,#4138,
#4139,#4140),(#4141,#4142,#4143,#4144,#4145,#4146,#4147),(#4148,#4149,#4150,
#4151,#4152,#4153,#4154),(#4155,#4156,#4157,#4158,#4159,#4160,#4161),(#4162,
#4163,#4164,#4165,#4166,#4167,#4168),(#4169,#4170,#4171,#4172,#4173,#4174,
#4175),(#4176,#4177,#4178,#4179,#4180,#4181,#4182),(#4183,#4184,#4185,#4186,
#4187,#4188,#4189),(#4190,#4191,#4192,#4193,#4194,#4195,#4196),(#4197,#4198,
#4199,#4200,#4201,#4202,#4203),(#4204,#4205,#4206,#4207,#4208,#4209,#4210),
(#4211,#4212,#4213,#4214,#4215,#4216,#4217),(#4218,#4219,#4220,#4221,#4222,
#4223,#4224),(#4225,#4226,#4227,#4228,#4229,#4230,#4231),(#4232,#4233,#4234,
#4235,#4236,#4237,#4238),(#4239,#4240,#4241,#4242,#4243,#4244,#4245),(#4246,
#4247,#4248,#4249,#4250,#4251,#4252),(#4253,#4254,#4255,#4256,#4257,#4258,
#4259)),.UNSPECIFIED.,.F.,.F.,.F.,(4,2,2,2,2,2,2,2,4),(4,1,1,1,4),(0.,0.125,
0.25,0.375,0.5,0.625,0.75,0.875,1.),(4.71238898038469,5.49778714378214,
6.28318530717958,7.06858347057703,7.85398163397448),.UNSPECIFIED.);
#30=CIRCLE('',#1356,0.001);
#31=CIRCLE('',#1357,0.001);
#32=CIRCLE('',#1359,0.001);
#33=CIRCLE('',#1360,0.001);
#34=CIRCLE('',#1362,0.0015);
#35=CIRCLE('',#1363,0.0015);
#36=CIRCLE('',#1366,0.0015);
#37=CIRCLE('',#1369,0.0015);
#38=CIRCLE('',#1373,0.0015445273064865);
#39=CIRCLE('',#1380,0.0015445273064865);
#40=CIRCLE('',#1386,0.0015445273064865);
#41=CIRCLE('',#1392,0.0015445273064865);
#42=CIRCLE('',#1396,0.00315);
#43=CIRCLE('',#1397,0.00315);
#44=CIRCLE('',#1398,0.00315);
#45=CIRCLE('',#1399,0.00315);
#46=CIRCLE('',#1411,0.00315);
#47=CIRCLE('',#1414,0.00315);
#48=CIRCLE('',#1418,0.00315);
#49=CIRCLE('',#1421,0.00315);
#50=CIRCLE('',#1432,0.002);
#51=CIRCLE('',#1435,0.002);
#52=CYLINDRICAL_SURFACE('',#1355,0.001);
#53=CYLINDRICAL_SURFACE('',#1358,0.001);
#54=CYLINDRICAL_SURFACE('',#1365,0.0015);
#55=CYLINDRICAL_SURFACE('',#1368,0.0015);
#56=CYLINDRICAL_SURFACE('',#1375,0.0015445273064865);
#57=CYLINDRICAL_SURFACE('',#1382,0.0015445273064865);
#58=CYLINDRICAL_SURFACE('',#1388,0.0015445273064865);
#59=CYLINDRICAL_SURFACE('',#1394,0.0015445273064865);
#60=CYLINDRICAL_SURFACE('',#1410,0.00315);
#61=CYLINDRICAL_SURFACE('',#1413,0.00315);
#62=CYLINDRICAL_SURFACE('',#1417,0.00315);
#63=CYLINDRICAL_SURFACE('',#1420,0.00315);
#64=CYLINDRICAL_SURFACE('',#1427,0.0025);
#65=CYLINDRICAL_SURFACE('',#1429,0.0025);
#66=CYLINDRICAL_SURFACE('',#1433,0.002);
#67=CYLINDRICAL_SURFACE('',#1434,0.002);
#68=LINE('',#1768,#171);
#69=LINE('',#1771,#172);
#70=LINE('',#1773,#173);
#71=LINE('',#1775,#174);
#72=LINE('',#1787,#175);
#73=LINE('',#1790,#176);
#74=LINE('',#1792,#177);
#75=LINE('',#1794,#178);
#76=LINE('',#1795,#179);
#77=LINE('',#1800,#180);
#78=LINE('',#1804,#181);
#79=LINE('',#1807,#182);
#80=LINE('',#1808,#183);
#81=LINE('',#1812,#184);
#82=LINE('',#1814,#185);
#83=LINE('',#1816,#186);
#84=LINE('',#1820,#187);
#85=LINE('',#1823,#188);
#86=LINE('',#1825,#189);
#87=LINE('',#1827,#190);
#88=LINE('',#1829,#191);
#89=LINE('',#1831,#192);
#90=LINE('',#1833,#193);
#91=LINE('',#1837,#194);
#92=LINE('',#1839,#195);
#93=LINE('',#1861,#196);
#94=LINE('',#1863,#197);
#95=LINE('',#2076,#198);
#96=LINE('',#2078,#199);
#97=LINE('',#2080,#200);
#98=LINE('',#2082,#201);
#99=LINE('',#2084,#202);
#100=LINE('',#2086,#203);
#101=LINE('',#2088,#204);
#102=LINE('',#2090,#205);
#103=LINE('',#2092,#206);
#104=LINE('',#2093,#207);
#105=LINE('',#2095,#208);
#106=LINE('',#2097,#209);
#107=LINE('',#2099,#210);
#108=LINE('',#2101,#211);
#109=LINE('',#2103,#212);
#110=LINE('',#2105,#213);
#111=LINE('',#2109,#214);
#112=LINE('',#2131,#215);
#113=LINE('',#2344,#216);
#114=LINE('',#2347,#217);
#115=LINE('',#2349,#218);
#116=LINE('',#2351,#219);
#117=LINE('',#2353,#220);
#118=LINE('',#2355,#221);
#119=LINE('',#2357,#222);
#120=LINE('',#2361,#223);
#121=LINE('',#2363,#224);
#122=LINE('',#2385,#225);
#123=LINE('',#2387,#226);
#124=LINE('',#2600,#227);
#125=LINE('',#2603,#228);
#126=LINE('',#2605,#229);
#127=LINE('',#2607,#230);
#128=LINE('',#2609,#231);
#129=LINE('',#2611,#232);
#130=LINE('',#2613,#233);
#131=LINE('',#2617,#234);
#132=LINE('',#2619,#235);
#133=LINE('',#2641,#236);
#134=LINE('',#2643,#237);
#135=LINE('',#2856,#238);
#136=LINE('',#2859,#239);
#137=LINE('',#2861,#240);
#138=LINE('',#2863,#241);
#139=LINE('',#2873,#242);
#140=LINE('',#2875,#243);
#141=LINE('',#2877,#244);
#142=LINE('',#2878,#245);
#143=LINE('',#2879,#246);
#144=LINE('',#2881,#247);
#145=LINE('',#2883,#248);
#146=LINE('',#2885,#249);
#147=LINE('',#2887,#250);
#148=LINE('',#2889,#251);
#149=LINE('',#2891,#252);
#150=LINE('',#2893,#253);
#151=LINE('',#2894,#254);
#152=LINE('',#2896,#255);
#153=LINE('',#2897,#256);
#154=LINE('',#2919,#257);
#155=LINE('',#2921,#258);
#156=LINE('',#2943,#259);
#157=LINE('',#2945,#260);
#158=LINE('',#2947,#261);
#159=LINE('',#2948,#262);
#160=LINE('',#3000,#263);
#161=LINE('',#3002,#264);
#162=LINE('',#3004,#265);
#163=LINE('',#3038,#266);
#164=LINE('',#3066,#267);
#165=LINE('',#3067,#268);
#166=LINE('',#3116,#269);
#167=LINE('',#3147,#270);
#168=LINE('',#3158,#271);
#169=LINE('',#3168,#272);
#170=LINE('',#3180,#273);
#171=VECTOR('',#1441,1.);
#172=VECTOR('',#1442,1.);
#173=VECTOR('',#1443,1.);
#174=VECTOR('',#1444,1.);
#175=VECTOR('',#1459,1.);
#176=VECTOR('',#1460,1.);
#177=VECTOR('',#1461,1.);
#178=VECTOR('',#1462,1.);
#179=VECTOR('',#1463,1.);
#180=VECTOR('',#1466,1.);
#181=VECTOR('',#1471,1.);
#182=VECTOR('',#1472,1.);
#183=VECTOR('',#1473,1.);
#184=VECTOR('',#1478,1.);
#185=VECTOR('',#1481,1.);
#186=VECTOR('',#1482,1.);
#187=VECTOR('',#1489,1.);
#188=VECTOR('',#1490,1.);
#189=VECTOR('',#1491,1.);
#190=VECTOR('',#1492,1.);
#191=VECTOR('',#1495,1.);
#192=VECTOR('',#1496,1.);
#193=VECTOR('',#1497,1.);
#194=VECTOR('',#1502,1.);
#195=VECTOR('',#1503,1.);
#196=VECTOR('',#1506,1.);
#197=VECTOR('',#1507,1.);
#198=VECTOR('',#1512,1.);
#199=VECTOR('',#1513,1.);
#200=VECTOR('',#1514,1.);
#201=VECTOR('',#1515,1.);
#202=VECTOR('',#1516,1.);
#203=VECTOR('',#1517,1.);
#204=VECTOR('',#1518,1.);
#205=VECTOR('',#1519,1.);
#206=VECTOR('',#1520,1.);
#207=VECTOR('',#1521,1.);
#208=VECTOR('',#1524,1.);
#209=VECTOR('',#1525,1.);
#210=VECTOR('',#1526,1.);
#211=VECTOR('',#1529,1.);
#212=VECTOR('',#1530,1.);
#213=VECTOR('',#1531,1.);
#214=VECTOR('',#1536,1.);
#215=VECTOR('',#1539,1.);
#216=VECTOR('',#1544,1.);
#217=VECTOR('',#1545,1.);
#218=VECTOR('',#1546,1.);
#219=VECTOR('',#1547,1.);
#220=VECTOR('',#1550,1.);
#221=VECTOR('',#1551,1.);
#222=VECTOR('',#1552,1.);
#223=VECTOR('',#1557,1.);
#224=VECTOR('',#1558,1.);
#225=VECTOR('',#1561,1.);
#226=VECTOR('',#1562,1.);
#227=VECTOR('',#1567,1.);
#228=VECTOR('',#1568,1.);
#229=VECTOR('',#1569,1.);
#230=VECTOR('',#1570,1.);
#231=VECTOR('',#1573,1.);
#232=VECTOR('',#1574,1.);
#233=VECTOR('',#1575,1.);
#234=VECTOR('',#1580,1.);
#235=VECTOR('',#1581,1.);
#236=VECTOR('',#1584,1.);
#237=VECTOR('',#1585,1.);
#238=VECTOR('',#1590,1.);
#239=VECTOR('',#1591,1.);
#240=VECTOR('',#1592,1.);
#241=VECTOR('',#1593,1.);
#242=VECTOR('',#1604,1.);
#243=VECTOR('',#1605,1.);
#244=VECTOR('',#1606,1.);
#245=VECTOR('',#1607,1.);
#246=VECTOR('',#1608,1.);
#247=VECTOR('',#1609,1.);
#248=VECTOR('',#1610,1.);
#249=VECTOR('',#1613,1.);
#250=VECTOR('',#1614,1.);
#251=VECTOR('',#1615,1.);
#252=VECTOR('',#1616,1.);
#253=VECTOR('',#1617,1.);
#254=VECTOR('',#1618,1.);
#255=VECTOR('',#1621,1.);
#256=VECTOR('',#1622,1.);
#257=VECTOR('',#1623,1.);
#258=VECTOR('',#1626,1.);
#259=VECTOR('',#1627,1.);
#260=VECTOR('',#1630,1.);
#261=VECTOR('',#1631,1.);
#262=VECTOR('',#1632,1.);
#263=VECTOR('',#1637,1.);
#264=VECTOR('',#1640,1.);
#265=VECTOR('',#1643,1.);
#266=VECTOR('',#1660,1.);
#267=VECTOR('',#1661,1.);
#268=VECTOR('',#1662,1.);
#269=VECTOR('',#1677,1.);
#270=VECTOR('',#1686,1.);
#271=VECTOR('',#1687,1.);
#272=VECTOR('',#1690,1.);
#273=VECTOR('',#1693,1.);
#274=ORIENTED_EDGE('',*,*,#630,.T.);
#275=ORIENTED_EDGE('',*,*,#631,.T.);
#276=ORIENTED_EDGE('',*,*,#632,.T.);
#277=ORIENTED_EDGE('',*,*,#633,.T.);
#278=ORIENTED_EDGE('',*,*,#634,.T.);
#279=ORIENTED_EDGE('',*,*,#635,.T.);
#280=ORIENTED_EDGE('',*,*,#636,.T.);
#281=ORIENTED_EDGE('',*,*,#637,.T.);
#282=ORIENTED_EDGE('',*,*,#638,.T.);
#283=ORIENTED_EDGE('',*,*,#639,.T.);
#284=ORIENTED_EDGE('',*,*,#640,.F.);
#285=ORIENTED_EDGE('',*,*,#641,.T.);
#286=ORIENTED_EDGE('',*,*,#642,.F.);
#287=ORIENTED_EDGE('',*,*,#643,.T.);
#288=ORIENTED_EDGE('',*,*,#644,.T.);
#289=ORIENTED_EDGE('',*,*,#645,.F.);
#290=ORIENTED_EDGE('',*,*,#646,.F.);
#291=ORIENTED_EDGE('',*,*,#647,.T.);
#292=ORIENTED_EDGE('',*,*,#648,.F.);
#293=ORIENTED_EDGE('',*,*,#649,.T.);
#294=ORIENTED_EDGE('',*,*,#650,.F.);
#295=ORIENTED_EDGE('',*,*,#651,.F.);
#296=ORIENTED_EDGE('',*,*,#652,.T.);
#297=ORIENTED_EDGE('',*,*,#653,.F.);
#298=ORIENTED_EDGE('',*,*,#642,.T.);
#299=ORIENTED_EDGE('',*,*,#644,.F.);
#300=ORIENTED_EDGE('',*,*,#654,.F.);
#301=ORIENTED_EDGE('',*,*,#655,.F.);
#302=ORIENTED_EDGE('',*,*,#650,.T.);
#303=ORIENTED_EDGE('',*,*,#656,.T.);
#304=ORIENTED_EDGE('',*,*,#657,.F.);
#305=ORIENTED_EDGE('',*,*,#658,.F.);
#306=ORIENTED_EDGE('',*,*,#651,.T.);
#307=ORIENTED_EDGE('',*,*,#655,.T.);
#308=ORIENTED_EDGE('',*,*,#658,.T.);
#309=ORIENTED_EDGE('',*,*,#659,.T.);
#310=ORIENTED_EDGE('',*,*,#660,.F.);
#311=ORIENTED_EDGE('',*,*,#652,.F.);
#312=ORIENTED_EDGE('',*,*,#661,.F.);
#313=ORIENTED_EDGE('',*,*,#656,.F.);
#314=ORIENTED_EDGE('',*,*,#653,.T.);
#315=ORIENTED_EDGE('',*,*,#660,.T.);
#316=ORIENTED_EDGE('',*,*,#662,.F.);
#317=ORIENTED_EDGE('',*,*,#663,.F.);
#318=ORIENTED_EDGE('',*,*,#664,.T.);
#319=ORIENTED_EDGE('',*,*,#665,.T.);
#320=ORIENTED_EDGE('',*,*,#666,.T.);
#321=ORIENTED_EDGE('',*,*,#665,.F.);
#322=ORIENTED_EDGE('',*,*,#667,.F.);
#323=ORIENTED_EDGE('',*,*,#668,.T.);
#324=ORIENTED_EDGE('',*,*,#669,.T.);
#325=ORIENTED_EDGE('',*,*,#664,.F.);
#326=ORIENTED_EDGE('',*,*,#670,.T.);
#327=ORIENTED_EDGE('',*,*,#671,.F.);
#328=ORIENTED_EDGE('',*,*,#667,.T.);
#329=ORIENTED_EDGE('',*,*,#672,.T.);
#330=ORIENTED_EDGE('',*,*,#662,.T.);
#331=ORIENTED_EDGE('',*,*,#666,.F.);
#332=ORIENTED_EDGE('',*,*,#673,.T.);
#333=ORIENTED_EDGE('',*,*,#674,.F.);
#334=ORIENTED_EDGE('',*,*,#675,.T.);
#335=ORIENTED_EDGE('',*,*,#669,.F.);
#336=ORIENTED_EDGE('',*,*,#672,.F.);
#337=ORIENTED_EDGE('',*,*,#675,.F.);
#338=ORIENTED_EDGE('',*,*,#663,.T.);
#339=ORIENTED_EDGE('',*,*,#674,.T.);
#340=ORIENTED_EDGE('',*,*,#676,.T.);
#341=ORIENTED_EDGE('',*,*,#677,.F.);
#342=ORIENTED_EDGE('',*,*,#678,.F.);
#343=ORIENTED_EDGE('',*,*,#679,.T.);
#344=ORIENTED_EDGE('',*,*,#680,.F.);
#345=ORIENTED_EDGE('',*,*,#681,.F.);
#346=ORIENTED_EDGE('',*,*,#682,.F.);
#347=ORIENTED_EDGE('',*,*,#683,.F.);
#348=ORIENTED_EDGE('',*,*,#684,.F.);
#349=ORIENTED_EDGE('',*,*,#649,.F.);
#350=ORIENTED_EDGE('',*,*,#685,.T.);
#351=ORIENTED_EDGE('',*,*,#670,.F.);
#352=ORIENTED_EDGE('',*,*,#686,.T.);
#353=ORIENTED_EDGE('',*,*,#687,.F.);
#354=ORIENTED_EDGE('',*,*,#688,.F.);
#355=ORIENTED_EDGE('',*,*,#680,.T.);
#356=ORIENTED_EDGE('',*,*,#689,.F.);
#357=ORIENTED_EDGE('',*,*,#690,.F.);
#358=ORIENTED_EDGE('',*,*,#691,.T.);
#359=ORIENTED_EDGE('',*,*,#687,.T.);
#360=ORIENTED_EDGE('',*,*,#692,.T.);
#361=ORIENTED_EDGE('',*,*,#681,.T.);
#362=ORIENTED_EDGE('',*,*,#688,.T.);
#363=ORIENTED_EDGE('',*,*,#691,.F.);
#364=ORIENTED_EDGE('',*,*,#693,.T.);
#365=ORIENTED_EDGE('',*,*,#694,.T.);
#366=ORIENTED_EDGE('',*,*,#679,.F.);
#367=ORIENTED_EDGE('',*,*,#695,.F.);
#368=ORIENTED_EDGE('',*,*,#689,.T.);
#369=ORIENTED_EDGE('',*,*,#686,.F.);
#370=ORIENTED_EDGE('',*,*,#696,.T.);
#371=ORIENTED_EDGE('',*,*,#692,.F.);
#372=ORIENTED_EDGE('',*,*,#696,.F.);
#373=ORIENTED_EDGE('',*,*,#694,.F.);
#374=ORIENTED_EDGE('',*,*,#697,.F.);
#375=ORIENTED_EDGE('',*,*,#698,.F.);
#376=ORIENTED_EDGE('',*,*,#699,.T.);
#377=ORIENTED_EDGE('',*,*,#700,.T.);
#378=ORIENTED_EDGE('',*,*,#701,.T.);
#379=ORIENTED_EDGE('',*,*,#700,.F.);
#380=ORIENTED_EDGE('',*,*,#702,.F.);
#381=ORIENTED_EDGE('',*,*,#703,.T.);
#382=ORIENTED_EDGE('',*,*,#704,.T.);
#383=ORIENTED_EDGE('',*,*,#699,.F.);
#384=ORIENTED_EDGE('',*,*,#705,.F.);
#385=ORIENTED_EDGE('',*,*,#706,.T.);
#386=ORIENTED_EDGE('',*,*,#702,.T.);
#387=ORIENTED_EDGE('',*,*,#707,.T.);
#388=ORIENTED_EDGE('',*,*,#697,.T.);
#389=ORIENTED_EDGE('',*,*,#701,.F.);
#390=ORIENTED_EDGE('',*,*,#708,.F.);
#391=ORIENTED_EDGE('',*,*,#709,.T.);
#392=ORIENTED_EDGE('',*,*,#710,.T.);
#393=ORIENTED_EDGE('',*,*,#704,.F.);
#394=ORIENTED_EDGE('',*,*,#707,.F.);
#395=ORIENTED_EDGE('',*,*,#710,.F.);
#396=ORIENTED_EDGE('',*,*,#711,.T.);
#397=ORIENTED_EDGE('',*,*,#712,.F.);
#398=ORIENTED_EDGE('',*,*,#713,.F.);
#399=ORIENTED_EDGE('',*,*,#714,.T.);
#400=ORIENTED_EDGE('',*,*,#715,.F.);
#401=ORIENTED_EDGE('',*,*,#716,.F.);
#402=ORIENTED_EDGE('',*,*,#717,.T.);
#403=ORIENTED_EDGE('',*,*,#712,.T.);
#404=ORIENTED_EDGE('',*,*,#718,.T.);
#405=ORIENTED_EDGE('',*,*,#719,.F.);
#406=ORIENTED_EDGE('',*,*,#713,.T.);
#407=ORIENTED_EDGE('',*,*,#717,.F.);
#408=ORIENTED_EDGE('',*,*,#720,.F.);
#409=ORIENTED_EDGE('',*,*,#721,.T.);
#410=ORIENTED_EDGE('',*,*,#722,.T.);
#411=ORIENTED_EDGE('',*,*,#723,.T.);
#412=ORIENTED_EDGE('',*,*,#715,.T.);
#413=ORIENTED_EDGE('',*,*,#711,.F.);
#414=ORIENTED_EDGE('',*,*,#724,.T.);
#415=ORIENTED_EDGE('',*,*,#718,.F.);
#416=ORIENTED_EDGE('',*,*,#724,.F.);
#417=ORIENTED_EDGE('',*,*,#721,.F.);
#418=ORIENTED_EDGE('',*,*,#725,.T.);
#419=ORIENTED_EDGE('',*,*,#726,.F.);
#420=ORIENTED_EDGE('',*,*,#727,.T.);
#421=ORIENTED_EDGE('',*,*,#728,.T.);
#422=ORIENTED_EDGE('',*,*,#729,.F.);
#423=ORIENTED_EDGE('',*,*,#730,.F.);
#424=ORIENTED_EDGE('',*,*,#731,.T.);
#425=ORIENTED_EDGE('',*,*,#732,.T.);
#426=ORIENTED_EDGE('',*,*,#709,.F.);
#427=ORIENTED_EDGE('',*,*,#733,.T.);
#428=ORIENTED_EDGE('',*,*,#734,.T.);
#429=ORIENTED_EDGE('',*,*,#735,.F.);
#430=ORIENTED_EDGE('',*,*,#722,.F.);
#431=ORIENTED_EDGE('',*,*,#714,.F.);
#432=ORIENTED_EDGE('',*,*,#719,.T.);
#433=ORIENTED_EDGE('',*,*,#736,.F.);
#434=ORIENTED_EDGE('',*,*,#647,.F.);
#435=ORIENTED_EDGE('',*,*,#737,.T.);
#436=ORIENTED_EDGE('',*,*,#738,.T.);
#437=ORIENTED_EDGE('',*,*,#739,.T.);
#438=ORIENTED_EDGE('',*,*,#705,.T.);
#439=ORIENTED_EDGE('',*,*,#698,.T.);
#440=ORIENTED_EDGE('',*,*,#734,.F.);
#441=ORIENTED_EDGE('',*,*,#740,.F.);
#442=ORIENTED_EDGE('',*,*,#741,.T.);
#443=ORIENTED_EDGE('',*,*,#742,.T.);
#444=ORIENTED_EDGE('',*,*,#743,.F.);
#445=ORIENTED_EDGE('',*,*,#744,.T.);
#446=ORIENTED_EDGE('',*,*,#677,.T.);
#447=ORIENTED_EDGE('',*,*,#745,.F.);
#448=ORIENTED_EDGE('',*,*,#740,.T.);
#449=ORIENTED_EDGE('',*,*,#746,.F.);
#450=ORIENTED_EDGE('',*,*,#744,.F.);
#451=ORIENTED_EDGE('',*,*,#747,.F.);
#452=ORIENTED_EDGE('',*,*,#748,.F.);
#453=ORIENTED_EDGE('',*,*,#749,.F.);
#454=ORIENTED_EDGE('',*,*,#750,.T.);
#455=ORIENTED_EDGE('',*,*,#751,.T.);
#456=ORIENTED_EDGE('',*,*,#752,.T.);
#457=ORIENTED_EDGE('',*,*,#753,.T.);
#458=ORIENTED_EDGE('',*,*,#754,.T.);
#459=ORIENTED_EDGE('',*,*,#755,.T.);
#460=ORIENTED_EDGE('',*,*,#756,.F.);
#461=ORIENTED_EDGE('',*,*,#757,.F.);
#462=ORIENTED_EDGE('',*,*,#758,.F.);
#463=ORIENTED_EDGE('',*,*,#725,.F.);
#464=ORIENTED_EDGE('',*,*,#728,.F.);
#465=ORIENTED_EDGE('',*,*,#759,.T.);
#466=ORIENTED_EDGE('',*,*,#760,.F.);
#467=ORIENTED_EDGE('',*,*,#641,.F.);
#468=ORIENTED_EDGE('',*,*,#761,.F.);
#469=ORIENTED_EDGE('',*,*,#741,.F.);
#470=ORIENTED_EDGE('',*,*,#752,.F.);
#471=ORIENTED_EDGE('',*,*,#762,.T.);
#472=ORIENTED_EDGE('',*,*,#753,.F.);
#473=ORIENTED_EDGE('',*,*,#762,.F.);
#474=ORIENTED_EDGE('',*,*,#751,.F.);
#475=ORIENTED_EDGE('',*,*,#763,.F.);
#476=ORIENTED_EDGE('',*,*,#754,.F.);
#477=ORIENTED_EDGE('',*,*,#673,.F.);
#478=ORIENTED_EDGE('',*,*,#668,.F.);
#479=ORIENTED_EDGE('',*,*,#671,.T.);
#480=ORIENTED_EDGE('',*,*,#685,.F.);
#481=ORIENTED_EDGE('',*,*,#648,.T.);
#482=ORIENTED_EDGE('',*,*,#736,.T.);
#483=ORIENTED_EDGE('',*,*,#720,.T.);
#484=ORIENTED_EDGE('',*,*,#716,.T.);
#485=ORIENTED_EDGE('',*,*,#723,.F.);
#486=ORIENTED_EDGE('',*,*,#735,.T.);
#487=ORIENTED_EDGE('',*,*,#745,.T.);
#488=ORIENTED_EDGE('',*,*,#676,.F.);
#489=ORIENTED_EDGE('',*,*,#737,.F.);
#490=ORIENTED_EDGE('',*,*,#646,.T.);
#491=ORIENTED_EDGE('',*,*,#684,.T.);
#492=ORIENTED_EDGE('',*,*,#764,.T.);
#493=ORIENTED_EDGE('',*,*,#690,.T.);
#494=ORIENTED_EDGE('',*,*,#695,.T.);
#495=ORIENTED_EDGE('',*,*,#678,.T.);
#496=ORIENTED_EDGE('',*,*,#746,.T.);
#497=ORIENTED_EDGE('',*,*,#733,.F.);
#498=ORIENTED_EDGE('',*,*,#708,.T.);
#499=ORIENTED_EDGE('',*,*,#703,.F.);
#500=ORIENTED_EDGE('',*,*,#765,.F.);
#501=ORIENTED_EDGE('',*,*,#739,.F.);
#502=ORIENTED_EDGE('',*,*,#766,.F.);
#503=ORIENTED_EDGE('',*,*,#682,.T.);
#504=ORIENTED_EDGE('',*,*,#693,.F.);
#505=ORIENTED_EDGE('',*,*,#765,.T.);
#506=ORIENTED_EDGE('',*,*,#706,.F.);
#507=ORIENTED_EDGE('',*,*,#738,.F.);
#508=ORIENTED_EDGE('',*,*,#764,.F.);
#509=ORIENTED_EDGE('',*,*,#683,.T.);
#510=ORIENTED_EDGE('',*,*,#766,.T.);
#511=ORIENTED_EDGE('',*,*,#767,.F.);
#512=ORIENTED_EDGE('',*,*,#755,.F.);
#513=ORIENTED_EDGE('',*,*,#763,.T.);
#514=ORIENTED_EDGE('',*,*,#750,.F.);
#515=ORIENTED_EDGE('',*,*,#768,.F.);
#516=ORIENTED_EDGE('',*,*,#729,.T.);
#517=ORIENTED_EDGE('',*,*,#768,.T.);
#518=ORIENTED_EDGE('',*,*,#769,.F.);
#519=ORIENTED_EDGE('',*,*,#730,.T.);
#520=ORIENTED_EDGE('',*,*,#769,.T.);
#521=ORIENTED_EDGE('',*,*,#770,.T.);
#522=ORIENTED_EDGE('',*,*,#726,.T.);
#523=ORIENTED_EDGE('',*,*,#758,.T.);
#524=ORIENTED_EDGE('',*,*,#771,.F.);
#525=ORIENTED_EDGE('',*,*,#747,.T.);
#526=ORIENTED_EDGE('',*,*,#743,.T.);
#527=ORIENTED_EDGE('',*,*,#772,.T.);
#528=ORIENTED_EDGE('',*,*,#639,.F.);
#529=ORIENTED_EDGE('',*,*,#773,.T.);
#530=ORIENTED_EDGE('',*,*,#771,.T.);
#531=ORIENTED_EDGE('',*,*,#757,.T.);
#532=ORIENTED_EDGE('',*,*,#774,.T.);
#533=ORIENTED_EDGE('',*,*,#748,.T.);
#534=ORIENTED_EDGE('',*,*,#767,.T.);
#535=ORIENTED_EDGE('',*,*,#749,.T.);
#536=ORIENTED_EDGE('',*,*,#774,.F.);
#537=ORIENTED_EDGE('',*,*,#756,.T.);
#538=ORIENTED_EDGE('',*,*,#775,.T.);
#539=ORIENTED_EDGE('',*,*,#731,.F.);
#540=ORIENTED_EDGE('',*,*,#775,.F.);
#541=ORIENTED_EDGE('',*,*,#776,.T.);
#542=ORIENTED_EDGE('',*,*,#732,.F.);
#543=ORIENTED_EDGE('',*,*,#776,.F.);
#544=ORIENTED_EDGE('',*,*,#727,.F.);
#545=ORIENTED_EDGE('',*,*,#770,.F.);
#546=ORIENTED_EDGE('',*,*,#777,.F.);
#547=ORIENTED_EDGE('',*,*,#759,.F.);
#548=ORIENTED_EDGE('',*,*,#777,.T.);
#549=ORIENTED_EDGE('',*,*,#773,.F.);
#550=ORIENTED_EDGE('',*,*,#638,.F.);
#551=ORIENTED_EDGE('',*,*,#760,.T.);
#552=ORIENTED_EDGE('',*,*,#772,.F.);
#553=ORIENTED_EDGE('',*,*,#742,.F.);
#554=ORIENTED_EDGE('',*,*,#761,.T.);
#555=ORIENTED_EDGE('',*,*,#640,.T.);
#556=ORIENTED_EDGE('',*,*,#778,.T.);
#557=ORIENTED_EDGE('',*,*,#779,.T.);
#558=ORIENTED_EDGE('',*,*,#780,.T.);
#559=ORIENTED_EDGE('',*,*,#781,.T.);
#560=ORIENTED_EDGE('',*,*,#654,.T.);
#561=ORIENTED_EDGE('',*,*,#661,.T.);
#562=ORIENTED_EDGE('',*,*,#659,.F.);
#563=ORIENTED_EDGE('',*,*,#657,.T.);
#564=ORIENTED_EDGE('',*,*,#782,.F.);
#565=ORIENTED_EDGE('',*,*,#783,.T.);
#566=ORIENTED_EDGE('',*,*,#784,.T.);
#567=ORIENTED_EDGE('',*,*,#785,.T.);
#568=ORIENTED_EDGE('',*,*,#786,.F.);
#569=ORIENTED_EDGE('',*,*,#787,.T.);
#570=ORIENTED_EDGE('',*,*,#782,.T.);
#571=ORIENTED_EDGE('',*,*,#788,.T.);
#572=ORIENTED_EDGE('',*,*,#789,.F.);
#573=ORIENTED_EDGE('',*,*,#790,.T.);
#574=ORIENTED_EDGE('',*,*,#786,.T.);
#575=ORIENTED_EDGE('',*,*,#791,.T.);
#576=ORIENTED_EDGE('',*,*,#784,.F.);
#577=ORIENTED_EDGE('',*,*,#792,.T.);
#578=ORIENTED_EDGE('',*,*,#789,.T.);
#579=ORIENTED_EDGE('',*,*,#793,.T.);
#580=ORIENTED_EDGE('',*,*,#794,.T.);
#581=ORIENTED_EDGE('',*,*,#645,.T.);
#582=ORIENTED_EDGE('',*,*,#795,.T.);
#583=ORIENTED_EDGE('',*,*,#794,.F.);
#584=ORIENTED_EDGE('',*,*,#796,.T.);
#585=ORIENTED_EDGE('',*,*,#797,.T.);
#586=ORIENTED_EDGE('',*,*,#643,.F.);
#587=ORIENTED_EDGE('',*,*,#797,.F.);
#588=ORIENTED_EDGE('',*,*,#795,.F.);
#589=ORIENTED_EDGE('',*,*,#798,.F.);
#590=ORIENTED_EDGE('',*,*,#636,.F.);
#591=ORIENTED_EDGE('',*,*,#798,.T.);
#592=ORIENTED_EDGE('',*,*,#635,.F.);
#593=ORIENTED_EDGE('',*,*,#799,.F.);
#594=ORIENTED_EDGE('',*,*,#791,.F.);
#595=ORIENTED_EDGE('',*,*,#800,.F.);
#596=ORIENTED_EDGE('',*,*,#637,.F.);
#597=ORIENTED_EDGE('',*,*,#799,.T.);
#598=ORIENTED_EDGE('',*,*,#634,.F.);
#599=ORIENTED_EDGE('',*,*,#801,.F.);
#600=ORIENTED_EDGE('',*,*,#793,.F.);
#601=ORIENTED_EDGE('',*,*,#800,.T.);
#602=ORIENTED_EDGE('',*,*,#788,.F.);
#603=ORIENTED_EDGE('',*,*,#802,.F.);
#604=ORIENTED_EDGE('',*,*,#630,.F.);
#605=ORIENTED_EDGE('',*,*,#803,.F.);
#606=ORIENTED_EDGE('',*,*,#631,.F.);
#607=ORIENTED_EDGE('',*,*,#802,.T.);
#608=ORIENTED_EDGE('',*,*,#785,.F.);
#609=ORIENTED_EDGE('',*,*,#801,.T.);
#610=ORIENTED_EDGE('',*,*,#633,.F.);
#611=ORIENTED_EDGE('',*,*,#796,.F.);
#612=ORIENTED_EDGE('',*,*,#632,.F.);
#613=ORIENTED_EDGE('',*,*,#803,.T.);
#614=ORIENTED_EDGE('',*,*,#804,.F.);
#615=ORIENTED_EDGE('',*,*,#790,.F.);
#616=ORIENTED_EDGE('',*,*,#805,.F.);
#617=ORIENTED_EDGE('',*,*,#781,.F.);
#618=ORIENTED_EDGE('',*,*,#805,.T.);
#619=ORIENTED_EDGE('',*,*,#792,.F.);
#620=ORIENTED_EDGE('',*,*,#806,.F.);
#621=ORIENTED_EDGE('',*,*,#778,.F.);
#622=ORIENTED_EDGE('',*,*,#804,.T.);
#623=ORIENTED_EDGE('',*,*,#780,.F.);
#624=ORIENTED_EDGE('',*,*,#807,.F.);
#625=ORIENTED_EDGE('',*,*,#787,.F.);
#626=ORIENTED_EDGE('',*,*,#806,.T.);
#627=ORIENTED_EDGE('',*,*,#783,.F.);
#628=ORIENTED_EDGE('',*,*,#807,.T.);
#629=ORIENTED_EDGE('',*,*,#779,.F.);
#630=EDGE_CURVE('',#808,#809,#932,.T.);
#631=EDGE_CURVE('',#809,#810,#933,.T.);
#632=EDGE_CURVE('',#810,#811,#934,.T.);
#633=EDGE_CURVE('',#811,#812,#935,.T.);
#634=EDGE_CURVE('',#812,#813,#936,.T.);
#635=EDGE_CURVE('',#813,#814,#937,.T.);
#636=EDGE_CURVE('',#814,#815,#938,.T.);
#637=EDGE_CURVE('',#815,#808,#939,.T.);
#638=EDGE_CURVE('',#816,#817,#68,.T.);
#639=EDGE_CURVE('',#817,#818,#69,.T.);
#640=EDGE_CURVE('',#819,#818,#70,.T.);
#641=EDGE_CURVE('',#819,#816,#71,.T.);
#642=EDGE_CURVE('',#820,#820,#30,.T.);
#643=EDGE_CURVE('',#821,#821,#31,.T.);
#644=EDGE_CURVE('',#822,#822,#32,.F.);
#645=EDGE_CURVE('',#823,#823,#33,.F.);
#646=EDGE_CURVE('',#824,#825,#72,.T.);
#647=EDGE_CURVE('',#824,#826,#73,.T.);
#648=EDGE_CURVE('',#827,#826,#74,.T.);
#649=EDGE_CURVE('',#827,#825,#75,.T.);
#650=EDGE_CURVE('',#828,#829,#76,.T.);
#651=EDGE_CURVE('',#830,#828,#34,.F.);
#652=EDGE_CURVE('',#830,#831,#77,.T.);
#653=EDGE_CURVE('',#829,#831,#35,.F.);
#654=EDGE_CURVE('',#832,#833,#78,.T.);
#655=EDGE_CURVE('',#828,#832,#79,.T.);
#656=EDGE_CURVE('',#829,#833,#80,.T.);
#657=EDGE_CURVE('',#834,#832,#36,.F.);
#658=EDGE_CURVE('',#830,#834,#81,.T.);
#659=EDGE_CURVE('',#834,#835,#82,.T.);
#660=EDGE_CURVE('',#831,#835,#83,.T.);
#661=EDGE_CURVE('',#833,#835,#37,.F.);
#662=EDGE_CURVE('',#836,#837,#84,.T.);
#663=EDGE_CURVE('',#838,#836,#85,.T.);
#664=EDGE_CURVE('',#838,#839,#86,.T.);
#665=EDGE_CURVE('',#839,#837,#87,.T.);
#666=EDGE_CURVE('',#840,#837,#88,.T.);
#667=EDGE_CURVE('',#841,#839,#89,.T.);
#668=EDGE_CURVE('',#841,#840,#90,.T.);
#669=EDGE_CURVE('',#842,#842,#38,.F.);
#670=EDGE_CURVE('',#838,#843,#91,.T.);
#671=EDGE_CURVE('',#841,#843,#92,.T.);
#672=EDGE_CURVE('',#844,#844,#940,.T.);
#673=EDGE_CURVE('',#840,#845,#93,.T.);
#674=EDGE_CURVE('',#836,#845,#94,.T.);
#675=EDGE_CURVE('',#846,#846,#941,.T.);
#676=EDGE_CURVE('',#845,#847,#95,.T.);
#677=EDGE_CURVE('',#848,#847,#96,.T.);
#678=EDGE_CURVE('',#849,#848,#97,.T.);
#679=EDGE_CURVE('',#849,#850,#98,.T.);
#680=EDGE_CURVE('',#851,#850,#99,.T.);
#681=EDGE_CURVE('',#852,#851,#100,.T.);
#682=EDGE_CURVE('',#853,#852,#101,.T.);
#683=EDGE_CURVE('',#854,#853,#102,.T.);
#684=EDGE_CURVE('',#825,#854,#103,.T.);
#685=EDGE_CURVE('',#827,#843,#104,.T.);
#686=EDGE_CURVE('',#850,#855,#105,.T.);
#687=EDGE_CURVE('',#856,#855,#106,.T.);
#688=EDGE_CURVE('',#851,#856,#107,.T.);
#689=EDGE_CURVE('',#857,#855,#108,.T.);
#690=EDGE_CURVE('',#858,#857,#109,.T.);
#691=EDGE_CURVE('',#858,#856,#110,.T.);
#692=EDGE_CURVE('',#859,#859,#39,.F.);
#693=EDGE_CURVE('',#858,#852,#111,.T.);
#694=EDGE_CURVE('',#860,#860,#942,.T.);
#695=EDGE_CURVE('',#857,#849,#112,.T.);
#696=EDGE_CURVE('',#861,#861,#943,.T.);
#697=EDGE_CURVE('',#862,#863,#113,.T.);
#698=EDGE_CURVE('',#864,#862,#114,.T.);
#699=EDGE_CURVE('',#864,#865,#115,.T.);
#700=EDGE_CURVE('',#865,#863,#116,.T.);
#701=EDGE_CURVE('',#866,#863,#117,.T.);
#702=EDGE_CURVE('',#867,#865,#118,.T.);
#703=EDGE_CURVE('',#867,#866,#119,.T.);
#704=EDGE_CURVE('',#868,#868,#40,.F.);
#705=EDGE_CURVE('',#869,#864,#120,.T.);
#706=EDGE_CURVE('',#869,#867,#121,.T.);
#707=EDGE_CURVE('',#870,#870,#944,.T.);
#708=EDGE_CURVE('',#871,#866,#122,.T.);
#709=EDGE_CURVE('',#871,#862,#123,.T.);
#710=EDGE_CURVE('',#872,#872,#945,.T.);
#711=EDGE_CURVE('',#873,#874,#124,.T.);
#712=EDGE_CURVE('',#875,#874,#125,.T.);
#713=EDGE_CURVE('',#876,#875,#126,.T.);
#714=EDGE_CURVE('',#876,#873,#127,.T.);
#715=EDGE_CURVE('',#877,#874,#128,.T.);
#716=EDGE_CURVE('',#878,#877,#129,.T.);
#717=EDGE_CURVE('',#878,#875,#130,.T.);
#718=EDGE_CURVE('',#879,#879,#41,.F.);
#719=EDGE_CURVE('',#876,#880,#131,.T.);
#720=EDGE_CURVE('',#880,#878,#132,.T.);
#721=EDGE_CURVE('',#881,#881,#946,.T.);
#722=EDGE_CURVE('',#873,#882,#133,.T.);
#723=EDGE_CURVE('',#882,#877,#134,.T.);
#724=EDGE_CURVE('',#883,#883,#947,.T.);
#725=EDGE_CURVE('',#884,#885,#135,.T.);
#726=EDGE_CURVE('',#886,#885,#136,.T.);
#727=EDGE_CURVE('',#886,#887,#137,.T.);
#728=EDGE_CURVE('',#887,#884,#138,.T.);
#729=EDGE_CURVE('',#888,#888,#42,.T.);
#730=EDGE_CURVE('',#889,#889,#43,.T.);
#731=EDGE_CURVE('',#890,#890,#44,.T.);
#732=EDGE_CURVE('',#891,#891,#45,.T.);
#733=EDGE_CURVE('',#871,#892,#139,.T.);
#734=EDGE_CURVE('',#892,#893,#140,.T.);
#735=EDGE_CURVE('',#882,#893,#141,.T.);
#736=EDGE_CURVE('',#826,#880,#142,.T.);
#737=EDGE_CURVE('',#824,#894,#143,.T.);
#738=EDGE_CURVE('',#894,#895,#144,.T.);
#739=EDGE_CURVE('',#895,#869,#145,.T.);
#740=EDGE_CURVE('',#896,#892,#146,.T.);
#741=EDGE_CURVE('',#896,#897,#147,.T.);
#742=EDGE_CURVE('',#897,#898,#148,.T.);
#743=EDGE_CURVE('',#899,#898,#149,.T.);
#744=EDGE_CURVE('',#899,#848,#150,.T.);
#745=EDGE_CURVE('',#893,#847,#151,.T.);
#746=EDGE_CURVE('',#848,#892,#152,.T.);
#747=EDGE_CURVE('',#900,#899,#153,.T.);
#748=EDGE_CURVE('',#901,#900,#948,.T.);
#749=EDGE_CURVE('',#902,#901,#949,.T.);
#750=EDGE_CURVE('',#902,#903,#950,.T.);
#751=EDGE_CURVE('',#903,#904,#951,.T.);
#752=EDGE_CURVE('',#904,#896,#154,.T.);
#753=EDGE_CURVE('',#884,#905,#155,.T.);
#754=EDGE_CURVE('',#905,#906,#952,.T.);
#755=EDGE_CURVE('',#906,#907,#953,.T.);
#756=EDGE_CURVE('',#908,#907,#954,.T.);
#757=EDGE_CURVE('',#909,#908,#955,.T.);
#758=EDGE_CURVE('',#885,#909,#156,.T.);
#759=EDGE_CURVE('',#887,#910,#157,.T.);
#760=EDGE_CURVE('',#816,#910,#158,.T.);
#761=EDGE_CURVE('',#897,#819,#159,.T.);
#762=EDGE_CURVE('',#904,#905,#956,.T.);
#763=EDGE_CURVE('',#906,#903,#957,.F.);
#764=EDGE_CURVE('',#854,#894,#160,.T.);
#765=EDGE_CURVE('',#858,#867,#161,.T.);
#766=EDGE_CURVE('',#853,#895,#162,.T.);
#767=EDGE_CURVE('',#907,#902,#958,.F.);
#768=EDGE_CURVE('',#911,#911,#46,.T.);
#769=EDGE_CURVE('',#912,#912,#47,.T.);
#770=EDGE_CURVE('',#913,#886,#163,.T.);
#771=EDGE_CURVE('',#900,#909,#959,.T.);
#772=EDGE_CURVE('',#898,#818,#164,.T.);
#773=EDGE_CURVE('',#817,#913,#165,.T.);
#774=EDGE_CURVE('',#908,#901,#960,.T.);
#775=EDGE_CURVE('',#914,#914,#48,.T.);
#776=EDGE_CURVE('',#915,#915,#49,.T.);
#777=EDGE_CURVE('',#910,#913,#166,.T.);
#778=EDGE_CURVE('',#916,#917,#961,.T.);
#779=EDGE_CURVE('',#917,#918,#962,.T.);
#780=EDGE_CURVE('',#918,#919,#963,.T.);
#781=EDGE_CURVE('',#919,#916,#964,.T.);
#782=EDGE_CURVE('',#920,#921,#167,.T.);
#783=EDGE_CURVE('',#920,#922,#965,.T.);
#784=EDGE_CURVE('',#922,#923,#168,.T.);
#785=EDGE_CURVE('',#923,#921,#966,.T.);
#786=EDGE_CURVE('',#924,#925,#169,.T.);
#787=EDGE_CURVE('',#924,#920,#967,.T.);
#788=EDGE_CURVE('',#921,#925,#968,.T.);
#789=EDGE_CURVE('',#926,#927,#170,.T.);
#790=EDGE_CURVE('',#926,#924,#969,.T.);
#791=EDGE_CURVE('',#925,#927,#970,.T.);
#792=EDGE_CURVE('',#922,#926,#971,.T.);
#793=EDGE_CURVE('',#927,#923,#972,.T.);
#794=EDGE_CURVE('',#928,#928,#50,.T.);
#795=EDGE_CURVE('',#929,#929,#973,.T.);
#796=EDGE_CURVE('',#930,#930,#974,.T.);
#797=EDGE_CURVE('',#931,#931,#51,.T.);
#798=EDGE_CURVE('',#815,#814,#975,.F.);
#799=EDGE_CURVE('',#927,#813,#976,.T.);
#800=EDGE_CURVE('',#808,#925,#977,.T.);
#801=EDGE_CURVE('',#923,#812,#978,.F.);
#802=EDGE_CURVE('',#809,#921,#979,.F.);
#803=EDGE_CURVE('',#810,#811,#980,.F.);
#804=EDGE_CURVE('',#924,#919,#981,.T.);
#805=EDGE_CURVE('',#916,#926,#982,.T.);
#806=EDGE_CURVE('',#917,#922,#983,.F.);
#807=EDGE_CURVE('',#920,#918,#984,.F.);
#808=VERTEX_POINT('',#1714);
#809=VERTEX_POINT('',#1715);
#810=VERTEX_POINT('',#1721);
#811=VERTEX_POINT('',#1733);
#812=VERTEX_POINT('',#1739);
#813=VERTEX_POINT('',#1744);
#814=VERTEX_POINT('',#1750);
#815=VERTEX_POINT('',#1762);
#816=VERTEX_POINT('',#1769);
#817=VERTEX_POINT('',#1770);
#818=VERTEX_POINT('',#1772);
#819=VERTEX_POINT('',#1774);
#820=VERTEX_POINT('',#1778);
#821=VERTEX_POINT('',#1780);
#822=VERTEX_POINT('',#1783);
#823=VERTEX_POINT('',#1785);
#824=VERTEX_POINT('',#1788);
#825=VERTEX_POINT('',#1789);
#826=VERTEX_POINT('',#1791);
#827=VERTEX_POINT('',#1793);
#828=VERTEX_POINT('',#1796);
#829=VERTEX_POINT('',#1797);
#830=VERTEX_POINT('',#1799);
#831=VERTEX_POINT('',#1801);
#832=VERTEX_POINT('',#1805);
#833=VERTEX_POINT('',#1806);
#834=VERTEX_POINT('',#1811);
#835=VERTEX_POINT('',#1815);
#836=VERTEX_POINT('',#1821);
#837=VERTEX_POINT('',#1822);
#838=VERTEX_POINT('',#1824);
#839=VERTEX_POINT('',#1826);
#840=VERTEX_POINT('',#1830);
#841=VERTEX_POINT('',#1832);
#842=VERTEX_POINT('',#1836);
#843=VERTEX_POINT('',#1838);
#844=VERTEX_POINT('',#1860);
#845=VERTEX_POINT('',#1862);
#846=VERTEX_POINT('',#1876);
#847=VERTEX_POINT('',#2077);
#848=VERTEX_POINT('',#2079);
#849=VERTEX_POINT('',#2081);
#850=VERTEX_POINT('',#2083);
#851=VERTEX_POINT('',#2085);
#852=VERTEX_POINT('',#2087);
#853=VERTEX_POINT('',#2089);
#854=VERTEX_POINT('',#2091);
#855=VERTEX_POINT('',#2096);
#856=VERTEX_POINT('',#2098);
#857=VERTEX_POINT('',#2102);
#858=VERTEX_POINT('',#2104);
#859=VERTEX_POINT('',#2108);
#860=VERTEX_POINT('',#2130);
#861=VERTEX_POINT('',#2144);
#862=VERTEX_POINT('',#2345);
#863=VERTEX_POINT('',#2346);
#864=VERTEX_POINT('',#2348);
#865=VERTEX_POINT('',#2350);
#866=VERTEX_POINT('',#2354);
#867=VERTEX_POINT('',#2356);
#868=VERTEX_POINT('',#2360);
#869=VERTEX_POINT('',#2362);
#870=VERTEX_POINT('',#2384);
#871=VERTEX_POINT('',#2386);
#872=VERTEX_POINT('',#2400);
#873=VERTEX_POINT('',#2601);
#874=VERTEX_POINT('',#2602);
#875=VERTEX_POINT('',#2604);
#876=VERTEX_POINT('',#2606);
#877=VERTEX_POINT('',#2610);
#878=VERTEX_POINT('',#2612);
#879=VERTEX_POINT('',#2616);
#880=VERTEX_POINT('',#2618);
#881=VERTEX_POINT('',#2640);
#882=VERTEX_POINT('',#2642);
#883=VERTEX_POINT('',#2656);
#884=VERTEX_POINT('',#2857);
#885=VERTEX_POINT('',#2858);
#886=VERTEX_POINT('',#2860);
#887=VERTEX_POINT('',#2862);
#888=VERTEX_POINT('',#2865);
#889=VERTEX_POINT('',#2867);
#890=VERTEX_POINT('',#2869);
#891=VERTEX_POINT('',#2871);
#892=VERTEX_POINT('',#2874);
#893=VERTEX_POINT('',#2876);
#894=VERTEX_POINT('',#2880);
#895=VERTEX_POINT('',#2882);
#896=VERTEX_POINT('',#2886);
#897=VERTEX_POINT('',#2888);
#898=VERTEX_POINT('',#2890);
#899=VERTEX_POINT('',#2892);
#900=VERTEX_POINT('',#2898);
#901=VERTEX_POINT('',#2903);
#902=VERTEX_POINT('',#2908);
#903=VERTEX_POINT('',#2913);
#904=VERTEX_POINT('',#2918);
#905=VERTEX_POINT('',#2922);
#906=VERTEX_POINT('',#2927);
#907=VERTEX_POINT('',#2932);
#908=VERTEX_POINT('',#2937);
#909=VERTEX_POINT('',#2942);
#910=VERTEX_POINT('',#2946);
#911=VERTEX_POINT('',#3031);
#912=VERTEX_POINT('',#3035);
#913=VERTEX_POINT('',#3039);
#914=VERTEX_POINT('',#3109);
#915=VERTEX_POINT('',#3113);
#916=VERTEX_POINT('',#3124);
#917=VERTEX_POINT('',#3125);
#918=VERTEX_POINT('',#3133);
#919=VERTEX_POINT('',#3138);
#920=VERTEX_POINT('',#3148);
#921=VERTEX_POINT('',#3149);
#922=VERTEX_POINT('',#3157);
#923=VERTEX_POINT('',#3159);
#924=VERTEX_POINT('',#3169);
#925=VERTEX_POINT('',#3170);
#926=VERTEX_POINT('',#3181);
#927=VERTEX_POINT('',#3182);
#928=VERTEX_POINT('',#3208);
#929=VERTEX_POINT('',#3221);
#930=VERTEX_POINT('',#3234);
#931=VERTEX_POINT('',#3236);
#932=B_SPLINE_CURVE_WITH_KNOTS('',3,(#1710,#1711,#1712,#1713),
 .UNSPECIFIED.,.F.,.F.,(4,4),(0.,1.),.UNSPECIFIED.);
#933=B_SPLINE_CURVE_WITH_KNOTS('',3,(#1716,#1717,#1718,#1719,#1720),
 .UNSPECIFIED.,.F.,.F.,(4,1,4),(0.,0.376587214154077,0.753174428308154),
 .UNSPECIFIED.);
#934=B_SPLINE_CURVE_WITH_KNOTS('',3,(#1722,#1723,#1724,#1725,#1726,#1727,
#1728,#1729,#1730,#1731,#1732),.UNSPECIFIED.,.F.,.F.,(4,1,1,1,1,1,1,1,4),
(0.0746870982050312,0.181018842896734,0.287350587588437,0.393682332280141,
0.500014076971844,0.606345821663547,0.71267756635525,0.819009311046953,
0.925341055738656),.UNSPECIFIED.);
#935=B_SPLINE_CURVE_WITH_KNOTS('',3,(#1734,#1735,#1736,#1737,#1738),
 .UNSPECIFIED.,.F.,.F.,(4,1,4),(0.2468049313891,0.62340246569455,1.),
 .UNSPECIFIED.);
#936=B_SPLINE_CURVE_WITH_KNOTS('',3,(#1740,#1741,#1742,#1743),
 .UNSPECIFIED.,.F.,.F.,(4,4),(0.,1.),.UNSPECIFIED.);
#937=B_SPLINE_CURVE_WITH_KNOTS('',3,(#1745,#1746,#1747,#1748,#1749),
 .UNSPECIFIED.,.F.,.F.,(4,1,4),(0.,0.376599250923043,0.753198501846086),
 .UNSPECIFIED.);
#938=B_SPLINE_CURVE_WITH_KNOTS('',3,(#1751,#1752,#1753,#1754,#1755,#1756,
#1757,#1758,#1759,#1760,#1761),.UNSPECIFIED.,.F.,.F.,(4,1,1,1,1,1,1,1,4),
(0.0746888335941132,0.181020538018707,0.287352242443301,0.393683946867894,
0.500015651292488,0.606347355717082,0.712679060141676,0.819010764566269,
0.925342468990863),.UNSPECIFIED.);
#939=B_SPLINE_CURVE_WITH_KNOTS('',3,(#1763,#1764,#1765,#1766,#1767),
 .UNSPECIFIED.,.F.,.F.,(4,1,4),(0.246824860450531,0.623412430225265,1.),
 .UNSPECIFIED.);
#940=B_SPLINE_CURVE_WITH_KNOTS('',3,(#1841,#1842,#1843,#1844,#1845,#1846,
#1847,#1848,#1849,#1850,#1851,#1852,#1853,#1854,#1855,#1856,#1857,#1858,
#1859),.UNSPECIFIED.,.T.,.F.,(1,1,1,1,1,1,1,1,1,1,1,1,1,1,1,1,1,1,1,1,1,
1,1),(-0.190789473684211,-0.128289473684211,-0.0657894736842105,0.,0.059375,
0.12171875,0.1842109375,0.246710546875,0.30921052734375,0.371710526367187,
0.434210526318359,0.496710526315918,0.559210526315796,0.62171052631579,
0.684210526315789,0.746710526315789,0.809210526315789,0.871710526315789,
0.934210526315789,1.,1.059375,1.12171875,1.1842109375),.UNSPECIFIED.);
#941=B_SPLINE_CURVE_WITH_KNOTS('',3,(#1865,#1866,#1867,#1868,#1869,#1870,
#1871,#1872,#1873,#1874,#1875),.UNSPECIFIED.,.T.,.F.,(1,1,1,1,1,1,1,1,1,
1,1,1,1,1,1),(-0.375,-0.25,-0.125,0.,0.125,0.25,0.375,0.5,0.625,0.75,0.875,
1.,1.125,1.25,1.375),.UNSPECIFIED.);
#942=B_SPLINE_CURVE_WITH_KNOTS('',3,(#2111,#2112,#2113,#2114,#2115,#2116,
#2117,#2118,#2119,#2120,#2121,#2122,#2123,#2124,#2125,#2126,#2127,#2128,
#2129),.UNSPECIFIED.,.T.,.F.,(1,1,1,1,1,1,1,1,1,1,1,1,1,1,1,1,1,1,1,1,1,
1,1),(-0.190789473684211,-0.128289473684211,-0.0657894736842105,0.,0.059375,
0.12171875,0.1842109375,0.246710546875,0.30921052734375,0.371710526367187,
0.434210526318359,0.496710526315918,0.559210526315796,0.62171052631579,
0.684210526315789,0.746710526315789,0.809210526315789,0.871710526315789,
0.934210526315789,1.,1.059375,1.12171875,1.1842109375),.UNSPECIFIED.);
#943=B_SPLINE_CURVE_WITH_KNOTS('',3,(#2133,#2134,#2135,#2136,#2137,#2138,
#2139,#2140,#2141,#2142,#2143),.UNSPECIFIED.,.T.,.F.,(1,1,1,1,1,1,1,1,1,
1,1,1,1,1,1),(-0.375,-0.25,-0.125,0.,0.125,0.25,0.375,0.5,0.625,0.75,0.875,
1.,1.125,1.25,1.375),.UNSPECIFIED.);
#944=B_SPLINE_CURVE_WITH_KNOTS('',3,(#2365,#2366,#2367,#2368,#2369,#2370,
#2371,#2372,#2373,#2374,#2375,#2376,#2377,#2378,#2379,#2380,#2381,#2382,
#2383),.UNSPECIFIED.,.T.,.F.,(1,1,1,1,1,1,1,1,1,1,1,1,1,1,1,1,1,1,1,1,1,
1,1),(-0.190789473684211,-0.128289473684211,-0.0657894736842105,0.,0.059375,
0.12171875,0.1842109375,0.246710546875,0.30921052734375,0.371710526367187,
0.434210526318359,0.496710526315918,0.559210526315796,0.62171052631579,
0.684210526315789,0.746710526315789,0.809210526315789,0.871710526315789,
0.934210526315789,1.,1.059375,1.12171875,1.1842109375),.UNSPECIFIED.);
#945=B_SPLINE_CURVE_WITH_KNOTS('',3,(#2389,#2390,#2391,#2392,#2393,#2394,
#2395,#2396,#2397,#2398,#2399),.UNSPECIFIED.,.T.,.F.,(1,1,1,1,1,1,1,1,1,
1,1,1,1,1,1),(-0.375,-0.25,-0.125,0.,0.125,0.25,0.375,0.5,0.625,0.75,0.875,
1.,1.125,1.25,1.375),.UNSPECIFIED.);
#946=B_SPLINE_CURVE_WITH_KNOTS('',3,(#2621,#2622,#2623,#2624,#2625,#2626,
#2627,#2628,#2629,#2630,#2631,#2632,#2633,#2634,#2635,#2636,#2637,#2638,
#2639),.UNSPECIFIED.,.T.,.F.,(1,1,1,1,1,1,1,1,1,1,1,1,1,1,1,1,1,1,1,1,1,
1,1),(-0.190789473684211,-0.128289473684211,-0.0657894736842105,0.,0.059375,
0.12171875,0.1842109375,0.246710546875,0.30921052734375,0.371710526367187,
0.434210526318359,0.496710526315918,0.559210526315796,0.62171052631579,
0.684210526315789,0.746710526315789,0.809210526315789,0.871710526315789,
0.934210526315789,1.,1.059375,1.12171875,1.1842109375),.UNSPECIFIED.);
#947=B_SPLINE_CURVE_WITH_KNOTS('',3,(#2645,#2646,#2647,#2648,#2649,#2650,
#2651,#2652,#2653,#2654,#2655),.UNSPECIFIED.,.T.,.F.,(1,1,1,1,1,1,1,1,1,
1,1,1,1,1,1),(-0.375,-0.25,-0.125,0.,0.125,0.25,0.375,0.5,0.625,0.75,0.875,
1.,1.125,1.25,1.375),.UNSPECIFIED.);
#948=B_SPLINE_CURVE_WITH_KNOTS('',3,(#2899,#2900,#2901,#2902),
 .UNSPECIFIED.,.F.,.F.,(4,4),(0.,1.),.UNSPECIFIED.);
#949=B_SPLINE_CURVE_WITH_KNOTS('',3,(#2904,#2905,#2906,#2907),
 .UNSPECIFIED.,.F.,.F.,(4,4),(0.,1.),.UNSPECIFIED.);
#950=B_SPLINE_CURVE_WITH_KNOTS('',3,(#2909,#2910,#2911,#2912),
 .UNSPECIFIED.,.F.,.F.,(4,4),(0.,1.),.UNSPECIFIED.);
#951=B_SPLINE_CURVE_WITH_KNOTS('',3,(#2914,#2915,#2916,#2917),
 .UNSPECIFIED.,.F.,.F.,(4,4),(0.,1.),.UNSPECIFIED.);
#952=B_SPLINE_CURVE_WITH_KNOTS('',3,(#2923,#2924,#2925,#2926),
 .UNSPECIFIED.,.F.,.F.,(4,4),(0.,1.),.UNSPECIFIED.);
#953=B_SPLINE_CURVE_WITH_KNOTS('',3,(#2928,#2929,#2930,#2931),
 .UNSPECIFIED.,.F.,.F.,(4,4),(0.,1.),.UNSPECIFIED.);
#954=B_SPLINE_CURVE_WITH_KNOTS('',3,(#2933,#2934,#2935,#2936),
 .UNSPECIFIED.,.F.,.F.,(4,4),(0.,1.),.UNSPECIFIED.);
#955=B_SPLINE_CURVE_WITH_KNOTS('',3,(#2938,#2939,#2940,#2941),
 .UNSPECIFIED.,.F.,.F.,(4,4),(0.,1.),.UNSPECIFIED.);
#956=B_SPLINE_CURVE_WITH_KNOTS('',3,(#2949,#2950,#2951,#2952,#2953,#2954,
#2955,#2956,#2957,#2958,#2959,#2960,#2961,#2962,#2963,#2964,#2965,#2966,
#2967,#2968,#2969,#2970,#2971,#2972,#2973,#2974),.UNSPECIFIED.,.F.,.F.,
(4,1,1,1,1,1,1,1,1,1,1,1,1,1,1,1,1,1,1,1,1,1,1,4),(0.,0.0625,0.09375,0.125,
0.140625,0.15625,0.1875,0.25,0.28125,0.3125,0.375,0.5,0.5625,0.625,0.6875,
0.75,0.78125,0.8125,0.84375,0.875,0.890625,0.90625,0.9375,1.),
 .UNSPECIFIED.);
#957=B_SPLINE_CURVE_WITH_KNOTS('',3,(#2991,#2992,#2993,#2994,#2995,#2996,
#2997),.UNSPECIFIED.,.F.,.F.,(4,1,1,1,4),(0.,0.25,0.5,0.75,1.),
 .UNSPECIFIED.);
#958=B_SPLINE_CURVE_WITH_KNOTS('',3,(#3022,#3023,#3024,#3025,#3026,#3027,
#3028),.UNSPECIFIED.,.F.,.F.,(4,1,1,1,4),(0.,0.25,0.5,0.75,1.),
 .UNSPECIFIED.);
#959=B_SPLINE_CURVE_WITH_KNOTS('',3,(#3040,#3041,#3042,#3043,#3044,#3045,
#3046,#3047,#3048,#3049,#3050,#3051,#3052,#3053,#3054,#3055,#3056,#3057,
#3058,#3059,#3060,#3061,#3062,#3063,#3064,#3065),.UNSPECIFIED.,.F.,.F.,
(4,1,1,1,1,1,1,1,1,1,1,1,1,1,1,1,1,1,1,1,1,1,1,4),(0.,0.0625,0.09375,0.125,
0.140625,0.15625,0.1875,0.25,0.28125,0.3125,0.375,0.5,0.5625,0.625,0.6875,
0.75,0.78125,0.8125,0.84375,0.875,0.890625,0.90625,0.9375,1.),
 .UNSPECIFIED.);
#960=B_SPLINE_CURVE_WITH_KNOTS('',3,(#3084,#3085,#3086,#3087,#3088,#3089,
#3090),.UNSPECIFIED.,.F.,.F.,(4,1,1,1,4),(0.,0.25,0.5,0.75,1.),
 .UNSPECIFIED.);
#961=B_SPLINE_CURVE_WITH_KNOTS('',3,(#3120,#3121,#3122,#3123),
 .UNSPECIFIED.,.F.,.F.,(4,4),(0.,1.),.UNSPECIFIED.);
#962=B_SPLINE_CURVE_WITH_KNOTS('',3,(#3126,#3127,#3128,#3129,#3130,#3131,
#3132),.UNSPECIFIED.,.F.,.F.,(4,1,1,1,4),(0.,0.25,0.5,0.75,1.),
 .UNSPECIFIED.);
#963=B_SPLINE_CURVE_WITH_KNOTS('',3,(#3134,#3135,#3136,#3137),
 .UNSPECIFIED.,.F.,.F.,(4,4),(0.,1.),.UNSPECIFIED.);
#964=B_SPLINE_CURVE_WITH_KNOTS('',3,(#3139,#3140,#3141,#3142,#3143,#3144,
#3145),.UNSPECIFIED.,.F.,.F.,(4,1,1,1,4),(0.,0.25,0.5,0.75,1.),
 .UNSPECIFIED.);
#965=B_SPLINE_CURVE_WITH_KNOTS('',3,(#3150,#3151,#3152,#3153,#3154,#3155,
#3156),.UNSPECIFIED.,.F.,.F.,(4,1,1,1,4),(0.,0.25,0.5,0.75,1.),
 .UNSPECIFIED.);
#966=B_SPLINE_CURVE_WITH_KNOTS('',3,(#3160,#3161,#3162,#3163,#3164,#3165,
#3166),.UNSPECIFIED.,.F.,.F.,(4,1,1,1,4),(0.,0.25,0.5,0.75,1.),
 .UNSPECIFIED.);
#967=B_SPLINE_CURVE_WITH_KNOTS('',3,(#3171,#3172,#3173,#3174),
 .UNSPECIFIED.,.F.,.F.,(4,4),(0.,1.),.UNSPECIFIED.);
#968=B_SPLINE_CURVE_WITH_KNOTS('',3,(#3175,#3176,#3177,#3178),
 .UNSPECIFIED.,.F.,.F.,(4,4),(0.,1.),.UNSPECIFIED.);
#969=B_SPLINE_CURVE_WITH_KNOTS('',3,(#3183,#3184,#3185,#3186,#3187,#3188,
#3189),.UNSPECIFIED.,.F.,.F.,(4,1,1,1,4),(0.,0.25,0.5,0.75,1.),
 .UNSPECIFIED.);
#970=B_SPLINE_CURVE_WITH_KNOTS('',3,(#3190,#3191,#3192,#3193,#3194,#3195,
#3196),.UNSPECIFIED.,.F.,.F.,(4,1,1,1,4),(0.,0.25,0.5,0.75,1.),
 .UNSPECIFIED.);
#971=B_SPLINE_CURVE_WITH_KNOTS('',3,(#3198,#3199,#3200,#3201),
 .UNSPECIFIED.,.F.,.F.,(4,4),(0.,1.),.UNSPECIFIED.);
#972=B_SPLINE_CURVE_WITH_KNOTS('',3,(#3202,#3203,#3204,#3205),
 .UNSPECIFIED.,.F.,.F.,(4,4),(0.,1.),.UNSPECIFIED.);
#973=B_SPLINE_CURVE_WITH_KNOTS('',3,(#3210,#3211,#3212,#3213,#3214,#3215,
#3216,#3217,#3218,#3219,#3220),.UNSPECIFIED.,.T.,.F.,(1,1,1,1,1,1,1,1,1,
1,1,1,1,1,1),(-0.375,-0.25,-0.125,0.,0.125,0.25,0.375,0.5,0.625,0.75,0.875,
1.,1.125,1.25,1.375),.UNSPECIFIED.);
#974=B_SPLINE_CURVE_WITH_KNOTS('',3,(#3223,#3224,#3225,#3226,#3227,#3228,
#3229,#3230,#3231,#3232,#3233),.UNSPECIFIED.,.T.,.F.,(1,1,1,1,1,1,1,1,1,
1,1,1,1,1,1),(-0.375,-0.25,-0.125,0.,0.125,0.25,0.375,0.5,0.625,0.75,0.875,
1.,1.125,1.25,1.375),.UNSPECIFIED.);
#975=B_SPLINE_CURVE_WITH_KNOTS('',3,(#3436,#3437,#3438,#3439,#3440,#3441,
#3442,#3443,#3444),.UNSPECIFIED.,.F.,.F.,(4,1,1,1,1,1,4),(0.,0.25,0.5,0.625,
0.75,0.875,1.),.UNSPECIFIED.);
#976=B_SPLINE_CURVE_WITH_KNOTS('',3,(#3571,#3572,#3573,#3574,#3575),
 .UNSPECIFIED.,.F.,.F.,(4,1,4),(0.,0.5,1.),.UNSPECIFIED.);
#977=B_SPLINE_CURVE_WITH_KNOTS('',3,(#3576,#3577,#3578,#3579,#3580),
 .UNSPECIFIED.,.F.,.F.,(4,1,4),(0.,0.5,1.),.UNSPECIFIED.);
#978=B_SPLINE_CURVE_WITH_KNOTS('',3,(#3597,#3598,#3599,#3600,#3601),
 .UNSPECIFIED.,.F.,.F.,(4,1,4),(0.,0.5,1.),.UNSPECIFIED.);
#979=B_SPLINE_CURVE_WITH_KNOTS('',3,(#3618,#3619,#3620,#3621,#3622),
 .UNSPECIFIED.,.F.,.F.,(4,1,4),(0.,0.5,1.),.UNSPECIFIED.);
#980=B_SPLINE_CURVE_WITH_KNOTS('',3,(#3749,#3750,#3751,#3752,#3753,#3754,
#3755,#3756,#3757),.UNSPECIFIED.,.F.,.F.,(4,1,1,1,1,1,4),(0.,0.25,0.5,0.625,
0.75,0.875,1.),.UNSPECIFIED.);
#981=B_SPLINE_CURVE_WITH_KNOTS('',3,(#4082,#4083,#4084,#4085,#4086),
 .UNSPECIFIED.,.F.,.F.,(4,1,4),(0.,0.5,1.),.UNSPECIFIED.);
#982=B_SPLINE_CURVE_WITH_KNOTS('',3,(#4087,#4088,#4089,#4090,#4091),
 .UNSPECIFIED.,.F.,.F.,(4,1,4),(0.,0.5,1.),.UNSPECIFIED.);
#983=B_SPLINE_CURVE_WITH_KNOTS('',3,(#4108,#4109,#4110,#4111,#4112),
 .UNSPECIFIED.,.F.,.F.,(4,1,4),(0.,0.5,1.),.UNSPECIFIED.);
#984=B_SPLINE_CURVE_WITH_KNOTS('',3,(#4129,#4130,#4131,#4132,#4133),
 .UNSPECIFIED.,.F.,.F.,(4,1,4),(0.,0.5,1.),.UNSPECIFIED.);
#985=EDGE_LOOP('',(#274,#275,#276,#277,#278,#279,#280,#281));
#986=EDGE_LOOP('',(#282,#283,#284,#285));
#987=EDGE_LOOP('',(#286));
#988=EDGE_LOOP('',(#287));
#989=EDGE_LOOP('',(#288));
#990=EDGE_LOOP('',(#289));
#991=EDGE_LOOP('',(#290,#291,#292,#293));
#992=EDGE_LOOP('',(#294,#295,#296,#297));
#993=EDGE_LOOP('',(#298));
#994=EDGE_LOOP('',(#299));
#995=EDGE_LOOP('',(#300,#301,#302,#303));
#996=EDGE_LOOP('',(#304,#305,#306,#307));
#997=EDGE_LOOP('',(#308,#309,#310,#311));
#998=EDGE_LOOP('',(#312,#313,#314,#315));
#999=EDGE_LOOP('',(#316,#317,#318,#319));
#1000=EDGE_LOOP('',(#320,#321,#322,#323));
#1001=EDGE_LOOP('',(#324));
#1002=EDGE_LOOP('',(#325,#326,#327,#328));
#1003=EDGE_LOOP('',(#329));
#1004=EDGE_LOOP('',(#330,#331,#332,#333));
#1005=EDGE_LOOP('',(#334));
#1006=EDGE_LOOP('',(#335));
#1007=EDGE_LOOP('',(#336));
#1008=EDGE_LOOP('',(#337));
#1009=EDGE_LOOP('',(#338,#339,#340,#341,#342,#343,#344,#345,#346,#347,#348,
#349,#350,#351));
#1010=EDGE_LOOP('',(#352,#353,#354,#355));
#1011=EDGE_LOOP('',(#356,#357,#358,#359));
#1012=EDGE_LOOP('',(#360));
#1013=EDGE_LOOP('',(#361,#362,#363,#364));
#1014=EDGE_LOOP('',(#365));
#1015=EDGE_LOOP('',(#366,#367,#368,#369));
#1016=EDGE_LOOP('',(#370));
#1017=EDGE_LOOP('',(#371));
#1018=EDGE_LOOP('',(#372));
#1019=EDGE_LOOP('',(#373));
#1020=EDGE_LOOP('',(#374,#375,#376,#377));
#1021=EDGE_LOOP('',(#378,#379,#380,#381));
#1022=EDGE_LOOP('',(#382));
#1023=EDGE_LOOP('',(#383,#384,#385,#386));
#1024=EDGE_LOOP('',(#387));
#1025=EDGE_LOOP('',(#388,#389,#390,#391));
#1026=EDGE_LOOP('',(#392));
#1027=EDGE_LOOP('',(#393));
#1028=EDGE_LOOP('',(#394));
#1029=EDGE_LOOP('',(#395));
#1030=EDGE_LOOP('',(#396,#397,#398,#399));
#1031=EDGE_LOOP('',(#400,#401,#402,#403));
#1032=EDGE_LOOP('',(#404));
#1033=EDGE_LOOP('',(#405,#406,#407,#408));
#1034=EDGE_LOOP('',(#409));
#1035=EDGE_LOOP('',(#410,#411,#412,#413));
#1036=EDGE_LOOP('',(#414));
#1037=EDGE_LOOP('',(#415));
#1038=EDGE_LOOP('',(#416));
#1039=EDGE_LOOP('',(#417));
#1040=EDGE_LOOP('',(#418,#419,#420,#421));
#1041=EDGE_LOOP('',(#422));
#1042=EDGE_LOOP('',(#423));
#1043=EDGE_LOOP('',(#424));
#1044=EDGE_LOOP('',(#425));
#1045=EDGE_LOOP('',(#426,#427,#428,#429,#430,#431,#432,#433,#434,#435,#436,
#437,#438,#439));
#1046=EDGE_LOOP('',(#440,#441,#442,#443,#444,#445,#446,#447));
#1047=EDGE_LOOP('',(#448,#449,#450,#451,#452,#453,#454,#455,#456));
#1048=EDGE_LOOP('',(#457,#458,#459,#460,#461,#462,#463));
#1049=EDGE_LOOP('',(#464,#465,#466,#467,#468,#469,#470,#471,#472));
#1050=EDGE_LOOP('',(#473,#474,#475,#476));
#1051=EDGE_LOOP('',(#477,#478,#479,#480,#481,#482,#483,#484,#485,#486,#487,
#488));
#1052=EDGE_LOOP('',(#489,#490,#491,#492));
#1053=EDGE_LOOP('',(#493,#494,#495,#496,#497,#498,#499,#500));
#1054=EDGE_LOOP('',(#501,#502,#503,#504,#505,#506));
#1055=EDGE_LOOP('',(#507,#508,#509,#510));
#1056=EDGE_LOOP('',(#511,#512,#513,#514));
#1057=EDGE_LOOP('',(#515));
#1058=EDGE_LOOP('',(#516));
#1059=EDGE_LOOP('',(#517));
#1060=EDGE_LOOP('',(#518));
#1061=EDGE_LOOP('',(#519));
#1062=EDGE_LOOP('',(#520));
#1063=EDGE_LOOP('',(#521,#522,#523,#524,#525,#526,#527,#528,#529));
#1064=EDGE_LOOP('',(#530,#531,#532,#533));
#1065=EDGE_LOOP('',(#534,#535,#536,#537));
#1066=EDGE_LOOP('',(#538));
#1067=EDGE_LOOP('',(#539));
#1068=EDGE_LOOP('',(#540));
#1069=EDGE_LOOP('',(#541));
#1070=EDGE_LOOP('',(#542));
#1071=EDGE_LOOP('',(#543));
#1072=EDGE_LOOP('',(#544,#545,#546,#547));
#1073=EDGE_LOOP('',(#548,#549,#550,#551));
#1074=EDGE_LOOP('',(#552,#553,#554,#555));
#1075=EDGE_LOOP('',(#556,#557,#558,#559));
#1076=EDGE_LOOP('',(#560,#561,#562,#563));
#1077=EDGE_LOOP('',(#564,#565,#566,#567));
#1078=EDGE_LOOP('',(#568,#569,#570,#571));
#1079=EDGE_LOOP('',(#572,#573,#574,#575));
#1080=EDGE_LOOP('',(#576,#577,#578,#579));
#1081=EDGE_LOOP('',(#580));
#1082=EDGE_LOOP('',(#581));
#1083=EDGE_LOOP('',(#582));
#1084=EDGE_LOOP('',(#583));
#1085=EDGE_LOOP('',(#584));
#1086=EDGE_LOOP('',(#585));
#1087=EDGE_LOOP('',(#586));
#1088=EDGE_LOOP('',(#587));
#1089=EDGE_LOOP('',(#588));
#1090=EDGE_LOOP('',(#589,#590));
#1091=EDGE_LOOP('',(#591,#592,#593,#594,#595,#596));
#1092=EDGE_LOOP('',(#597,#598,#599,#600));
#1093=EDGE_LOOP('',(#601,#602,#603,#604));
#1094=EDGE_LOOP('',(#605,#606,#607,#608,#609,#610));
#1095=EDGE_LOOP('',(#611));
#1096=EDGE_LOOP('',(#612,#613));
#1097=EDGE_LOOP('',(#614,#615,#616,#617));
#1098=EDGE_LOOP('',(#618,#619,#620,#621));
#1099=EDGE_LOOP('',(#622,#623,#624,#625));
#1100=EDGE_LOOP('',(#626,#627,#628,#629));
#1101=FACE_BOUND('',#985,.T.);
#1102=FACE_BOUND('',#986,.T.);
#1103=FACE_BOUND('',#987,.T.);
#1104=FACE_BOUND('',#988,.T.);
#1105=FACE_BOUND('',#989,.T.);
#1106=FACE_BOUND('',#990,.T.);
#1107=FACE_BOUND('',#991,.T.);
#1108=FACE_BOUND('',#992,.T.);
#1109=FACE_BOUND('',#993,.T.);
#1110=FACE_BOUND('',#994,.T.);
#1111=FACE_BOUND('',#995,.T.);
#1112=FACE_BOUND('',#996,.T.);
#1113=FACE_BOUND('',#997,.T.);
#1114=FACE_BOUND('',#998,.T.);
#1115=FACE_BOUND('',#999,.T.);
#1116=FACE_BOUND('',#1000,.T.);
#1117=FACE_BOUND('',#1001,.T.);
#1118=FACE_BOUND('',#1002,.T.);
#1119=FACE_BOUND('',#1003,.T.);
#1120=FACE_BOUND('',#1004,.T.);
#1121=FACE_BOUND('',#1005,.T.);
#1122=FACE_BOUND('',#1006,.T.);
#1123=FACE_BOUND('',#1007,.T.);
#1124=FACE_BOUND('',#1008,.T.);
#1125=FACE_BOUND('',#1009,.T.);
#1126=FACE_BOUND('',#1010,.T.);
#1127=FACE_BOUND('',#1011,.T.);
#1128=FACE_BOUND('',#1012,.T.);
#1129=FACE_BOUND('',#1013,.T.);
#1130=FACE_BOUND('',#1014,.T.);
#1131=FACE_BOUND('',#1015,.T.);
#1132=FACE_BOUND('',#1016,.T.);
#1133=FACE_BOUND('',#1017,.T.);
#1134=FACE_BOUND('',#1018,.T.);
#1135=FACE_BOUND('',#1019,.T.);
#1136=FACE_BOUND('',#1020,.T.);
#1137=FACE_BOUND('',#1021,.T.);
#1138=FACE_BOUND('',#1022,.T.);
#1139=FACE_BOUND('',#1023,.T.);
#1140=FACE_BOUND('',#1024,.T.);
#1141=FACE_BOUND('',#1025,.T.);
#1142=FACE_BOUND('',#1026,.T.);
#1143=FACE_BOUND('',#1027,.T.);
#1144=FACE_BOUND('',#1028,.T.);
#1145=FACE_BOUND('',#1029,.T.);
#1146=FACE_BOUND('',#1030,.T.);
#1147=FACE_BOUND('',#1031,.T.);
#1148=FACE_BOUND('',#1032,.T.);
#1149=FACE_BOUND('',#1033,.T.);
#1150=FACE_BOUND('',#1034,.T.);
#1151=FACE_BOUND('',#1035,.T.);
#1152=FACE_BOUND('',#1036,.T.);
#1153=FACE_BOUND('',#1037,.T.);
#1154=FACE_BOUND('',#1038,.T.);
#1155=FACE_BOUND('',#1039,.T.);
#1156=FACE_BOUND('',#1040,.T.);
#1157=FACE_BOUND('',#1041,.T.);
#1158=FACE_BOUND('',#1042,.T.);
#1159=FACE_BOUND('',#1043,.T.);
#1160=FACE_BOUND('',#1044,.T.);
#1161=FACE_BOUND('',#1045,.T.);
#1162=FACE_BOUND('',#1046,.T.);
#1163=FACE_BOUND('',#1047,.T.);
#1164=FACE_BOUND('',#1048,.T.);
#1165=FACE_BOUND('',#1049,.T.);
#1166=FACE_BOUND('',#1050,.T.);
#1167=FACE_BOUND('',#1051,.T.);
#1168=FACE_BOUND('',#1052,.T.);
#1169=FACE_BOUND('',#1053,.T.);
#1170=FACE_BOUND('',#1054,.T.);
#1171=FACE_BOUND('',#1055,.T.);
#1172=FACE_BOUND('',#1056,.T.);
#1173=FACE_BOUND('',#1057,.T.);
#1174=FACE_BOUND('',#1058,.T.);
#1175=FACE_BOUND('',#1059,.T.);
#1176=FACE_BOUND('',#1060,.T.);
#1177=FACE_BOUND('',#1061,.T.);
#1178=FACE_BOUND('',#1062,.T.);
#1179=FACE_BOUND('',#1063,.T.);
#1180=FACE_BOUND('',#1064,.T.);
#1181=FACE_BOUND('',#1065,.T.);
#1182=FACE_BOUND('',#1066,.T.);
#1183=FACE_BOUND('',#1067,.T.);
#1184=FACE_BOUND('',#1068,.T.);
#1185=FACE_BOUND('',#1069,.T.);
#1186=FACE_BOUND('',#1070,.T.);
#1187=FACE_BOUND('',#1071,.T.);
#1188=FACE_BOUND('',#1072,.T.);
#1189=FACE_BOUND('',#1073,.T.);
#1190=FACE_BOUND('',#1074,.T.);
#1191=FACE_BOUND('',#1075,.T.);
#1192=FACE_BOUND('',#1076,.T.);
#1193=FACE_BOUND('',#1077,.T.);
#1194=FACE_BOUND('',#1078,.T.);
#1195=FACE_BOUND('',#1079,.T.);
#1196=FACE_BOUND('',#1080,.T.);
#1197=FACE_BOUND('',#1081,.T.);
#1198=FACE_BOUND('',#1082,.T.);
#1199=FACE_BOUND('',#1083,.T.);
#1200=FACE_BOUND('',#1084,.T.);
#1201=FACE_BOUND('',#1085,.T.);
#1202=FACE_BOUND('',#1086,.T.);
#1203=FACE_BOUND('',#1087,.T.);
#1204=FACE_BOUND('',#1088,.T.);
#1205=FACE_BOUND('',#1089,.T.);
#1206=FACE_BOUND('',#1090,.T.);
#1207=FACE_BOUND('',#1091,.T.);
#1208=FACE_BOUND('',#1092,.T.);
#1209=FACE_BOUND('',#1093,.T.);
#1210=FACE_BOUND('',#1094,.T.);
#1211=FACE_BOUND('',#1095,.T.);
#1212=FACE_BOUND('',#1096,.T.);
#1213=FACE_BOUND('',#1097,.T.);
#1214=FACE_BOUND('',#1098,.T.);
#1215=FACE_BOUND('',#1099,.T.);
#1216=FACE_BOUND('',#1100,.T.);
#1217=PLANE('',#1354);
#1218=PLANE('',#1361);
#1219=PLANE('',#1364);
#1220=PLANE('',#1367);
#1221=PLANE('',#1370);
#1222=PLANE('',#1371);
#1223=PLANE('',#1372);
#1224=PLANE('',#1374);
#1225=PLANE('',#1376);
#1226=PLANE('',#1377);
#1227=PLANE('',#1378);
#1228=PLANE('',#1379);
#1229=PLANE('',#1381);
#1230=PLANE('',#1383);
#1231=PLANE('',#1384);
#1232=PLANE('',#1385);
#1233=PLANE('',#1387);
#1234=PLANE('',#1389);
#1235=PLANE('',#1390);
#1236=PLANE('',#1391);
#1237=PLANE('',#1393);
#1238=PLANE('',#1395);
#1239=PLANE('',#1400);
#1240=PLANE('',#1401);
#1241=PLANE('',#1402);
#1242=PLANE('',#1403);
#1243=PLANE('',#1404);
#1244=PLANE('',#1405);
#1245=PLANE('',#1406);
#1246=PLANE('',#1407);
#1247=PLANE('',#1408);
#1248=PLANE('',#1409);
#1249=PLANE('',#1412);
#1250=PLANE('',#1415);
#1251=PLANE('',#1416);
#1252=PLANE('',#1419);
#1253=PLANE('',#1422);
#1254=PLANE('',#1423);
#1255=PLANE('',#1424);
#1256=PLANE('',#1425);
#1257=PLANE('',#1426);
#1258=PLANE('',#1428);
#1259=PLANE('',#1430);
#1260=PLANE('',#1431);
#1261=PLANE('',#1436);
#1262=ADVANCED_FACE('',(#1101,#1102),#1217,.T.);
#1263=ADVANCED_FACE('',(#1103,#1104),#52,.F.);
#1264=ADVANCED_FACE('',(#1105,#1106),#53,.F.);
#1265=ADVANCED_FACE('',(#1107,#1108,#1109,#1110),#1218,.F.);
#1266=ADVANCED_FACE('',(#1111),#1219,.F.);
#1267=ADVANCED_FACE('',(#1112),#54,.F.);
#1268=ADVANCED_FACE('',(#1113),#1220,.T.);
#1269=ADVANCED_FACE('',(#1114),#55,.F.);
#1270=ADVANCED_FACE('',(#1115),#1221,.T.);
#1271=ADVANCED_FACE('',(#1116),#1222,.F.);
#1272=ADVANCED_FACE('',(#1117,#1118),#1223,.T.);
#1273=ADVANCED_FACE('',(#1119,#1120),#1224,.F.);
#1274=ADVANCED_FACE('',(#1121,#1122),#56,.F.);
#1275=ADVANCED_FACE('',(#1123,#1124),#12,.T.);
#1276=ADVANCED_FACE('',(#1125),#1225,.F.);
#1277=ADVANCED_FACE('',(#1126),#1226,.F.);
#1278=ADVANCED_FACE('',(#1127),#1227,.T.);
#1279=ADVANCED_FACE('',(#1128,#1129),#1228,.T.);
#1280=ADVANCED_FACE('',(#1130,#1131),#1229,.F.);
#1281=ADVANCED_FACE('',(#1132,#1133),#57,.F.);
#1282=ADVANCED_FACE('',(#1134,#1135),#13,.T.);
#1283=ADVANCED_FACE('',(#1136),#1230,.T.);
#1284=ADVANCED_FACE('',(#1137),#1231,.F.);
#1285=ADVANCED_FACE('',(#1138,#1139),#1232,.T.);
#1286=ADVANCED_FACE('',(#1140,#1141),#1233,.F.);
#1287=ADVANCED_FACE('',(#1142,#1143),#58,.F.);
#1288=ADVANCED_FACE('',(#1144,#1145),#14,.T.);
#1289=ADVANCED_FACE('',(#1146),#1234,.F.);
#1290=ADVANCED_FACE('',(#1147),#1235,.T.);
#1291=ADVANCED_FACE('',(#1148,#1149),#1236,.T.);
#1292=ADVANCED_FACE('',(#1150,#1151),#1237,.F.);
#1293=ADVANCED_FACE('',(#1152,#1153),#59,.F.);
#1294=ADVANCED_FACE('',(#1154,#1155),#15,.T.);
#1295=ADVANCED_FACE('',(#1156,#1157,#1158,#1159,#1160),#1238,.T.);
#1296=ADVANCED_FACE('',(#1161),#1239,.F.);
#1297=ADVANCED_FACE('',(#1162),#1240,.T.);
#1298=ADVANCED_FACE('',(#1163),#1241,.T.);
#1299=ADVANCED_FACE('',(#1164),#1242,.T.);
#1300=ADVANCED_FACE('',(#1165),#1243,.T.);
#1301=ADVANCED_FACE('',(#1166),#16,.T.);
#1302=ADVANCED_FACE('',(#1167),#1244,.F.);
#1303=ADVANCED_FACE('',(#1168),#1245,.T.);
#1304=ADVANCED_FACE('',(#1169),#1246,.T.);
#1305=ADVANCED_FACE('',(#1170),#1247,.T.);
#1306=ADVANCED_FACE('',(#1171),#1248,.T.);
#1307=ADVANCED_FACE('',(#1172),#17,.T.);
#1308=ADVANCED_FACE('',(#1173,#1174),#60,.F.);
#1309=ADVANCED_FACE('',(#1175),#1249,.T.);
#1310=ADVANCED_FACE('',(#1176,#1177),#61,.F.);
#1311=ADVANCED_FACE('',(#1178),#1250,.T.);
#1312=ADVANCED_FACE('',(#1179),#1251,.T.);
#1313=ADVANCED_FACE('',(#1180),#18,.T.);
#1314=ADVANCED_FACE('',(#1181),#19,.T.);
#1315=ADVANCED_FACE('',(#1182,#1183),#62,.F.);
#1316=ADVANCED_FACE('',(#1184),#1252,.T.);
#1317=ADVANCED_FACE('',(#1185,#1186),#63,.F.);
#1318=ADVANCED_FACE('',(#1187),#1253,.T.);
#1319=ADVANCED_FACE('',(#1188),#1254,.F.);
#1320=ADVANCED_FACE('',(#1189),#1255,.F.);
#1321=ADVANCED_FACE('',(#1190),#1256,.T.);
#1322=ADVANCED_FACE('',(#1191,#1192),#1257,.T.);
#1323=ADVANCED_FACE('',(#1193),#64,.F.);
#1324=ADVANCED_FACE('',(#1194),#1258,.F.);
#1325=ADVANCED_FACE('',(#1195),#65,.F.);
#1326=ADVANCED_FACE('',(#1196),#1259,.T.);
#1327=ADVANCED_FACE('',(#1197,#1198),#1260,.T.);
#1328=ADVANCED_FACE('',(#1199,#1200),#66,.F.);
#1329=ADVANCED_FACE('',(#1201,#1202),#67,.F.);
#1330=ADVANCED_FACE('',(#1203,#1204),#1261,.T.);
#1331=ADVANCED_FACE('',(#1205,#1206),#20,.T.);
#1332=ADVANCED_FACE('',(#1207),#21,.T.);
#1333=ADVANCED_FACE('',(#1208),#22,.T.);
#1334=ADVANCED_FACE('',(#1209),#23,.T.);
#1335=ADVANCED_FACE('',(#1210),#24,.T.);
#1336=ADVANCED_FACE('',(#1211,#1212),#25,.T.);
#1337=ADVANCED_FACE('',(#1213),#26,.T.);
#1338=ADVANCED_FACE('',(#1214),#27,.F.);
#1339=ADVANCED_FACE('',(#1215),#28,.F.);
#1340=ADVANCED_FACE('',(#1216),#29,.T.);
#1341=CLOSED_SHELL('',(#1262,#1263,#1264,#1265,#1266,#1267,#1268,#1269,
#1270,#1271,#1272,#1273,#1274,#1275,#1276,#1277,#1278,#1279,#1280,#1281,
#1282,#1283,#1284,#1285,#1286,#1287,#1288,#1289,#1290,#1291,#1292,#1293,
#1294,#1295,#1296,#1297,#1298,#1299,#1300,#1301,#1302,#1303,#1304,#1305,
#1306,#1307,#1308,#1309,#1310,#1311,#1312,#1313,#1314,#1315,#1316,#1317,
#1318,#1319,#1320,#1321,#1322,#1323,#1324,#1325,#1326,#1327,#1328,#1329,
#1330,#1331,#1332,#1333,#1334,#1335,#1336,#1337,#1338,#1339,#1340));
#1342=STYLED_ITEM('',(#1343),#1350);
#1343=PRESENTATION_STYLE_ASSIGNMENT((#1344));
#1344=SURFACE_STYLE_USAGE(.BOTH.,#1345);
#1345=SURFACE_SIDE_STYLE('',(#1346));
#1346=SURFACE_STYLE_FILL_AREA(#1347);
#1347=FILL_AREA_STYLE('',(#1348));
#1348=FILL_AREA_STYLE_COLOUR('',#1349);
#1349=COLOUR_RGB('',0.498039215686275,0.498039215686275,0.498039215686275);
#1350=MANIFOLD_SOLID_BREP('Case and mounting points',#1341);
#1351=SHAPE_DEFINITION_REPRESENTATION(#4266,#1352);
#1352=SHAPE_REPRESENTATION('Case and mounting points',(#1353),#4261);
#1353=AXIS2_PLACEMENT_3D('',#1708,#1437,#1438);
#1354=AXIS2_PLACEMENT_3D('',#1709,#1439,#1440);
#1355=AXIS2_PLACEMENT_3D('',#1776,#1445,#1446);
#1356=AXIS2_PLACEMENT_3D('',#1777,#1447,#1448);
#1357=AXIS2_PLACEMENT_3D('',#1779,#1449,#1450);
#1358=AXIS2_PLACEMENT_3D('',#1781,#1451,#1452);
#1359=AXIS2_PLACEMENT_3D('',#1782,#1453,#1454);
#1360=AXIS2_PLACEMENT_3D('',#1784,#1455,#1456);
#1361=AXIS2_PLACEMENT_3D('',#1786,#1457,#1458);
#1362=AXIS2_PLACEMENT_3D('',#1798,#1464,#1465);
#1363=AXIS2_PLACEMENT_3D('',#1802,#1467,#1468);
#1364=AXIS2_PLACEMENT_3D('',#1803,#1469,#1470);
#1365=AXIS2_PLACEMENT_3D('',#1809,#1474,#1475);
#1366=AXIS2_PLACEMENT_3D('',#1810,#1476,#1477);
#1367=AXIS2_PLACEMENT_3D('',#1813,#1479,#1480);
#1368=AXIS2_PLACEMENT_3D('',#1817,#1483,#1484);
#1369=AXIS2_PLACEMENT_3D('',#1818,#1485,#1486);
#1370=AXIS2_PLACEMENT_3D('',#1819,#1487,#1488);
#1371=AXIS2_PLACEMENT_3D('',#1828,#1493,#1494);
#1372=AXIS2_PLACEMENT_3D('',#1834,#1498,#1499);
#1373=AXIS2_PLACEMENT_3D('',#1835,#1500,#1501);
#1374=AXIS2_PLACEMENT_3D('',#1840,#1504,#1505);
#1375=AXIS2_PLACEMENT_3D('',#1864,#1508,#1509);
#1376=AXIS2_PLACEMENT_3D('',#2075,#1510,#1511);
#1377=AXIS2_PLACEMENT_3D('',#2094,#1522,#1523);
#1378=AXIS2_PLACEMENT_3D('',#2100,#1527,#1528);
#1379=AXIS2_PLACEMENT_3D('',#2106,#1532,#1533);
#1380=AXIS2_PLACEMENT_3D('',#2107,#1534,#1535);
#1381=AXIS2_PLACEMENT_3D('',#2110,#1537,#1538);
#1382=AXIS2_PLACEMENT_3D('',#2132,#1540,#1541);
#1383=AXIS2_PLACEMENT_3D('',#2343,#1542,#1543);
#1384=AXIS2_PLACEMENT_3D('',#2352,#1548,#1549);
#1385=AXIS2_PLACEMENT_3D('',#2358,#1553,#1554);
#1386=AXIS2_PLACEMENT_3D('',#2359,#1555,#1556);
#1387=AXIS2_PLACEMENT_3D('',#2364,#1559,#1560);
#1388=AXIS2_PLACEMENT_3D('',#2388,#1563,#1564);
#1389=AXIS2_PLACEMENT_3D('',#2599,#1565,#1566);
#1390=AXIS2_PLACEMENT_3D('',#2608,#1571,#1572);
#1391=AXIS2_PLACEMENT_3D('',#2614,#1576,#1577);
#1392=AXIS2_PLACEMENT_3D('',#2615,#1578,#1579);
#1393=AXIS2_PLACEMENT_3D('',#2620,#1582,#1583);
#1394=AXIS2_PLACEMENT_3D('',#2644,#1586,#1587);
#1395=AXIS2_PLACEMENT_3D('',#2855,#1588,#1589);
#1396=AXIS2_PLACEMENT_3D('',#2864,#1594,#1595);
#1397=AXIS2_PLACEMENT_3D('',#2866,#1596,#1597);
#1398=AXIS2_PLACEMENT_3D('',#2868,#1598,#1599);
#1399=AXIS2_PLACEMENT_3D('',#2870,#1600,#1601);
#1400=AXIS2_PLACEMENT_3D('',#2872,#1602,#1603);
#1401=AXIS2_PLACEMENT_3D('',#2884,#1611,#1612);
#1402=AXIS2_PLACEMENT_3D('',#2895,#1619,#1620);
#1403=AXIS2_PLACEMENT_3D('',#2920,#1624,#1625);
#1404=AXIS2_PLACEMENT_3D('',#2944,#1628,#1629);
#1405=AXIS2_PLACEMENT_3D('',#2998,#1633,#1634);
#1406=AXIS2_PLACEMENT_3D('',#2999,#1635,#1636);
#1407=AXIS2_PLACEMENT_3D('',#3001,#1638,#1639);
#1408=AXIS2_PLACEMENT_3D('',#3003,#1641,#1642);
#1409=AXIS2_PLACEMENT_3D('',#3005,#1644,#1645);
#1410=AXIS2_PLACEMENT_3D('',#3029,#1646,#1647);
#1411=AXIS2_PLACEMENT_3D('',#3030,#1648,#1649);
#1412=AXIS2_PLACEMENT_3D('',#3032,#1650,#1651);
#1413=AXIS2_PLACEMENT_3D('',#3033,#1652,#1653);
#1414=AXIS2_PLACEMENT_3D('',#3034,#1654,#1655);
#1415=AXIS2_PLACEMENT_3D('',#3036,#1656,#1657);
#1416=AXIS2_PLACEMENT_3D('',#3037,#1658,#1659);
#1417=AXIS2_PLACEMENT_3D('',#3107,#1663,#1664);
#1418=AXIS2_PLACEMENT_3D('',#3108,#1665,#1666);
#1419=AXIS2_PLACEMENT_3D('',#3110,#1667,#1668);
#1420=AXIS2_PLACEMENT_3D('',#3111,#1669,#1670);
#1421=AXIS2_PLACEMENT_3D('',#3112,#1671,#1672);
#1422=AXIS2_PLACEMENT_3D('',#3114,#1673,#1674);
#1423=AXIS2_PLACEMENT_3D('',#3115,#1675,#1676);
#1424=AXIS2_PLACEMENT_3D('',#3117,#1678,#1679);
#1425=AXIS2_PLACEMENT_3D('',#3118,#1680,#1681);
#1426=AXIS2_PLACEMENT_3D('',#3119,#1682,#1683);
#1427=AXIS2_PLACEMENT_3D('',#3146,#1684,#1685);
#1428=AXIS2_PLACEMENT_3D('',#3167,#1688,#1689);
#1429=AXIS2_PLACEMENT_3D('',#3179,#1691,#1692);
#1430=AXIS2_PLACEMENT_3D('',#3197,#1694,#1695);
#1431=AXIS2_PLACEMENT_3D('',#3206,#1696,#1697);
#1432=AXIS2_PLACEMENT_3D('',#3207,#1698,#1699);
#1433=AXIS2_PLACEMENT_3D('',#3209,#1700,#1701);
#1434=AXIS2_PLACEMENT_3D('',#3222,#1702,#1703);
#1435=AXIS2_PLACEMENT_3D('',#3235,#1704,#1705);
#1436=AXIS2_PLACEMENT_3D('',#3237,#1706,#1707);
#1437=DIRECTION('',(0.,0.,1.));
#1438=DIRECTION('',(1.,0.,0.));
#1439=DIRECTION('',(-7.60942069395212E-17,1.,1.0560192573106E-32));
#1440=DIRECTION('',(-1.,-7.60942069395212E-17,-8.03569478979121E-49));
#1441=DIRECTION('',(-1.,-7.60942069395212E-17,1.08673789965299E-16));
#1442=DIRECTION('',(8.03569478979121E-49,-1.0560192573106E-32,1.));
#1443=DIRECTION('',(-1.,-1.35282732285578E-17,-3.71686252196752E-17));
#1444=DIRECTION('',(-1.08673789965299E-16,2.29074671058444E-33,-1.));
#1445=DIRECTION('',(-7.60942069395212E-17,1.,1.0560192573106E-32));
#1446=DIRECTION('',(-1.,-7.60942069395212E-17,0.));
#1447=DIRECTION('',(-7.60942069395212E-17,1.,1.0560192573106E-32));
#1448=DIRECTION('',(-1.,-7.60942069395212E-17,0.));
#1449=DIRECTION('',(-7.60942069395212E-17,1.,1.0560192573106E-32));
#1450=DIRECTION('',(-1.,-7.60942069395212E-17,0.));
#1451=DIRECTION('',(-7.60942069395212E-17,1.,1.0560192573106E-32));
#1452=DIRECTION('',(-1.,-7.60942069395212E-17,0.));
#1453=DIRECTION('',(-7.60942069395212E-17,1.,1.0560192573106E-32));
#1454=DIRECTION('',(-1.,-7.60942069395212E-17,0.));
#1455=DIRECTION('',(-7.60942069395212E-17,1.,1.0560192573106E-32));
#1456=DIRECTION('',(-1.,-7.60942069395212E-17,0.));
#1457=DIRECTION('',(-7.60942069395212E-17,1.,1.0560192573106E-32));
#1458=DIRECTION('',(-1.,-7.60942069395212E-17,-8.03569478979121E-49));
#1459=DIRECTION('',(-1.,-7.60942069395212E-17,1.08673789965299E-16));
#1460=DIRECTION('',(1.08673789965299E-16,-2.29074671058444E-33,1.));
#1461=DIRECTION('',(1.,7.60942069395212E-17,1.43964876698122E-17));
#1462=DIRECTION('',(1.08673789965299E-16,1.88296384356275E-32,-1.));
#1463=DIRECTION('',(-1.,-7.60942069395212E-17,1.44560289664734E-16));
#1464=DIRECTION('',(-7.60942069395212E-17,1.,1.0560192573106E-32));
#1465=DIRECTION('',(-1.,-7.60942069395212E-17,0.));
#1466=DIRECTION('',(-1.,-7.60942069395212E-17,1.44560289664734E-16));
#1467=DIRECTION('',(-7.60942069395212E-17,1.,1.0560192573106E-32));
#1468=DIRECTION('',(-1.,-7.60942069395212E-17,0.));
#1469=DIRECTION('',(1.44560289664734E-16,4.40008023879413E-34,1.));
#1470=DIRECTION('',(1.,0.,-1.44560289664734E-16));
#1471=DIRECTION('',(-1.,-7.60942069395212E-17,1.44560289664734E-16));
#1472=DIRECTION('',(-7.60942069395212E-17,1.,1.0560192573106E-32));
#1473=DIRECTION('',(-7.60942069395212E-17,1.,1.0560192573106E-32));
#1474=DIRECTION('',(-7.60942069395212E-17,1.,1.0560192573106E-32));
#1475=DIRECTION('',(-1.,-7.60942069395212E-17,0.));
#1476=DIRECTION('',(-7.60942069395212E-17,1.,1.0560192573106E-32));
#1477=DIRECTION('',(-1.,-7.60942069395212E-17,0.));
#1478=DIRECTION('',(-7.60942069395212E-17,1.,1.0560192573106E-32));
#1479=DIRECTION('',(1.44560289664734E-16,4.40008023879413E-34,1.));
#1480=DIRECTION('',(1.,0.,-1.44560289664734E-16));
#1481=DIRECTION('',(-1.,-7.60942069395212E-17,1.44560289664734E-16));
#1482=DIRECTION('',(-7.60942069395212E-17,1.,1.0560192573106E-32));
#1483=DIRECTION('',(-7.60942069395212E-17,1.,1.0560192573106E-32));
#1484=DIRECTION('',(-1.,-7.60942069395212E-17,0.));
#1485=DIRECTION('',(-7.60942069395212E-17,1.,1.0560192573106E-32));
#1486=DIRECTION('',(-1.,-7.60942069395212E-17,0.));
#1487=DIRECTION('',(-7.60942069395212E-17,-0.342020143325668,-0.939692620785909));
#1488=DIRECTION('',(-1.08673789965299E-16,0.939692620785909,-0.342020143325668));
#1489=DIRECTION('',(1.,7.60942069395212E-17,-1.08673789965299E-16));
#1490=DIRECTION('',(1.08673789965299E-16,-0.939692620785909,0.342020143325668));
#1491=DIRECTION('',(1.,7.60942069395212E-17,-1.08673789965299E-16));
#1492=DIRECTION('',(1.08673789965299E-16,-0.939692620785909,0.342020143325668));
#1493=DIRECTION('',(-1.,-7.60942069395212E-17,1.08673789965299E-16));
#1494=DIRECTION('',(1.08673789965299E-16,-0.939692620785909,0.342020143325668));
#1495=DIRECTION('',(-7.60942069395212E-17,-0.342020143325668,-0.939692620785909));
#1496=DIRECTION('',(-7.60942069395212E-17,-0.342020143325668,-0.939692620785909));
#1497=DIRECTION('',(1.08673789965299E-16,-0.939692620785909,0.342020143325668));
#1498=DIRECTION('',(-1.08673789965299E-16,0.939692620785909,-0.342020143325668));
#1499=DIRECTION('',(1.,7.60942069395212E-17,-1.08673789965299E-16));
#1500=DIRECTION('',(-1.08673789965299E-16,0.939692620785909,-0.342020143325668));
#1501=DIRECTION('',(-1.,-7.60942069395212E-17,1.08673789965299E-16));
#1502=DIRECTION('',(7.60942069395212E-17,0.342020143325668,0.939692620785909));
#1503=DIRECTION('',(-1.,-1.15648231731787E-16,0.));
#1504=DIRECTION('',(-1.08673789965299E-16,0.939692620785909,-0.342020143325668));
#1505=DIRECTION('',(1.,7.60942069395212E-17,-1.08673789965299E-16));
#1506=DIRECTION('',(-1.,-1.15648231731787E-16,0.));
#1507=DIRECTION('',(7.60942069395212E-17,0.342020143325668,0.939692620785909));
#1508=DIRECTION('',(1.08673789965299E-16,-0.939692620785909,0.342020143325668));
#1509=DIRECTION('',(-1.,-7.60942069395212E-17,1.08673789965299E-16));
#1510=DIRECTION('',(-1.,7.60942069395212E-17,-1.08673789965299E-16));
#1511=DIRECTION('',(7.60942069395212E-17,1.,8.26944586252154E-33));
#1512=DIRECTION('',(-1.08673789965299E-16,-0.939692620785909,0.342020143325668));
#1513=DIRECTION('',(-7.60942069395212E-17,0.342020143325668,0.939692620785909));
#1514=DIRECTION('',(-1.08673789965299E-16,-0.939692620785909,0.342020143325667));
#1515=DIRECTION('',(7.60942069395212E-17,0.342020143325668,0.939692620785909));
#1516=DIRECTION('',(1.08673789965299E-16,-0.939692620785909,0.342020143325668));
#1517=DIRECTION('',(7.60942069395212E-17,0.342020143325668,0.939692620785909));
#1518=DIRECTION('',(-1.15592843725581E-16,-0.0977696219233061,0.995209074028655));
#1519=DIRECTION('',(-1.23850510799453E-16,-0.241839086588474,0.970316369128159));
#1520=DIRECTION('',(-7.60942069395212E-17,-1.,-8.26944586252154E-33));
#1521=DIRECTION('',(-1.08673789965299E-16,-0.939692620785909,0.342020143325668));
#1522=DIRECTION('',(-7.60942069395212E-17,-0.342020143325668,-0.939692620785909));
#1523=DIRECTION('',(-1.08673789965299E-16,0.939692620785909,-0.342020143325668));
#1524=DIRECTION('',(1.,7.60942069395212E-17,-1.08673789965299E-16));
#1525=DIRECTION('',(1.08673789965299E-16,-0.939692620785909,0.342020143325668));
#1526=DIRECTION('',(1.,7.60942069395212E-17,-1.08673789965299E-16));
#1527=DIRECTION('',(1.,7.60942069395212E-17,-1.08673789965299E-16));
#1528=DIRECTION('',(-1.08673789965299E-16,0.939692620785909,-0.342020143325668));
#1529=DIRECTION('',(7.60942069395212E-17,0.342020143325668,0.939692620785909));
#1530=DIRECTION('',(1.08673789965299E-16,-0.939692620785909,0.342020143325668));
#1531=DIRECTION('',(7.60942069395212E-17,0.342020143325668,0.939692620785909));
#1532=DIRECTION('',(-1.08673789965299E-16,0.939692620785909,-0.342020143325668));
#1533=DIRECTION('',(1.,7.60942069395212E-17,-1.08673789965299E-16));
#1534=DIRECTION('',(-1.08673789965299E-16,0.939692620785909,-0.342020143325668));
#1535=DIRECTION('',(-1.,-7.60942069395212E-17,1.08673789965299E-16));
#1536=DIRECTION('',(-1.,-1.15648231731787E-16,0.));
#1537=DIRECTION('',(-1.08673789965299E-16,0.939692620785909,-0.342020143325668));
#1538=DIRECTION('',(1.,7.60942069395212E-17,-1.08673789965299E-16));
#1539=DIRECTION('',(-1.,-1.15648231731787E-16,0.));
#1540=DIRECTION('',(1.08673789965299E-16,-0.939692620785909,0.342020143325668));
#1541=DIRECTION('',(-1.,-7.60942069395212E-17,1.08673789965299E-16));
#1542=DIRECTION('',(7.60942069395212E-17,0.342020143325668,0.939692620785909));
#1543=DIRECTION('',(1.08673789965299E-16,-0.939692620785909,0.342020143325668));
#1544=DIRECTION('',(-1.,-7.60942069395212E-17,1.08673789965299E-16));
#1545=DIRECTION('',(1.08673789965299E-16,-0.939692620785909,0.342020143325668));
#1546=DIRECTION('',(-1.,-7.60942069395212E-17,1.08673789965299E-16));
#1547=DIRECTION('',(1.08673789965299E-16,-0.939692620785909,0.342020143325668));
#1548=DIRECTION('',(1.,-4.25678674372766E-17,-4.34695159861196E-16));
#1549=DIRECTION('',(4.23038902134883E-16,0.342020143325668,0.939692620785909));
#1550=DIRECTION('',(4.23038902134883E-16,0.342020143325668,0.939692620785909));
#1551=DIRECTION('',(4.23038902134883E-16,0.342020143325668,0.939692620785909));
#1552=DIRECTION('',(1.08673789965299E-16,-0.939692620785909,0.342020143325668));
#1553=DIRECTION('',(-1.08673789965299E-16,0.939692620785909,-0.342020143325668));
#1554=DIRECTION('',(1.,7.60942069395212E-17,-1.08673789965299E-16));
#1555=DIRECTION('',(-1.08673789965299E-16,0.939692620785909,-0.342020143325668));
#1556=DIRECTION('',(-1.,-7.60942069395212E-17,1.08673789965299E-16));
#1557=DIRECTION('',(7.60942069395212E-17,0.342020143325668,0.939692620785909));
#1558=DIRECTION('',(-1.,-1.15648231731787E-16,0.));
#1559=DIRECTION('',(-1.08673789965299E-16,0.939692620785909,-0.342020143325668));
#1560=DIRECTION('',(1.,7.60942069395212E-17,-1.08673789965299E-16));
#1561=DIRECTION('',(-1.,-1.15648231731787E-16,0.));
#1562=DIRECTION('',(7.60942069395212E-17,0.342020143325668,0.939692620785909));
#1563=DIRECTION('',(1.08673789965299E-16,-0.939692620785909,0.342020143325668));
#1564=DIRECTION('',(1.,7.60942069395212E-17,-1.08673789965299E-16));
#1565=DIRECTION('',(7.60942069395212E-17,0.342020143325668,0.939692620785909));
#1566=DIRECTION('',(1.08673789965299E-16,-0.939692620785909,0.342020143325668));
#1567=DIRECTION('',(-1.,-7.60942069395212E-17,1.08673789965299E-16));
#1568=DIRECTION('',(1.08673789965299E-16,-0.939692620785909,0.342020143325668));
#1569=DIRECTION('',(-1.,-7.60942069395212E-17,1.08673789965299E-16));
#1570=DIRECTION('',(1.08673789965299E-16,-0.939692620785909,0.342020143325668));
#1571=DIRECTION('',(-1.,-7.60942069395212E-17,1.08673789965299E-16));
#1572=DIRECTION('',(1.08673789965299E-16,-0.939692620785909,0.342020143325668));
#1573=DIRECTION('',(-7.60942069395212E-17,-0.342020143325668,-0.939692620785909));
#1574=DIRECTION('',(1.08673789965299E-16,-0.939692620785909,0.342020143325668));
#1575=DIRECTION('',(-7.60942069395212E-17,-0.342020143325668,-0.939692620785909));
#1576=DIRECTION('',(-1.08673789965299E-16,0.939692620785909,-0.342020143325668));
#1577=DIRECTION('',(1.,7.60942069395212E-17,-1.08673789965299E-16));
#1578=DIRECTION('',(-1.08673789965299E-16,0.939692620785909,-0.342020143325668));
#1579=DIRECTION('',(-1.,-7.60942069395212E-17,1.08673789965299E-16));
#1580=DIRECTION('',(7.60942069395212E-17,0.342020143325668,0.939692620785909));
#1581=DIRECTION('',(-1.,-1.15648231731787E-16,0.));
#1582=DIRECTION('',(-1.08673789965299E-16,0.939692620785909,-0.342020143325668));
#1583=DIRECTION('',(1.,7.60942069395212E-17,-1.08673789965299E-16));
#1584=DIRECTION('',(7.60942069395212E-17,0.342020143325668,0.939692620785909));
#1585=DIRECTION('',(-1.,-1.15648231731787E-16,0.));
#1586=DIRECTION('',(1.08673789965299E-16,-0.939692620785909,0.342020143325668));
#1587=DIRECTION('',(1.,7.60942069395212E-17,-1.08673789965299E-16));
#1588=DIRECTION('',(-1.08673789965299E-16,-8.37862109671899E-33,-1.));
#1589=DIRECTION('',(-1.,0.,1.08673789965299E-16));
#1590=DIRECTION('',(-1.,-7.60942069395212E-17,1.08673789965299E-16));
#1591=DIRECTION('',(-7.60942069395212E-17,-1.,1.09175234197455E-34));
#1592=DIRECTION('',(1.,7.60942069395212E-17,-1.08673789965299E-16));
#1593=DIRECTION('',(7.60942069395212E-17,-1.,1.09175234197455E-34));
#1594=DIRECTION('',(-1.08673789965299E-16,-8.37862109671899E-33,-1.));
#1595=DIRECTION('',(-1.,0.,1.08673789965299E-16));
#1596=DIRECTION('',(-1.08673789965299E-16,-8.37862109671899E-33,-1.));
#1597=DIRECTION('',(-1.,0.,1.08673789965299E-16));
#1598=DIRECTION('',(-1.08673789965299E-16,8.37862109671899E-33,1.));
#1599=DIRECTION('',(1.,0.,1.08673789965299E-16));
#1600=DIRECTION('',(-1.08673789965299E-16,8.37862109671899E-33,1.));
#1601=DIRECTION('',(1.,0.,1.08673789965299E-16));
#1602=DIRECTION('',(1.,7.60942069395212E-17,-1.08673789965299E-16));
#1603=DIRECTION('',(-7.60942069395212E-17,1.,8.26944586252154E-33));
#1604=DIRECTION('',(1.08673789965299E-16,-0.939692620785909,0.342020143325667));
#1605=DIRECTION('',(7.60942069395212E-17,0.342020143325668,0.939692620785909));
#1606=DIRECTION('',(1.08673789965299E-16,-0.939692620785909,0.342020143325668));
#1607=DIRECTION('',(1.08673789965299E-16,-0.939692620785909,0.342020143325668));
#1608=DIRECTION('',(7.60942069395212E-17,-1.,-8.26944586252154E-33));
#1609=DIRECTION('',(1.23850510799453E-16,-0.241839086588474,0.970316369128159));
#1610=DIRECTION('',(1.15592843725581E-16,-0.0977696219233061,0.995209074028655));
#1611=DIRECTION('',(1.08673789965299E-16,-0.939692620785909,0.342020143325668));
#1612=DIRECTION('',(0.,-0.342020143325668,-0.939692620785909));
#1613=DIRECTION('',(-1.,-7.60942069395212E-17,1.08673789965299E-16));
#1614=DIRECTION('',(7.60942069395212E-17,0.342020143325668,0.939692620785909));
#1615=DIRECTION('',(-1.,-1.35282732285578E-17,-3.71686252196752E-17));
#1616=DIRECTION('',(-7.60942069395212E-17,0.342020143325668,0.939692620785909));
#1617=DIRECTION('',(1.,-7.60942069395212E-17,1.08673789965299E-16));
#1618=DIRECTION('',(-1.,-1.35282732285578E-17,-3.71686252196752E-17));
#1619=DIRECTION('',(1.08673789965299E-16,2.4765169358633E-16,1.));
#1620=DIRECTION('',(0.,-1.,2.4765169358633E-16));
#1621=DIRECTION('',(1.,7.60942069395212E-17,-1.08673789965299E-16));
#1622=DIRECTION('',(7.60942069395212E-17,1.,-2.4765169358633E-16));
#1623=DIRECTION('',(-7.60942069395212E-17,1.,-2.4765169358633E-16));
#1624=DIRECTION('',(-1.08740666880073E-17,-0.769382182069824,-0.638788742788628));
#1625=DIRECTION('',(0.,0.638788742788628,-0.769382182069824));
#1626=DIRECTION('',(1.32219800441694E-16,-0.638788742788628,0.769382182069824));
#1627=DIRECTION('',(-1.32219800441694E-16,-0.638788742788628,0.769382182069824));
#1628=DIRECTION('',(1.,7.60942069395212E-17,-1.08673789965299E-16));
#1629=DIRECTION('',(-7.60942069395212E-17,1.,8.26944586252154E-33));
#1630=DIRECTION('',(-1.08673789965299E-16,2.29074671058444E-33,-1.));
#1631=DIRECTION('',(7.60942069395212E-17,-1.,-1.0560192573106E-32));
#1632=DIRECTION('',(4.3913789040968E-33,0.939692620785909,-0.342020143325668));
#1633=DIRECTION('',(-3.95540247922659E-17,0.342020143325668,0.939692620785909));
#1634=DIRECTION('',(1.,1.35282732285578E-17,3.71686252196752E-17));
#1635=DIRECTION('',(1.08673789965299E-16,-1.42547451204917E-48,1.));
#1636=DIRECTION('',(1.,0.,-1.08673789965299E-16));
#1637=DIRECTION('',(1.,7.60942069395212E-17,-1.08673789965299E-16));
#1638=DIRECTION('',(7.60942069395213E-17,0.342020143325667,0.939692620785909));
#1639=DIRECTION('',(0.,-0.939692620785909,0.342020143325667));
#1640=DIRECTION('',(1.,7.60942069395212E-17,-1.08673789965299E-16));
#1641=DIRECTION('',(-6.51046498693457E-17,0.995209074028655,0.0977696219233061));
#1642=DIRECTION('',(0.,-0.0977696219233061,0.995209074028656));
#1643=DIRECTION('',(1.,7.60942069395212E-17,-1.08673789965299E-16));
#1644=DIRECTION('',(-4.75538844879273E-17,0.970316369128159,0.241839086588474));
#1645=DIRECTION('',(0.,-0.241839086588474,0.970316369128159));
#1646=DIRECTION('',(-1.08673789965299E-16,-8.37862109671899E-33,-1.));
#1647=DIRECTION('',(-1.,0.,1.08673789965299E-16));
#1648=DIRECTION('',(-1.08673789965299E-16,-8.37862109671899E-33,-1.));
#1649=DIRECTION('',(-1.,0.,1.08673789965299E-16));
#1650=DIRECTION('',(-1.08673789965299E-16,-8.37862109671899E-33,-1.));
#1651=DIRECTION('',(1.,-9.10536509263664E-49,-1.08673789965299E-16));
#1652=DIRECTION('',(-1.08673789965299E-16,-8.37862109671899E-33,-1.));
#1653=DIRECTION('',(-1.,0.,1.08673789965299E-16));
#1654=DIRECTION('',(-1.08673789965299E-16,-8.37862109671899E-33,-1.));
#1655=DIRECTION('',(-1.,0.,1.08673789965299E-16));
#1656=DIRECTION('',(-1.08673789965299E-16,-8.37862109671899E-33,-1.));
#1657=DIRECTION('',(1.,-9.10536509263664E-49,-1.08673789965299E-16));
#1658=DIRECTION('',(-1.,7.60942069395212E-17,-1.08673789965299E-16));
#1659=DIRECTION('',(7.60942069395212E-17,1.,8.26944586252154E-33));
#1660=DIRECTION('',(8.03569478979121E-49,-1.0560192573106E-32,1.));
#1661=DIRECTION('',(4.3913789040968E-33,0.939692620785909,-0.342020143325668));
#1662=DIRECTION('',(7.60942069395212E-17,-1.,-1.0560192573106E-32));
#1663=DIRECTION('',(1.08673789965299E-16,-8.37862109671899E-33,-1.));
#1664=DIRECTION('',(1.,0.,1.08673789965299E-16));
#1665=DIRECTION('',(-1.08673789965299E-16,8.37862109671899E-33,1.));
#1666=DIRECTION('',(1.,0.,1.08673789965299E-16));
#1667=DIRECTION('',(1.08673789965299E-16,-8.37862109671899E-33,-1.));
#1668=DIRECTION('',(-1.,-9.10536509263664E-49,-1.08673789965299E-16));
#1669=DIRECTION('',(1.08673789965299E-16,-8.37862109671899E-33,-1.));
#1670=DIRECTION('',(1.,0.,1.08673789965299E-16));
#1671=DIRECTION('',(-1.08673789965299E-16,8.37862109671899E-33,1.));
#1672=DIRECTION('',(1.,0.,1.08673789965299E-16));
#1673=DIRECTION('',(1.08673789965299E-16,-8.37862109671899E-33,-1.));
#1674=DIRECTION('',(-1.,-9.10536509263664E-49,-1.08673789965299E-16));
#1675=DIRECTION('',(-7.60942069395212E-17,1.,1.0560192573106E-32));
#1676=DIRECTION('',(-1.,-7.60942069395212E-17,-8.03569478979121E-49));
#1677=DIRECTION('',(-1.,-7.60942069395212E-17,1.08673789965299E-16));
#1678=DIRECTION('',(1.08673789965299E-16,-2.29074671058444E-33,1.));
#1679=DIRECTION('',(1.,0.,-1.08673789965299E-16));
#1680=DIRECTION('',(-3.95540247922659E-17,0.342020143325668,0.939692620785909));
#1681=DIRECTION('',(1.,1.35282732285578E-17,3.71686252196752E-17));
#1682=DIRECTION('',(-7.60942069395212E-17,1.,1.0560192573106E-32));
#1683=DIRECTION('',(-1.,-7.60942069395212E-17,-8.03569478979121E-49));
#1684=DIRECTION('',(-7.60942069395212E-17,1.,1.0560192573106E-32));
#1685=DIRECTION('',(-1.,-7.60942069395212E-17,0.));
#1686=DIRECTION('',(-7.60942069395212E-17,1.,1.0560192573106E-32));
#1687=DIRECTION('',(-7.60942069395212E-17,1.,1.0560192573106E-32));
#1688=DIRECTION('',(1.44560289664734E-16,4.40008023879416E-34,1.));
#1689=DIRECTION('',(1.,0.,-1.44560289664734E-16));
#1690=DIRECTION('',(-7.60942069395212E-17,1.,1.0560192573106E-32));
#1691=DIRECTION('',(-7.60942069395212E-17,1.,1.0560192573106E-32));
#1692=DIRECTION('',(-1.,-7.60942069395212E-17,0.));
#1693=DIRECTION('',(-7.60942069395212E-17,1.,1.0560192573106E-32));
#1694=DIRECTION('',(1.44560289664734E-16,4.40008023879418E-34,1.));
#1695=DIRECTION('',(1.,0.,-1.44560289664734E-16));
#1696=DIRECTION('',(-7.60942069395212E-17,1.,1.0560192573106E-32));
#1697=DIRECTION('',(-1.,-7.60942069395212E-17,-8.03569478979121E-49));
#1698=DIRECTION('',(-7.60942069395212E-17,1.,1.0560192573106E-32));
#1699=DIRECTION('',(-1.,-7.60942069395212E-17,0.));
#1700=DIRECTION('',(-7.60942069395212E-17,1.,1.0560192573106E-32));
#1701=DIRECTION('',(-1.,-7.60942069395212E-17,0.));
#1702=DIRECTION('',(-7.60942069395212E-17,1.,1.0560192573106E-32));
#1703=DIRECTION('',(-1.,-7.60942069395212E-17,0.));
#1704=DIRECTION('',(7.60942069395212E-17,-1.,-1.0560192573106E-32));
#1705=DIRECTION('',(-1.,-7.60942069395212E-17,0.));
#1706=DIRECTION('',(-7.60942069395212E-17,1.,1.0560192573106E-32));
#1707=DIRECTION('',(-1.,-7.60942069395212E-17,-8.03569478979121E-49));
#1708=CARTESIAN_POINT('',(0.,0.,0.));
#1709=CARTESIAN_POINT('',(-2.25119771214044E-18,0.0164483730442453,0.0145881229541576));
#1710=CARTESIAN_POINT('',(0.003,0.0164483730442453,-0.00199999999999998));
#1711=CARTESIAN_POINT('',(0.000999999999999998,0.0164483730442453,-0.00199999999999998));
#1712=CARTESIAN_POINT('',(-0.001,0.0164483730442453,-0.00199999999999998));
#1713=CARTESIAN_POINT('',(-0.003,0.0164483730442453,-0.00199999999999998));
#1714=CARTESIAN_POINT('',(0.003,0.0164483730442453,-0.002));
#1715=CARTESIAN_POINT('',(-0.003,0.0164483730442453,-0.002));
#1716=CARTESIAN_POINT('',(-0.003,0.0164483730442453,-0.00199999999999998));
#1717=CARTESIAN_POINT('',(-0.00359093514853443,0.0164483730442453,-0.00199999999999998));
#1718=CARTESIAN_POINT('',(-0.00478443921744923,0.0164483730442453,-0.00237294688594319));
#1719=CARTESIAN_POINT('',(-0.00554436960064703,0.0164483730442453,-0.00330585900993602));
#1720=CARTESIAN_POINT('',(-0.00577411871738684,0.0164483730442453,-0.00386745031281928));
#1721=CARTESIAN_POINT('',(-0.00577403137074553,0.0164483730442453,-0.00386748604665916));
#1722=CARTESIAN_POINT('',(-0.00577391025154001,0.0164483730442453,-0.00386742506796745));
#1723=CARTESIAN_POINT('',(-0.00602640544837969,0.0164483730442453,-0.00336590532752728));
#1724=CARTESIAN_POINT('',(-0.00686693860211897,0.0164483730442453,-0.0025656398265542));
#1725=CARTESIAN_POINT('',(-0.0086196956504361,0.0164483730442453,-0.00237940391217726));
#1726=CARTESIAN_POINT('',(-0.0101130948056601,0.0164483730442453,-0.00332950664158396));
#1727=CARTESIAN_POINT('',(-0.0106934575506785,0.0164483730442453,-0.00500038976527303));
#1728=CARTESIAN_POINT('',(-0.0101130753319146,0.0164483730442453,-0.00666984844095394));
#1729=CARTESIAN_POINT('',(-0.00862030016834379,0.0164483730442453,-0.00762069571163505));
#1730=CARTESIAN_POINT('',(-0.00686628347306998,0.0164483730442453,-0.00743378966015508));
#1731=CARTESIAN_POINT('',(-0.00602695009141123,0.0164483730442453,-0.0066349043646818));
#1732=CARTESIAN_POINT('',(-0.00577397745342779,0.0164483730442453,-0.00613249976534875));
#1733=CARTESIAN_POINT('',(-0.00577417182030263,0.0164483730442453,-0.00613240189701488));
#1734=CARTESIAN_POINT('',(-0.00577417182030262,0.0164483730442453,-0.00613240189701488));
#1735=CARTESIAN_POINT('',(-0.0055444400511552,0.0164483730442453,-0.00669471650384381));
#1736=CARTESIAN_POINT('',(-0.00478534292148491,0.0164483730442453,-0.0076258997718369));
#1737=CARTESIAN_POINT('',(-0.00359167303676394,0.0164483730442453,-0.00799999999999998));
#1738=CARTESIAN_POINT('',(-0.003,0.0164483730442453,-0.00799999999999998));
#1739=CARTESIAN_POINT('',(-0.003,0.0164483730442453,-0.008));
#1740=CARTESIAN_POINT('',(-0.003,0.0164483730442453,-0.00800000000000003));
#1741=CARTESIAN_POINT('',(-0.001,0.0164483730442453,-0.00800000000000003));
#1742=CARTESIAN_POINT('',(0.000999999999999998,0.0164483730442453,-0.00800000000000003));
#1743=CARTESIAN_POINT('',(0.003,0.0164483730442453,-0.00800000000000003));
#1744=CARTESIAN_POINT('',(0.003,0.0164483730442453,-0.008));
#1745=CARTESIAN_POINT('',(0.003,0.0164483730442453,-0.00799999999999998));
#1746=CARTESIAN_POINT('',(0.00359096094969846,0.0164483730442453,-0.00799999999999998));
#1747=CARTESIAN_POINT('',(0.00478451446639592,0.0164483730442453,-0.00762702509208904));
#1748=CARTESIAN_POINT('',(0.0055444484766601,0.0164483730442453,-0.0066940266953995));
#1749=CARTESIAN_POINT('',(0.00577417810366415,0.0164483730442453,-0.00613240446649077));
#1750=CARTESIAN_POINT('',(0.00577417810366415,0.0164483730442453,-0.00613240446649076));
#1751=CARTESIAN_POINT('',(0.00577393271559376,0.0164483730442453,-0.00613252801557842));
#1752=CARTESIAN_POINT('',(0.00602643711749599,0.0164483730442453,-0.0066340417792542));
#1753=CARTESIAN_POINT('',(0.00686698762017287,0.0164483730442453,-0.00743429135990427));
#1754=CARTESIAN_POINT('',(0.00861974599456865,0.0164483730442453,-0.00762049199709974));
#1755=CARTESIAN_POINT('',(0.0101131262242748,0.0164483730442453,-0.0066703617174911));
#1756=CARTESIAN_POINT('',(0.0106934574127059,0.0164483730442453,-0.00499946830803651));
#1757=CARTESIAN_POINT('',(0.0101130444828165,0.0164483730442453,-0.0033300211110901));
#1758=CARTESIAN_POINT('',(0.00862025235684935,0.0164483730442453,-0.00237920119508658));
#1759=CARTESIAN_POINT('',(0.00686623853274725,0.0164483730442453,-0.00256613993593316));
#1760=CARTESIAN_POINT('',(0.00602692144224038,0.0164483730442453,-0.00336503922321093));
#1761=CARTESIAN_POINT('',(0.00577395726618208,0.0164483730442453,-0.00386744879424353));
#1762=CARTESIAN_POINT('',(0.00577405486511835,0.0164483730442453,-0.00386749793549385));
#1763=CARTESIAN_POINT('',(0.0057741200190841,0.0164483730442453,-0.00386747131380743));
#1764=CARTESIAN_POINT('',(0.00554437134076553,0.0164483730442453,-0.00330518396352199));
#1765=CARTESIAN_POINT('',(0.00478527709580332,0.0164483730442453,-0.00237407558665221));
#1766=CARTESIAN_POINT('',(0.00359165046759346,0.0164483730442453,-0.00199999999999998));
#1767=CARTESIAN_POINT('',(0.003,0.0164483730442453,-0.00199999999999998));
#1768=CARTESIAN_POINT('',(0.0325,0.0164483730442453,-0.0116071130998033));
#1769=CARTESIAN_POINT('',(0.0325,0.0164483730442453,-0.0116071130998033));
#1770=CARTESIAN_POINT('',(-0.0325,0.0164483730442453,-0.0116071130998032));
#1771=CARTESIAN_POINT('',(-0.0325,0.0164483730442453,0.0145881229541576));
#1772=CARTESIAN_POINT('',(-0.0325,0.0164483730442453,0.0407833590081185));
#1773=CARTESIAN_POINT('',(-9.88850619806648E-20,0.0164483730442453,0.0407833590081185));
#1774=CARTESIAN_POINT('',(0.0325,0.0164483730442453,0.0407833590081185));
#1775=CARTESIAN_POINT('',(0.0325,0.0164483730442453,0.0133928869001967));
#1776=CARTESIAN_POINT('',(-0.00800000000000523,0.0139463730442453,-0.005));
#1777=CARTESIAN_POINT('',(-0.00800000000000523,0.0139483730442453,-0.005));
#1778=CARTESIAN_POINT('',(-0.00900000000000523,0.0139483730442453,-0.005));
#1779=CARTESIAN_POINT('',(-0.00800000000000523,0.0154483730442453,-0.005));
#1780=CARTESIAN_POINT('',(-0.00900000000000523,0.0154483730442453,-0.005));
#1781=CARTESIAN_POINT('',(0.00800000000000523,0.0139463730442453,-0.005));
#1782=CARTESIAN_POINT('',(0.00800000000000523,0.0139483730442453,-0.005));
#1783=CARTESIAN_POINT('',(0.00700000000000523,0.0139483730442453,-0.005));
#1784=CARTESIAN_POINT('',(0.00800000000000523,0.0154483730442453,-0.005));
#1785=CARTESIAN_POINT('',(0.00700000000000523,0.0154483730442453,-0.005));
#1786=CARTESIAN_POINT('',(-2.06096219479164E-18,0.0139483730442453,0.0145881229541576));
#1787=CARTESIAN_POINT('',(-1.10766824888405E-18,0.0139483730442453,-0.00906587254384628));
#1788=CARTESIAN_POINT('',(0.03,0.0139483730442453,-0.00906587254384629));
#1789=CARTESIAN_POINT('',(-0.03,0.0139483730442453,-0.00906587254384629));
#1790=CARTESIAN_POINT('',(0.03,0.0139483730442453,0.0177093792477246));
#1791=CARTESIAN_POINT('',(0.03,0.0139483730442453,0.0390328401625942));
#1792=CARTESIAN_POINT('',(-2.41288026467493E-18,0.0139483730442453,0.0390328401625942));
#1793=CARTESIAN_POINT('',(-0.03,0.0139483730442453,0.0390328401625942));
#1794=CARTESIAN_POINT('',(-0.03,0.0139483730442453,0.0177093792477246));
#1795=CARTESIAN_POINT('',(-1.1108070896338E-18,0.0139483730442453,-0.0035));
#1796=CARTESIAN_POINT('',(0.003,0.0139483730442453,-0.0035));
#1797=CARTESIAN_POINT('',(-0.003,0.0139483730442453,-0.0035));
#1798=CARTESIAN_POINT('',(0.003,0.0139483730442453,-0.005));
#1799=CARTESIAN_POINT('',(0.003,0.0139483730442453,-0.0065));
#1800=CARTESIAN_POINT('',(-1.544487958628E-18,0.0139483730442453,-0.0065));
#1801=CARTESIAN_POINT('',(-0.003,0.0139483730442453,-0.0065));
#1802=CARTESIAN_POINT('',(-0.003,0.0139483730442453,-0.005));
#1803=CARTESIAN_POINT('',(-1.11065490121992E-18,0.0139463730442453,-0.0035));
#1804=CARTESIAN_POINT('',(-1.16787774483844E-18,0.0146983730442453,-0.0035));
#1805=CARTESIAN_POINT('',(0.003,0.0146983730442453,-0.0035));
#1806=CARTESIAN_POINT('',(-0.003,0.0146983730442453,-0.0035));
#1807=CARTESIAN_POINT('',(0.003,0.0139463730442453,-0.0035));
#1808=CARTESIAN_POINT('',(-0.003,0.0139463730442453,-0.0035));
#1809=CARTESIAN_POINT('',(0.003,0.0139463730442453,-0.005));
#1810=CARTESIAN_POINT('',(0.003,0.0146983730442453,-0.005));
#1811=CARTESIAN_POINT('',(0.003,0.0146983730442453,-0.0065));
#1812=CARTESIAN_POINT('',(0.003,0.0139463730442453,-0.0065));
#1813=CARTESIAN_POINT('',(-1.54433577021413E-18,0.0139463730442453,-0.0065));
#1814=CARTESIAN_POINT('',(-1.60155861383265E-18,0.0146983730442453,-0.0065));
#1815=CARTESIAN_POINT('',(-0.003,0.0146983730442453,-0.0065));
#1816=CARTESIAN_POINT('',(-0.003,0.0139463730442453,-0.0065));
#1817=CARTESIAN_POINT('',(-0.003,0.0139463730442453,-0.005));
#1818=CARTESIAN_POINT('',(-0.003,0.0146983730442453,-0.005));
#1819=CARTESIAN_POINT('',(-0.025,-0.00427149961107895,0.0350225537564939));
#1820=CARTESIAN_POINT('',(-0.025,-0.0089699627150085,0.0367326544731221));
#1821=CARTESIAN_POINT('',(-0.03,-0.0089699627150085,0.0367326544731221));
#1822=CARTESIAN_POINT('',(-0.02,-0.0089699627150085,0.0367326544731221));
#1823=CARTESIAN_POINT('',(-0.03,-0.00427149961107895,0.0350225537564939));
#1824=CARTESIAN_POINT('',(-0.03,-0.00427149961107895,0.0350225537564939));
#1825=CARTESIAN_POINT('',(-0.025,-0.00427149961107895,0.0350225537564939));
#1826=CARTESIAN_POINT('',(-0.02,-0.00427149961107895,0.0350225537564939));
#1827=CARTESIAN_POINT('',(-0.02,-0.00427149961107895,0.0350225537564939));
#1828=CARTESIAN_POINT('',(-0.02,-0.00256139889445061,0.0397210168604233));
#1829=CARTESIAN_POINT('',(-0.02,-0.00725986199838016,0.0414311175770517));
#1830=CARTESIAN_POINT('',(-0.02,-0.00554976128175181,0.0461295806809813));
#1831=CARTESIAN_POINT('',(-0.02,-0.00256139889445061,0.0397210168604233));
#1832=CARTESIAN_POINT('',(-0.02,-0.000851298177822271,0.0444194799643529));
#1833=CARTESIAN_POINT('',(-0.02,-0.000851298177822271,0.0444194799643529));
#1834=CARTESIAN_POINT('',(1.08730174874829E-18,-0.00940180176096398,0.0209271644447052));
#1835=CARTESIAN_POINT('',(-0.025,-0.00256139889445061,0.0397210168604234));
#1836=CARTESIAN_POINT('',(-0.0265445273064865,-0.00256139889445061,0.0397210168604234));
#1837=CARTESIAN_POINT('',(-0.03,-0.00940180176096398,0.0209271644447052));
#1838=CARTESIAN_POINT('',(-0.03,-0.000851298177822269,0.0444194799643529));
#1839=CARTESIAN_POINT('',(2.98965692223632E-18,-0.000851298177822268,0.0444194799643529));
#1840=CARTESIAN_POINT('',(1.63067069857478E-18,-0.0141002648648935,0.0226372651613336));
#1841=CARTESIAN_POINT('',(-0.0230756853247654,-0.00697559254104442,0.0422121414921222));
#1842=CARTESIAN_POINT('',(-0.0229001812973457,-0.00725081477744367,0.0414559746122835));
#1843=CARTESIAN_POINT('',(-0.0230571612004131,-0.00752385567868939,0.0407058009015234));
#1844=CARTESIAN_POINT('',(-0.0234862436250072,-0.00775750566917582,0.0400638528286061));
#1845=CARTESIAN_POINT('',(-0.0241570933569895,-0.00791521065890151,0.0396305619303995));
#1846=CARTESIAN_POINT('',(-0.0249577661156815,-0.00797788259559252,0.0394583721995074));
#1847=CARTESIAN_POINT('',(-0.0257588259734938,-0.00792712418253417,0.0395978297932326));
#1848=CARTESIAN_POINT('',(-0.0264546041525616,-0.00777779343415069,0.0400081126524465));
#1849=CARTESIAN_POINT('',(-0.0269160959145373,-0.00754816965636047,0.040638998796895));
#1850=CARTESIAN_POINT('',(-0.0270993538644563,-0.00727430640728527,0.0413914318897475));
#1851=CARTESIAN_POINT('',(-0.0269509436476588,-0.00700032854644824,0.0421441798758278));
#1852=CARTESIAN_POINT('',(-0.0265143305057401,-0.00676235798934334,0.0427979986079685));
#1853=CARTESIAN_POINT('',(-0.0258429545473253,-0.00660451866738345,0.0432316585809553));
#1854=CARTESIAN_POINT('',(-0.0250422349429699,-0.00654184050478731,0.0434038654173812));
#1855=CARTESIAN_POINT('',(-0.0242411663365847,-0.0065926006400052,0.0432644030920616));
#1856=CARTESIAN_POINT('',(-0.0235454277313055,-0.00674192797527326,0.0428541296103052));
#1857=CARTESIAN_POINT('',(-0.0230756853247654,-0.00697559254104442,0.0422121414921222));
#1858=CARTESIAN_POINT('',(-0.0229001812973457,-0.00725081477744367,0.0414559746122835));
#1859=CARTESIAN_POINT('',(-0.0230571612004131,-0.00752385567868939,0.0407058009015234));
#1860=CARTESIAN_POINT('',(-0.0229554726935135,-0.00725986199838015,0.0414311175770517));
#1861=CARTESIAN_POINT('',(3.53302587206281E-18,-0.00554976128175181,0.0461295806809813));
#1862=CARTESIAN_POINT('',(-0.03,-0.00554976128175181,0.0461295806809813));
#1863=CARTESIAN_POINT('',(-0.03,-0.0141002648648935,0.0226372651613336));
#1864=CARTESIAN_POINT('',(-0.025,-0.00444078413602243,0.0404050571470747));
#1865=CARTESIAN_POINT('',(-0.0237896904476753,-0.00720396593454174,0.0401227885502026));
#1866=CARTESIAN_POINT('',(-0.0232883638164326,-0.0067900156879872,0.0412601075053889));
#1867=CARTESIAN_POINT('',(-0.0237896904476752,-0.00637606544143266,0.0423974264605752));
#1868=CARTESIAN_POINT('',(-0.025,-0.00620460163516209,0.0428685193965573));
#1869=CARTESIAN_POINT('',(-0.0262103095523248,-0.00637606544143266,0.0423974264605751));
#1870=CARTESIAN_POINT('',(-0.0267116361835674,-0.00679001568798721,0.0412601075053889));
#1871=CARTESIAN_POINT('',(-0.0262103095523248,-0.00720396593454174,0.0401227885502026));
#1872=CARTESIAN_POINT('',(-0.025,-0.00737542974081232,0.0396516956142205));
#1873=CARTESIAN_POINT('',(-0.0237896904476753,-0.00720396593454174,0.0401227885502026));
#1874=CARTESIAN_POINT('',(-0.0232883638164326,-0.0067900156879872,0.0412601075053889));
#1875=CARTESIAN_POINT('',(-0.0237896904476752,-0.00637606544143266,0.0423974264605752));
#1876=CARTESIAN_POINT('',(-0.0234554726935135,-0.0067900156879872,0.0412601075053889));
#1877=CARTESIAN_POINT('',(-0.0229554726935135,-0.00725986199838015,0.0414311175770517));
#1878=CARTESIAN_POINT('',(-0.0229554726935135,-0.00744251390727449,0.0409292855817442));
#1879=CARTESIAN_POINT('',(-0.0233978846352296,-0.00780781772506317,0.0399256215911293));
#1880=CARTESIAN_POINT('',(-0.025,-0.00803478841863528,0.039302024735662));
#1881=CARTESIAN_POINT('',(-0.0266021153647703,-0.00780781772506317,0.0399256215911293));
#1882=CARTESIAN_POINT('',(-0.0272657332773446,-0.00725986199838015,0.0414311175770517));
#1883=CARTESIAN_POINT('',(-0.0266021153647703,-0.00671190627169714,0.0429366135629742));
#1884=CARTESIAN_POINT('',(-0.025,-0.00648493557812502,0.0435602104184415));
#1885=CARTESIAN_POINT('',(-0.0233978846352296,-0.00671190627169714,0.0429366135629741));
#1886=CARTESIAN_POINT('',(-0.0229554726935135,-0.00707721008948581,0.0419329495723592));
#1887=CARTESIAN_POINT('',(-0.0229554726935135,-0.00725986199838015,0.0414311175770517));
#1888=CARTESIAN_POINT('',(-0.0229867226935135,-0.00725986199838015,0.0414311175770517));
#1889=CARTESIAN_POINT('',(-0.0229867226935135,-0.00743972212643848,0.0409369559365512));
#1890=CARTESIAN_POINT('',(-0.0234223724985075,-0.00779944238255514,0.0399486326555503));
#1891=CARTESIAN_POINT('',(-0.025,-0.0080229438956709,0.0393345672950508));
#1892=CARTESIAN_POINT('',(-0.0265776275014925,-0.00779944238255514,0.0399486326555503));
#1893=CARTESIAN_POINT('',(-0.0272311022089835,-0.00725986199838015,0.0414311175770517));
#1894=CARTESIAN_POINT('',(-0.0265776275014925,-0.00672028161420517,0.0429136024985531));
#1895=CARTESIAN_POINT('',(-0.025,-0.0064967801010894,0.0435276678590527));
#1896=CARTESIAN_POINT('',(-0.0234223724985075,-0.00672028161420517,0.0429136024985531));
#1897=CARTESIAN_POINT('',(-0.0229867226935135,-0.00708000187032182,0.0419252792175522));
#1898=CARTESIAN_POINT('',(-0.0229867226935135,-0.00725986199838015,0.0414311175770517));
#1899=CARTESIAN_POINT('',(-0.0230182439608746,-0.0072596835628239,0.0414310526318205));
#1900=CARTESIAN_POINT('',(-0.0230182439608746,-0.00743672767583758,0.0409446279290681));
#1901=CARTESIAN_POINT('',(-0.0234470729300429,-0.00779081590186493,0.0399717785235632));
#1902=CARTESIAN_POINT('',(-0.025,-0.00801081812011066,0.0393673273967031));
#1903=CARTESIAN_POINT('',(-0.0265529270699571,-0.00779081590186493,0.0399717785235632));
#1904=CARTESIAN_POINT('',(-0.0271961705237096,-0.0072596835628239,0.0414310526318205));
#1905=CARTESIAN_POINT('',(-0.026552927069957,-0.00672855122378289,0.0428903267400778));
#1906=CARTESIAN_POINT('',(-0.025,-0.00650854900553715,0.043494777866938));
#1907=CARTESIAN_POINT('',(-0.023447072930043,-0.00672855122378289,0.0428903267400778));
#1908=CARTESIAN_POINT('',(-0.0230182439608746,-0.00708263944981023,0.0419174773345729));
#1909=CARTESIAN_POINT('',(-0.0230182439608746,-0.0072596835628239,0.0414310526318205));
#1910=CARTESIAN_POINT('',(-0.0230836193949024,-0.00725384617105524,0.041428927994971));
#1911=CARTESIAN_POINT('',(-0.0230836193949024,-0.00742504983978525,0.0409585497810075));
#1912=CARTESIAN_POINT('',(-0.0234983018801294,-0.00776745717724527,0.0400177933530805));
#1913=CARTESIAN_POINT('',(-0.025,-0.00798020182179326,0.039433282246075));
#1914=CARTESIAN_POINT('',(-0.0265016981198706,-0.00776745717724527,0.0400177933530805));
#1915=CARTESIAN_POINT('',(-0.0271237218477111,-0.00725384617105524,0.041428927994971));
#1916=CARTESIAN_POINT('',(-0.0265016981198706,-0.00674023516486523,0.0428400626368614));
#1917=CARTESIAN_POINT('',(-0.025,-0.00652749052031723,0.0434245737438669));
#1918=CARTESIAN_POINT('',(-0.0234983018801294,-0.00674023516486523,0.0428400626368614));
#1919=CARTESIAN_POINT('',(-0.0230836193949024,-0.00708264250232524,0.0418993062089345));
#1920=CARTESIAN_POINT('',(-0.0230836193949024,-0.00725384617105524,0.041428927994971));
#1921=CARTESIAN_POINT('',(-0.0231173650546246,-0.00724823819643033,0.041426886859133));
#1922=CARTESIAN_POINT('',(-0.0231173650546246,-0.00741642712960478,0.040964791563034));
#1923=CARTESIAN_POINT('',(-0.0235247453713774,-0.00775280499595369,0.0400406009708361));
#1924=CARTESIAN_POINT('',(-0.025,-0.00796180340743945,0.039466382554577));
#1925=CARTESIAN_POINT('',(-0.0264752546286226,-0.00775280499595369,0.040040600970836));
#1926=CARTESIAN_POINT('',(-0.0270863251037518,-0.00724823819643032,0.041426886859133));
#1927=CARTESIAN_POINT('',(-0.0264752546286226,-0.00674367139690697,0.0428131727474299));
#1928=CARTESIAN_POINT('',(-0.025,-0.00653467298542121,0.0433873911636889));
#1929=CARTESIAN_POINT('',(-0.0235247453713774,-0.00674367139690697,0.0428131727474299));
#1930=CARTESIAN_POINT('',(-0.0231173650546246,-0.00708004926325587,0.041888982155232));
#1931=CARTESIAN_POINT('',(-0.0231173650546246,-0.00724823819643033,0.041426886859133));
#1932=CARTESIAN_POINT('',(-0.0231842053324024,-0.0072298848249306,0.0414202067782087));
#1933=CARTESIAN_POINT('',(-0.0231842053324024,-0.0073921024490947,0.0409745175187802));
#1934=CARTESIAN_POINT('',(-0.023577122190055,-0.00771653769742291,0.0400831389999233));
#1935=CARTESIAN_POINT('',(-0.025,-0.00791811591737703,0.0395293073923455));
#1936=CARTESIAN_POINT('',(-0.026422877809945,-0.00771653769742291,0.0400831389999233));
#1937=CARTESIAN_POINT('',(-0.0270122530964239,-0.0072298848249306,0.0414202067782086));
#1938=CARTESIAN_POINT('',(-0.026422877809945,-0.00674323195243831,0.042757274556494));
#1939=CARTESIAN_POINT('',(-0.025,-0.00654165373248417,0.0433111061640718));
#1940=CARTESIAN_POINT('',(-0.023577122190055,-0.0067432319524383,0.0427572745564939));
#1941=CARTESIAN_POINT('',(-0.0231842053324024,-0.0070676672007665,0.0418658960376371));
#1942=CARTESIAN_POINT('',(-0.0231842053324024,-0.0072298848249306,0.0414202067782087));
#1943=CARTESIAN_POINT('',(-0.0232171914435135,-0.00721719040964329,0.0414155863889027));
#1944=CARTESIAN_POINT('',(-0.0232171914435135,-0.00737646115403605,0.0409779936151038));
#1945=CARTESIAN_POINT('',(-0.0236029704901816,-0.00769500264282156,0.0401028080675062));
#1946=CARTESIAN_POINT('',(-0.025,-0.00789291895007177,0.0395590374823944));
#1947=CARTESIAN_POINT('',(-0.0263970295098184,-0.00769500264282156,0.0401028080675062));
#1948=CARTESIAN_POINT('',(-0.0269756980798206,-0.00721719040964329,0.0414155863889027));
#1949=CARTESIAN_POINT('',(-0.0263970295098184,-0.00673937817646503,0.0427283647102991));
#1950=CARTESIAN_POINT('',(-0.025,-0.00654146186921482,0.0432721352954109));
#1951=CARTESIAN_POINT('',(-0.0236029704901816,-0.00673937817646503,0.0427283647102991));
#1952=CARTESIAN_POINT('',(-0.0232171914435135,-0.00705791966525054,0.0418531791627015));
#1953=CARTESIAN_POINT('',(-0.0232171914435135,-0.00721719040964329,0.0414155863889027));
#1954=CARTESIAN_POINT('',(-0.0232782265997635,-0.00718484259237503,0.0414038127462735));
#1955=CARTESIAN_POINT('',(-0.0232782265997635,-0.00733866063982245,0.0409812011342071));
#1956=CARTESIAN_POINT('',(-0.0236507983481462,-0.0076462967347173,0.0401359779100743));
#1957=CARTESIAN_POINT('',(-0.025,-0.00783743729888872,0.0396108235260716));
#1958=CARTESIAN_POINT('',(-0.0263492016518538,-0.0076462967347173,0.0401359779100743));
#1959=CARTESIAN_POINT('',(-0.0269080592744278,-0.00718484259237503,0.0414038127462735));
#1960=CARTESIAN_POINT('',(-0.0263492016518538,-0.00672338845003276,0.0426716475824727));
#1961=CARTESIAN_POINT('',(-0.025,-0.00653224788586135,0.0431968019664755));
#1962=CARTESIAN_POINT('',(-0.0236507983481462,-0.00672338845003276,0.0426716475824727));
#1963=CARTESIAN_POINT('',(-0.0232782265997635,-0.0070310245449276,0.0418264243583399));
#1964=CARTESIAN_POINT('',(-0.0232782265997635,-0.00718484259237503,0.0414038127462735));
#1965=CARTESIAN_POINT('',(-0.0233061671379579,-0.00716524017198157,0.0413966780487307));
#1966=CARTESIAN_POINT('',(-0.0233061671379579,-0.00731656209593847,0.0409809244795908));
#1967=CARTESIAN_POINT('',(-0.0236726928786811,-0.00761920594385225,0.0401494173413107));
#1968=CARTESIAN_POINT('',(-0.025,-0.00780724472341426,0.0396327850404823));
#1969=CARTESIAN_POINT('',(-0.0263273071213189,-0.00761920594385226,0.0401494173413108));
#1970=CARTESIAN_POINT('',(-0.0268770957324036,-0.00716524017198157,0.0413966780487307));
#1971=CARTESIAN_POINT('',(-0.0263273071213189,-0.00671127440011089,0.0426439387561507));
#1972=CARTESIAN_POINT('',(-0.025,-0.00652323562054889,0.0431605710569791));
#1973=CARTESIAN_POINT('',(-0.0236726928786811,-0.00671127440011089,0.0426439387561507));
#1974=CARTESIAN_POINT('',(-0.0233061671379579,-0.00701391824802468,0.0418124316178707));
#1975=CARTESIAN_POINT('',(-0.0233061671379579,-0.00716524017198157,0.0413966780487307));
#1976=CARTESIAN_POINT('',(-0.0233547782490691,-0.00711956066958226,0.0413800520695413));
#1977=CARTESIAN_POINT('',(-0.0233547782490691,-0.0072665398233498,0.0409762301634344));
#1978=CARTESIAN_POINT('',(-0.0237107851104466,-0.00756049813088489,0.0401685863512206));
#1979=CARTESIAN_POINT('',(-0.025,-0.00774314040751481,0.0396667808203422));
#1980=CARTESIAN_POINT('',(-0.0262892148895534,-0.0075604981308849,0.0401685863512206));
#1981=CARTESIAN_POINT('',(-0.0268232251816197,-0.00711956066958226,0.0413800520695413));
#1982=CARTESIAN_POINT('',(-0.0262892148895534,-0.00667862320827962,0.0425915177878619));
#1983=CARTESIAN_POINT('',(-0.025,-0.00649598093164971,0.0430933233187404));
#1984=CARTESIAN_POINT('',(-0.0237107851104466,-0.00667862320827962,0.0425915177878619));
#1985=CARTESIAN_POINT('',(-0.0233547782490691,-0.00697258151581471,0.0417838739756482));
#1986=CARTESIAN_POINT('',(-0.0233547782490691,-0.00711956066958226,0.0413800520695413));
#1987=CARTESIAN_POINT('',(-0.0233756387091385,-0.00709330515202015,0.0413704958426635));
#1988=CARTESIAN_POINT('',(-0.0233756387091385,-0.00723842069514283,0.040971794164722));
#1989=CARTESIAN_POINT('',(-0.0237271316094576,-0.00752865178138817,0.0401743908088391));
#1990=CARTESIAN_POINT('',(-0.025,-0.00770897825960582,0.0396789478818063));
#1991=CARTESIAN_POINT('',(-0.0262728683905424,-0.00752865178138818,0.0401743908088391));
#1992=CARTESIAN_POINT('',(-0.0268001077410211,-0.00709330515202015,0.0413704958426634));
#1993=CARTESIAN_POINT('',(-0.0262728683905424,-0.00665795852265213,0.0425666008764878));
#1994=CARTESIAN_POINT('',(-0.025,-0.00647763204443448,0.0430620438035205));
#1995=CARTESIAN_POINT('',(-0.0237271316094576,-0.00665795852265213,0.0425666008764877));
#1996=CARTESIAN_POINT('',(-0.0233756387091385,-0.00694818960889748,0.0417691975206049));
#1997=CARTESIAN_POINT('',(-0.0233756387091385,-0.00709330515202015,0.0413704958426635));
#1998=CARTESIAN_POINT('',(-0.0234100625372635,-0.00703595086608351,0.0413496205897749));
#1999=CARTESIAN_POINT('',(-0.0234100625372635,-0.00717799108812902,0.0409593682870506));
#2000=CARTESIAN_POINT('',(-0.0237541065213496,-0.00746207153222003,0.0401788636816018));
#2001=CARTESIAN_POINT('',(-0.025,-0.00763857649134124,0.0396939202919946));
#2002=CARTESIAN_POINT('',(-0.0262458934786504,-0.00746207153222004,0.0401788636816018));
#2003=CARTESIAN_POINT('',(-0.0267619594547796,-0.00703595086608351,0.0413496205897749));
#2004=CARTESIAN_POINT('',(-0.0262458934786504,-0.00660983019994699,0.0425203774979479));
#2005=CARTESIAN_POINT('',(-0.025,-0.00643332524082579,0.0430053208875552));
#2006=CARTESIAN_POINT('',(-0.0237541065213496,-0.00660983019994699,0.0425203774979479));
#2007=CARTESIAN_POINT('',(-0.0234100625372635,-0.006893910644038,0.0417398728924993));
#2008=CARTESIAN_POINT('',(-0.0234100625372635,-0.00703595086608351,0.0413496205897749));
#2009=CARTESIAN_POINT('',(-0.0234235716518468,-0.00700495406088398,0.0413383386753249));
#2010=CARTESIAN_POINT('',(-0.0234235716518468,-0.00714578741933892,0.040951402203064));
#2011=CARTESIAN_POINT('',(-0.0237646924205791,-0.0074274541362488,0.0401775292585422));
#2012=CARTESIAN_POINT('',(-0.025,-0.00760245939756856,0.0396967062547804));
#2013=CARTESIAN_POINT('',(-0.0262353075794209,-0.0074274541362488,0.0401775292585422));
#2014=CARTESIAN_POINT('',(-0.0267469887325193,-0.00700495406088398,0.0413383386753249));
#2015=CARTESIAN_POINT('',(-0.0262353075794209,-0.00658245398551916,0.0424991480921077));
#2016=CARTESIAN_POINT('',(-0.025,-0.0064074487241994,0.0429799710958694));
#2017=CARTESIAN_POINT('',(-0.0237646924205791,-0.00658245398551916,0.0424991480921076));
#2018=CARTESIAN_POINT('',(-0.0234235716518468,-0.00686412070242904,0.0417252751475858));
#2019=CARTESIAN_POINT('',(-0.0234235716518468,-0.00700495406088398,0.0413383386753249));
#2020=CARTESIAN_POINT('',(-0.0234431029018469,-0.00694214474508492,0.0413154779539394));
#2021=CARTESIAN_POINT('',(-0.0234431029018469,-0.00708123324051735,0.0409333354534329));
#2022=CARTESIAN_POINT('',(-0.0237799973351278,-0.00735941023138222,0.0401690504524198));
#2023=CARTESIAN_POINT('',(-0.025,-0.00753224725491677,0.0396941846330129));
#2024=CARTESIAN_POINT('',(-0.0262200026648722,-0.00735941023138222,0.0401690504524198));
#2025=CARTESIAN_POINT('',(-0.0267253443147937,-0.00694214474508492,0.0413154779539394));
#2026=CARTESIAN_POINT('',(-0.0262200026648722,-0.00652487925878762,0.0424619054554591));
#2027=CARTESIAN_POINT('',(-0.025,-0.00635204223525307,0.0429367712748659));
#2028=CARTESIAN_POINT('',(-0.0237799973351278,-0.00652487925878762,0.042461905455459));
#2029=CARTESIAN_POINT('',(-0.0234431029018469,-0.00680305624965249,0.041697620454446));
#2030=CARTESIAN_POINT('',(-0.0234431029018469,-0.00694214474508492,0.0413154779539394));
#2031=CARTESIAN_POINT('',(-0.0234490707837913,-0.00691043419766039,0.0413039362585646));
#2032=CARTESIAN_POINT('',(-0.0234490707837913,-0.00704898954050262,0.0409232585827608));
#2033=CARTESIAN_POINT('',(-0.0237846738367954,-0.00732610022618707,0.0401619032311532));
#2034=CARTESIAN_POINT('',(-0.025,-0.00749827473262057,0.0396888576625214));
#2035=CARTESIAN_POINT('',(-0.0262153261632046,-0.00732610022618707,0.0401619032311532));
#2036=CARTESIAN_POINT('',(-0.0267187307427108,-0.00691043419766039,0.0413039362585646));
#2037=CARTESIAN_POINT('',(-0.0262153261632046,-0.00649476816913373,0.042445969285976));
#2038=CARTESIAN_POINT('',(-0.025,-0.00632259366270022,0.0429190148546078));
#2039=CARTESIAN_POINT('',(-0.0237846738367954,-0.00649476816913373,0.042445969285976));
#2040=CARTESIAN_POINT('',(-0.0234490707837913,-0.00677187885481817,0.0416846139343684));
#2041=CARTESIAN_POINT('',(-0.0234490707837913,-0.00691043419766039,0.0413039362585646));
#2042=CARTESIAN_POINT('',(-0.0234552828063607,-0.00684900138472381,0.0412815765432485));
#2043=CARTESIAN_POINT('',(-0.0234552828063607,-0.00698700176418805,0.0409024236167943));
#2044=CARTESIAN_POINT('',(-0.0237895416498949,-0.00726300252311651,0.040144117763886));
#2045=CARTESIAN_POINT('',(-0.025,-0.00743448740947667,0.0396729669108338));
#2046=CARTESIAN_POINT('',(-0.0262104583501051,-0.00726300252311652,0.040144117763886));
#2047=CARTESIAN_POINT('',(-0.0267118466154064,-0.00684900138472381,0.0412815765432485));
#2048=CARTESIAN_POINT('',(-0.0262104583501051,-0.00643500024633113,0.0424190353226109));
#2049=CARTESIAN_POINT('',(-0.025,-0.00626351535997096,0.0428901861756632));
#2050=CARTESIAN_POINT('',(-0.0237895416498949,-0.00643500024633112,0.0424190353226109));
#2051=CARTESIAN_POINT('',(-0.0234552828063607,-0.00671100100525958,0.0416607294697026));
#2052=CARTESIAN_POINT('',(-0.0234552828063607,-0.00684900138472381,0.0412815765432485));
#2053=CARTESIAN_POINT('',(-0.0234554726935135,-0.00681938108238676,0.0412707956348678));
#2054=CARTESIAN_POINT('',(-0.0234554726935135,-0.00695736449790494,0.0408916893164724));
#2055=CARTESIAN_POINT('',(-0.0237896904476752,-0.0072333313289413,0.0401334766796815));
#2056=CARTESIAN_POINT('',(-0.025,-0.00740479513521188,0.0396623837436994));
#2057=CARTESIAN_POINT('',(-0.0262103095523247,-0.0072333313289413,0.0401334766796815));
#2058=CARTESIAN_POINT('',(-0.0267116361835674,-0.00681938108238676,0.0412707956348678));
#2059=CARTESIAN_POINT('',(-0.0262103095523247,-0.00640543083583222,0.0424081145900541));
#2060=CARTESIAN_POINT('',(-0.025,-0.00623396702956165,0.0428792075260362));
#2061=CARTESIAN_POINT('',(-0.0237896904476752,-0.00640543083583222,0.0424081145900541));
#2062=CARTESIAN_POINT('',(-0.0234554726935135,-0.00668139766686858,0.0416499019532632));
#2063=CARTESIAN_POINT('',(-0.0234554726935135,-0.00681938108238676,0.0412707956348678));
#2064=CARTESIAN_POINT('',(-0.0234554726935135,-0.0067900156879872,0.0412601075053889));
#2065=CARTESIAN_POINT('',(-0.0234554726935135,-0.00692799910350538,0.0408810011869935));
#2066=CARTESIAN_POINT('',(-0.0237896904476752,-0.00720396593454174,0.0401227885502026));
#2067=CARTESIAN_POINT('',(-0.025,-0.00737542974081232,0.0396516956142205));
#2068=CARTESIAN_POINT('',(-0.0262103095523247,-0.00720396593454174,0.0401227885502026));
#2069=CARTESIAN_POINT('',(-0.0267116361835674,-0.0067900156879872,0.0412601075053889));
#2070=CARTESIAN_POINT('',(-0.0262103095523247,-0.00637606544143266,0.0423974264605752));
#2071=CARTESIAN_POINT('',(-0.025,-0.00620460163516209,0.0428685193965573));
#2072=CARTESIAN_POINT('',(-0.0237896904476752,-0.00637606544143266,0.0423974264605751));
#2073=CARTESIAN_POINT('',(-0.0234554726935135,-0.00665203227246902,0.0416392138237843));
#2074=CARTESIAN_POINT('',(-0.0234554726935135,-0.0067900156879872,0.0412601075053889));
#2075=CARTESIAN_POINT('',(-0.03,-0.0117080291998516,0.0177093792477246));
#2076=CARTESIAN_POINT('',(-0.03,-0.00554976128175181,0.0461295806809813));
#2077=CARTESIAN_POINT('',(-0.03,-0.00789899283371658,0.0469846310392954));
#2078=CARTESIAN_POINT('',(-0.03,-0.0164494964168583,0.0234923155196477));
#2079=CARTESIAN_POINT('',(-0.03,-0.025,0.));
#2080=CARTESIAN_POINT('',(-0.03,-0.0214761526720528,-0.00128257553747126));
#2081=CARTESIAN_POINT('',(-0.03,-0.0226507684480352,-0.00085505035831417));
#2082=CARTESIAN_POINT('',(-0.03,-0.0141002648648935,0.0226372651613336));
#2083=CARTESIAN_POINT('',(-0.03,-0.0192305670147786,0.00854187584954491));
#2084=CARTESIAN_POINT('',(-0.03,-0.014532103910849,0.00683177513291657));
#2085=CARTESIAN_POINT('',(-0.03,-0.014532103910849,0.00683177513291657));
#2086=CARTESIAN_POINT('',(-0.03,-0.00940180176096398,0.0209271644447052));
#2087=CARTESIAN_POINT('',(-0.03,-0.0179523053441057,-0.00256515107494251));
#2088=CARTESIAN_POINT('',(-0.03,-0.0177969490574603,-0.00414654193168707));
#2089=CARTESIAN_POINT('',(-0.03,-0.0176415927708149,-0.00572793278843163));
#2090=CARTESIAN_POINT('',(-0.03,-0.0172256231307984,-0.00739690266613897));
#2091=CARTESIAN_POINT('',(-0.03,-0.0168096534907818,-0.00906587254384629));
#2092=CARTESIAN_POINT('',(-0.03,-0.000608165402425333,-0.00906587254384628));
#2093=CARTESIAN_POINT('',(-0.03,-0.00554976128175181,0.0461295806809813));
#2094=CARTESIAN_POINT('',(-0.025,-0.014532103910849,0.00683177513291657));
#2095=CARTESIAN_POINT('',(-0.025,-0.0192305670147786,0.00854187584954491));
#2096=CARTESIAN_POINT('',(-0.02,-0.0192305670147786,0.00854187584954491));
#2097=CARTESIAN_POINT('',(-0.02,-0.014532103910849,0.00683177513291657));
#2098=CARTESIAN_POINT('',(-0.02,-0.014532103910849,0.00683177513291657));
#2099=CARTESIAN_POINT('',(-0.025,-0.014532103910849,0.00683177513291657));
#2100=CARTESIAN_POINT('',(-0.02,-0.0162422046274773,0.00213331202898703));
#2101=CARTESIAN_POINT('',(-0.02,-0.0209406677314069,0.00384341274561538));
#2102=CARTESIAN_POINT('',(-0.02,-0.0226507684480352,-0.00085505035831417));
#2103=CARTESIAN_POINT('',(-0.02,-0.0179523053441057,-0.00256515107494251));
#2104=CARTESIAN_POINT('',(-0.02,-0.0179523053441057,-0.0025651510749425));
#2105=CARTESIAN_POINT('',(-0.02,-0.0162422046274773,0.00213331202898703));
#2106=CARTESIAN_POINT('',(1.08730174874829E-18,-0.00940180176096398,0.0209271644447052));
#2107=CARTESIAN_POINT('',(-0.025,-0.0162422046274773,0.00213331202898704));
#2108=CARTESIAN_POINT('',(-0.0265445273064865,-0.0162422046274773,0.00213331202898704));
#2109=CARTESIAN_POINT('',(-8.15053424739743E-19,-0.0179523053441057,-0.00256515107494251));
#2110=CARTESIAN_POINT('',(1.63067069857478E-18,-0.0141002648648935,0.0226372651613336));
#2111=CARTESIAN_POINT('',(-0.0230756853247664,-0.0206563982740706,0.00462443666068733));
#2112=CARTESIAN_POINT('',(-0.0229001812973454,-0.0209316205104706,0.00386826978084663));
#2113=CARTESIAN_POINT('',(-0.0230571612004134,-0.0212046614117158,0.00311809607008783));
#2114=CARTESIAN_POINT('',(-0.0234862436250063,-0.0214383114022022,0.00247614799717081));
#2115=CARTESIAN_POINT('',(-0.0241570933569886,-0.0215960163919281,0.00204285709896355));
#2116=CARTESIAN_POINT('',(-0.0249577661156807,-0.0216586883286192,0.00187066736807117));
#2117=CARTESIAN_POINT('',(-0.0257588259734933,-0.021607929915561,0.00201012496179605));
#2118=CARTESIAN_POINT('',(-0.0264546041525618,-0.0214585991671775,0.00242040782100998));
#2119=CARTESIAN_POINT('',(-0.026916095914537,-0.0212289753893872,0.00305129396545867));
#2120=CARTESIAN_POINT('',(-0.0270993538644562,-0.0209551121403123,0.00380372705831043));
#2121=CARTESIAN_POINT('',(-0.026950943647659,-0.0206811342794752,0.0045564750443908));
#2122=CARTESIAN_POINT('',(-0.0265143305057403,-0.0204431637223699,0.00521029377653262));
#2123=CARTESIAN_POINT('',(-0.0258429545473248,-0.0202853244004103,0.00564395374951873));
#2124=CARTESIAN_POINT('',(-0.0250422349429712,-0.0202226462378142,0.00581616058594449));
#2125=CARTESIAN_POINT('',(-0.0242411663365849,-0.0202734063730318,0.00567669826062555));
#2126=CARTESIAN_POINT('',(-0.0235454277313056,-0.0204227337083001,0.00526642477886858));
#2127=CARTESIAN_POINT('',(-0.0230756853247664,-0.0206563982740706,0.00462443666068733));
#2128=CARTESIAN_POINT('',(-0.0229001812973454,-0.0209316205104706,0.00386826978084663));
#2129=CARTESIAN_POINT('',(-0.0230571612004134,-0.0212046614117158,0.00311809607008783));
#2130=CARTESIAN_POINT('',(-0.0229554726935135,-0.0209406677314069,0.00384341274561538));
#2131=CARTESIAN_POINT('',(-2.71684474913248E-19,-0.0226507684480352,-0.00085505035831417));
#2132=CARTESIAN_POINT('',(-0.025,-0.0181215898690491,0.00281735231563837));
#2133=CARTESIAN_POINT('',(-0.0237896904476753,-0.0208847716675685,0.00253508371876627));
#2134=CARTESIAN_POINT('',(-0.0232883638164326,-0.0204708214210139,0.00367240267395255));
#2135=CARTESIAN_POINT('',(-0.0237896904476752,-0.0200568711744594,0.00480972162913881));
#2136=CARTESIAN_POINT('',(-0.025,-0.0198854073681888,0.00528081456512096));
#2137=CARTESIAN_POINT('',(-0.0262103095523248,-0.0200568711744594,0.00480972162913881));
#2138=CARTESIAN_POINT('',(-0.0267116361835674,-0.0204708214210139,0.00367240267395254));
#2139=CARTESIAN_POINT('',(-0.0262103095523248,-0.0208847716675685,0.00253508371876627));
#2140=CARTESIAN_POINT('',(-0.025,-0.021056235473839,0.00206399078278413));
#2141=CARTESIAN_POINT('',(-0.0237896904476753,-0.0208847716675685,0.00253508371876627));
#2142=CARTESIAN_POINT('',(-0.0232883638164326,-0.0204708214210139,0.00367240267395255));
#2143=CARTESIAN_POINT('',(-0.0237896904476752,-0.0200568711744594,0.00480972162913881));
#2144=CARTESIAN_POINT('',(-0.0234554726935135,-0.0204708214210139,0.00367240267395254));
#2145=CARTESIAN_POINT('',(-0.0229554726935135,-0.0209406677314069,0.00384341274561537));
#2146=CARTESIAN_POINT('',(-0.0229554726935135,-0.0211233196403012,0.00334158075030789));
#2147=CARTESIAN_POINT('',(-0.0233978846352296,-0.0214886234580899,0.00233791675969294));
#2148=CARTESIAN_POINT('',(-0.025,-0.021715594151662,0.00171431990422562));
#2149=CARTESIAN_POINT('',(-0.0266021153647703,-0.0214886234580899,0.00233791675969292));
#2150=CARTESIAN_POINT('',(-0.0272657332773446,-0.0209406677314069,0.00384341274561538));
#2151=CARTESIAN_POINT('',(-0.0266021153647704,-0.0203927120047239,0.0053489087315378));
#2152=CARTESIAN_POINT('',(-0.025,-0.0201657413111517,0.00597250558700515));
#2153=CARTESIAN_POINT('',(-0.0233978846352296,-0.0203927120047238,0.00534890873153782));
#2154=CARTESIAN_POINT('',(-0.0229554726935135,-0.0207580158225126,0.00434524474092285));
#2155=CARTESIAN_POINT('',(-0.0229554726935135,-0.0209406677314069,0.00384341274561537));
#2156=CARTESIAN_POINT('',(-0.0229867226935135,-0.0209406677314069,0.00384341274561537));
#2157=CARTESIAN_POINT('',(-0.0229867226935135,-0.0211205278594652,0.00334925110511489));
#2158=CARTESIAN_POINT('',(-0.0234223724985075,-0.0214802481155819,0.00236092782411395));
#2159=CARTESIAN_POINT('',(-0.025,-0.0217037496286976,0.00174686246361445));
#2160=CARTESIAN_POINT('',(-0.0265776275014925,-0.0214802481155819,0.00236092782411393));
#2161=CARTESIAN_POINT('',(-0.0272311022089835,-0.0209406677314069,0.00384341274561538));
#2162=CARTESIAN_POINT('',(-0.0265776275014925,-0.0204010873472319,0.00532589766711678));
#2163=CARTESIAN_POINT('',(-0.025,-0.0201775858341161,0.00593996302761632));
#2164=CARTESIAN_POINT('',(-0.0234223724985075,-0.0204010873472319,0.00532589766711681));
#2165=CARTESIAN_POINT('',(-0.0229867226935135,-0.0207608076033486,0.00433757438611585));
#2166=CARTESIAN_POINT('',(-0.0229867226935135,-0.0209406677314069,0.00384341274561537));
#2167=CARTESIAN_POINT('',(-0.0230182439608746,-0.0209404892958507,0.00384334780038416));
#2168=CARTESIAN_POINT('',(-0.0230182439608746,-0.0211175334088643,0.00335692309763172));
#2169=CARTESIAN_POINT('',(-0.023447072930043,-0.0214716216348917,0.00238407369212685));
#2170=CARTESIAN_POINT('',(-0.025,-0.0216916238531374,0.00177962256526677));
#2171=CARTESIAN_POINT('',(-0.0265529270699571,-0.0214716216348917,0.00238407369212683));
#2172=CARTESIAN_POINT('',(-0.0271961705237096,-0.0209404892958506,0.00384334780038418));
#2173=CARTESIAN_POINT('',(-0.0265529270699571,-0.0204093569568096,0.00530262190864147));
#2174=CARTESIAN_POINT('',(-0.025,-0.0201893547385639,0.00590707303550158));
#2175=CARTESIAN_POINT('',(-0.023447072930043,-0.0204093569568096,0.00530262190864149));
#2176=CARTESIAN_POINT('',(-0.0230182439608746,-0.020763445182837,0.00432977250313661));
#2177=CARTESIAN_POINT('',(-0.0230182439608746,-0.0209404892958507,0.00384334780038416));
#2178=CARTESIAN_POINT('',(-0.0230836193949024,-0.020934651904082,0.00384122316353462));
#2179=CARTESIAN_POINT('',(-0.0230836193949024,-0.021105855572812,0.00337084494957114));
#2180=CARTESIAN_POINT('',(-0.0234983018801294,-0.021448262910272,0.00243008852164417));
#2181=CARTESIAN_POINT('',(-0.025,-0.02166100755482,0.00184557741463866));
#2182=CARTESIAN_POINT('',(-0.0265016981198706,-0.021448262910272,0.00243008852164416));
#2183=CARTESIAN_POINT('',(-0.0271237218477111,-0.020934651904082,0.00384122316353463));
#2184=CARTESIAN_POINT('',(-0.0265016981198706,-0.020421040897892,0.00525235780542505));
#2185=CARTESIAN_POINT('',(-0.025,-0.020208296253344,0.0058368689124306));
#2186=CARTESIAN_POINT('',(-0.0234983018801294,-0.0204210408978919,0.00525235780542507));
#2187=CARTESIAN_POINT('',(-0.0230836193949024,-0.020763448235352,0.00431160137749811));
#2188=CARTESIAN_POINT('',(-0.0230836193949024,-0.020934651904082,0.00384122316353462));
#2189=CARTESIAN_POINT('',(-0.0231173650546246,-0.0209290439294571,0.00383918202769663));
#2190=CARTESIAN_POINT('',(-0.0231173650546246,-0.0210972328626315,0.00337708673159765));
#2191=CARTESIAN_POINT('',(-0.0235247453713774,-0.0214336107289804,0.0024528961393997));
#2192=CARTESIAN_POINT('',(-0.025,-0.0216426091404662,0.0018786777231407));
#2193=CARTESIAN_POINT('',(-0.0264752546286226,-0.0214336107289804,0.0024528961393997));
#2194=CARTESIAN_POINT('',(-0.0270863251037518,-0.0209290439294571,0.00383918202769664));
#2195=CARTESIAN_POINT('',(-0.0264752546286226,-0.0204244771299337,0.00522546791599354));
#2196=CARTESIAN_POINT('',(-0.025,-0.0202154787184479,0.00579968633225259));
#2197=CARTESIAN_POINT('',(-0.0235247453713774,-0.0204244771299337,0.00522546791599356));
#2198=CARTESIAN_POINT('',(-0.0231173650546246,-0.0207608549962826,0.00430127732379561));
#2199=CARTESIAN_POINT('',(-0.0231173650546246,-0.0209290439294571,0.00383918202769663));
#2200=CARTESIAN_POINT('',(-0.0231842053324024,-0.0209106905579573,0.0038325019467723));
#2201=CARTESIAN_POINT('',(-0.0231842053324024,-0.0210729081821214,0.00338681268734386));
#2202=CARTESIAN_POINT('',(-0.023577122190055,-0.0213973434304496,0.00249543416848698));
#2203=CARTESIAN_POINT('',(-0.025,-0.0215989216504038,0.00194160256090915));
#2204=CARTESIAN_POINT('',(-0.026422877809945,-0.0213973434304496,0.00249543416848697));
#2205=CARTESIAN_POINT('',(-0.0270122530964239,-0.0209106905579573,0.00383250194677231));
#2206=CARTESIAN_POINT('',(-0.026422877809945,-0.020424037685465,0.0051695697250576));
#2207=CARTESIAN_POINT('',(-0.025,-0.0202224594655109,0.00572340133263547));
#2208=CARTESIAN_POINT('',(-0.023577122190055,-0.020424037685465,0.00516956972505763));
#2209=CARTESIAN_POINT('',(-0.0231842053324024,-0.0207484729337933,0.00427819120620075));
#2210=CARTESIAN_POINT('',(-0.0231842053324024,-0.0209106905579573,0.0038325019467723));
#2211=CARTESIAN_POINT('',(-0.0232171914435135,-0.02089799614267,0.00382788155746631));
#2212=CARTESIAN_POINT('',(-0.0232171914435135,-0.0210572668870628,0.00339028878366748));
#2213=CARTESIAN_POINT('',(-0.0236029704901816,-0.0213758083758483,0.00251510323606983));
#2214=CARTESIAN_POINT('',(-0.025,-0.0215737246830985,0.00197133265095804));
#2215=CARTESIAN_POINT('',(-0.0263970295098184,-0.0213758083758483,0.00251510323606982));
#2216=CARTESIAN_POINT('',(-0.0269756980798206,-0.02089799614267,0.00382788155746632));
#2217=CARTESIAN_POINT('',(-0.0263970295098184,-0.0204201839094918,0.00514065987886276));
#2218=CARTESIAN_POINT('',(-0.025,-0.0202222676022415,0.0056844304639746));
#2219=CARTESIAN_POINT('',(-0.0236029704901816,-0.0204201839094918,0.00514065987886279));
#2220=CARTESIAN_POINT('',(-0.0232171914435135,-0.0207387253982773,0.00426547433126514));
#2221=CARTESIAN_POINT('',(-0.0232171914435135,-0.02089799614267,0.00382788155746631));
#2222=CARTESIAN_POINT('',(-0.0232782265997635,-0.0208656483254018,0.00381610791483718));
#2223=CARTESIAN_POINT('',(-0.0232782265997635,-0.0210194663728492,0.00339349630277078));
#2224=CARTESIAN_POINT('',(-0.0236507983481462,-0.021327102467744,0.00254827307863798));
#2225=CARTESIAN_POINT('',(-0.025,-0.0215182430319154,0.00202311869463523));
#2226=CARTESIAN_POINT('',(-0.0263492016518538,-0.0213271024677441,0.00254827307863798));
#2227=CARTESIAN_POINT('',(-0.0269080592744279,-0.0208656483254018,0.00381610791483719));
#2228=CARTESIAN_POINT('',(-0.0263492016518539,-0.0204041941830595,0.00508394275103635));
#2229=CARTESIAN_POINT('',(-0.025,-0.0202130536188881,0.00560909713503915));
#2230=CARTESIAN_POINT('',(-0.0236507983481462,-0.0204041941830595,0.00508394275103637));
#2231=CARTESIAN_POINT('',(-0.0232782265997635,-0.0207118302779544,0.00423871952690358));
#2232=CARTESIAN_POINT('',(-0.0232782265997635,-0.0208656483254018,0.00381610791483718));
#2233=CARTESIAN_POINT('',(-0.0233061671379579,-0.0208460459050083,0.00380897321729438));
#2234=CARTESIAN_POINT('',(-0.0233061671379579,-0.0209973678289652,0.00339321964815439));
#2235=CARTESIAN_POINT('',(-0.0236726928786811,-0.021300011676879,0.0025617125098744));
#2236=CARTESIAN_POINT('',(-0.025,-0.021488050456441,0.00204508020904599));
#2237=CARTESIAN_POINT('',(-0.026327307121319,-0.021300011676879,0.00256171250987439));
#2238=CARTESIAN_POINT('',(-0.0268770957324036,-0.0208460459050083,0.0038089732172944));
#2239=CARTESIAN_POINT('',(-0.0263273071213189,-0.0203920801331376,0.00505623392471436));
#2240=CARTESIAN_POINT('',(-0.025,-0.0202040413535756,0.00557286622554279));
#2241=CARTESIAN_POINT('',(-0.0236726928786811,-0.0203920801331376,0.00505623392471437));
#2242=CARTESIAN_POINT('',(-0.0233061671379579,-0.0206947239810514,0.00422472678643438));
#2243=CARTESIAN_POINT('',(-0.0233061671379579,-0.0208460459050083,0.00380897321729439));
#2244=CARTESIAN_POINT('',(-0.0233547782490691,-0.020800366402609,0.00379234723810494));
#2245=CARTESIAN_POINT('',(-0.0233547782490691,-0.0209473455563765,0.00338852533199806));
#2246=CARTESIAN_POINT('',(-0.0237107851104466,-0.0212413038639116,0.0025808815197843));
#2247=CARTESIAN_POINT('',(-0.025,-0.0214239461405415,0.00207907598890585));
#2248=CARTESIAN_POINT('',(-0.0262892148895534,-0.0212413038639116,0.0025808815197843));
#2249=CARTESIAN_POINT('',(-0.0268232251816197,-0.020800366402609,0.00379234723810495));
#2250=CARTESIAN_POINT('',(-0.0262892148895534,-0.0203594289413064,0.00500381295642557));
#2251=CARTESIAN_POINT('',(-0.025,-0.0201767866646764,0.00550561848730405));
#2252=CARTESIAN_POINT('',(-0.0237107851104466,-0.0203594289413064,0.00500381295642558));
#2253=CARTESIAN_POINT('',(-0.0233547782490691,-0.0206533872488415,0.00419616914421183));
#2254=CARTESIAN_POINT('',(-0.0233547782490691,-0.020800366402609,0.00379234723810494));
#2255=CARTESIAN_POINT('',(-0.0233756387091385,-0.0207741108850469,0.00378279101122708));
#2256=CARTESIAN_POINT('',(-0.0233756387091385,-0.0209192264281696,0.00338408933328564));
#2257=CARTESIAN_POINT('',(-0.0237271316094576,-0.0212094575144149,0.00258668597740276));
#2258=CARTESIAN_POINT('',(-0.025,-0.0213897839926325,0.00209124305037002));
#2259=CARTESIAN_POINT('',(-0.0262728683905424,-0.0212094575144149,0.00258668597740276));
#2260=CARTESIAN_POINT('',(-0.0268001077410211,-0.0207741108850469,0.00378279101122709));
#2261=CARTESIAN_POINT('',(-0.0262728683905424,-0.0203387642556789,0.00497889604505139));
#2262=CARTESIAN_POINT('',(-0.025,-0.0201584377774612,0.00547433897208417));
#2263=CARTESIAN_POINT('',(-0.0237271316094576,-0.0203387642556789,0.00497889604505141));
#2264=CARTESIAN_POINT('',(-0.0233756387091385,-0.0206289953419242,0.00418149268916853));
#2265=CARTESIAN_POINT('',(-0.0233756387091385,-0.0207741108850469,0.00378279101122708));
#2266=CARTESIAN_POINT('',(-0.0234100625372635,-0.0207167565991103,0.00376191575833855));
#2267=CARTESIAN_POINT('',(-0.0234100625372635,-0.0208587968211558,0.0033716634556142));
#2268=CARTESIAN_POINT('',(-0.0237541065213496,-0.0211428772652468,0.0025911588501655));
#2269=CARTESIAN_POINT('',(-0.025,-0.021319382224368,0.00210621546055825));
#2270=CARTESIAN_POINT('',(-0.0262458934786504,-0.0211428772652468,0.00259115885016549));
#2271=CARTESIAN_POINT('',(-0.0267619594547796,-0.0207167565991102,0.00376191575833856));
#2272=CARTESIAN_POINT('',(-0.0262458934786504,-0.0202906359329737,0.00493267266651159));
#2273=CARTESIAN_POINT('',(-0.025,-0.0201141309738525,0.00541761605611887));
#2274=CARTESIAN_POINT('',(-0.0237541065213496,-0.0202906359329737,0.00493267266651161));
#2275=CARTESIAN_POINT('',(-0.0234100625372635,-0.0205747163770648,0.00415216806106291));
#2276=CARTESIAN_POINT('',(-0.0234100625372635,-0.0207167565991103,0.00376191575833855));
#2277=CARTESIAN_POINT('',(-0.0234235716518468,-0.0206857597939107,0.00375063384388857));
#2278=CARTESIAN_POINT('',(-0.0234235716518468,-0.0208265931523656,0.00336369737162767));
#2279=CARTESIAN_POINT('',(-0.0237646924205791,-0.0211082598692755,0.00258982442710585));
#2280=CARTESIAN_POINT('',(-0.025,-0.0212832651305953,0.00210900142334407));
#2281=CARTESIAN_POINT('',(-0.0262353075794209,-0.0211082598692755,0.00258982442710585));
#2282=CARTESIAN_POINT('',(-0.0267469887325193,-0.0206857597939107,0.00375063384388859));
#2283=CARTESIAN_POINT('',(-0.0262353075794209,-0.0202632597185459,0.00491144326067128));
#2284=CARTESIAN_POINT('',(-0.025,-0.0200882544572261,0.0053922662644331));
#2285=CARTESIAN_POINT('',(-0.0237646924205791,-0.0202632597185459,0.00491144326067129));
#2286=CARTESIAN_POINT('',(-0.0234235716518469,-0.0205449264354558,0.00413757031614949));
#2287=CARTESIAN_POINT('',(-0.0234235716518468,-0.0206857597939107,0.00375063384388858));
#2288=CARTESIAN_POINT('',(-0.0234431029018469,-0.0206229504781117,0.00372777312250309));
#2289=CARTESIAN_POINT('',(-0.0234431029018468,-0.0207620389735441,0.00334563062199656));
#2290=CARTESIAN_POINT('',(-0.0237799973351278,-0.0210402159644089,0.0025813456209835));
#2291=CARTESIAN_POINT('',(-0.025,-0.0212130529879435,0.0021064798015766));
#2292=CARTESIAN_POINT('',(-0.0262200026648722,-0.021040215964409,0.0025813456209835));
#2293=CARTESIAN_POINT('',(-0.0267253443147936,-0.0206229504781117,0.0037277731225031));
#2294=CARTESIAN_POINT('',(-0.0262200026648722,-0.0202056849918144,0.00487420062402267));
#2295=CARTESIAN_POINT('',(-0.025,-0.0200328479682798,0.00534906644342959));
#2296=CARTESIAN_POINT('',(-0.0237799973351278,-0.0202056849918144,0.00487420062402268));
#2297=CARTESIAN_POINT('',(-0.0234431029018469,-0.0204838619826792,0.00410991562300963));
#2298=CARTESIAN_POINT('',(-0.0234431029018469,-0.0206229504781117,0.00372777312250309));
#2299=CARTESIAN_POINT('',(-0.0234490707837913,-0.0205912399306871,0.00371623142712828));
#2300=CARTESIAN_POINT('',(-0.0234490707837913,-0.0207297952735294,0.00333555375132448));
#2301=CARTESIAN_POINT('',(-0.0237846738367954,-0.0210069059592138,0.00257419839971687));
#2302=CARTESIAN_POINT('',(-0.025,-0.0211790804656473,0.00210115283108507));
#2303=CARTESIAN_POINT('',(-0.0262153261632046,-0.0210069059592138,0.00257419839971686));
#2304=CARTESIAN_POINT('',(-0.0267187307427108,-0.0205912399306871,0.00371623142712829));
#2305=CARTESIAN_POINT('',(-0.0262153261632046,-0.0201755739021605,0.00485826445453967));
#2306=CARTESIAN_POINT('',(-0.025,-0.020003399395727,0.0053313100231715));
#2307=CARTESIAN_POINT('',(-0.0237846738367954,-0.0201755739021605,0.00485826445453968));
#2308=CARTESIAN_POINT('',(-0.0234490707837913,-0.0204526845878449,0.00409690910293208));
#2309=CARTESIAN_POINT('',(-0.0234490707837913,-0.0205912399306871,0.00371623142712828));
#2310=CARTESIAN_POINT('',(-0.0234552828063607,-0.0205298071177506,0.00369387171181212));
#2311=CARTESIAN_POINT('',(-0.0234552828063607,-0.0206678074972148,0.00331471878535798));
#2312=CARTESIAN_POINT('',(-0.0237895416498949,-0.0209438082561432,0.00255641293244968));
#2313=CARTESIAN_POINT('',(-0.025,-0.0211152931425034,0.00208526207939742));
#2314=CARTESIAN_POINT('',(-0.0262104583501051,-0.0209438082561433,0.00255641293244967));
#2315=CARTESIAN_POINT('',(-0.0267118466154063,-0.0205298071177506,0.00369387171181213));
#2316=CARTESIAN_POINT('',(-0.0262104583501051,-0.0201158059793579,0.00483133049117454));
#2317=CARTESIAN_POINT('',(-0.025,-0.0199443210929977,0.00530248134422683));
#2318=CARTESIAN_POINT('',(-0.0237895416498949,-0.0201158059793579,0.00483133049117456));
#2319=CARTESIAN_POINT('',(-0.0234552828063607,-0.0203918067382863,0.00407302463826627));
#2320=CARTESIAN_POINT('',(-0.0234552828063607,-0.0205298071177506,0.00369387171181212));
#2321=CARTESIAN_POINT('',(-0.0234554726935135,-0.0205001868154135,0.00368309080343147));
#2322=CARTESIAN_POINT('',(-0.0234554726935135,-0.0206381702309317,0.00330398448503604));
#2323=CARTESIAN_POINT('',(-0.0237896904476752,-0.020914137061968,0.00254577184824519));
#2324=CARTESIAN_POINT('',(-0.025,-0.0210856008682386,0.00207467891226306));
#2325=CARTESIAN_POINT('',(-0.0262103095523247,-0.0209141370619681,0.00254577184824518));
#2326=CARTESIAN_POINT('',(-0.0267116361835673,-0.0205001868154135,0.00368309080343148));
#2327=CARTESIAN_POINT('',(-0.0262103095523248,-0.020086236568859,0.00482040975861772));
#2328=CARTESIAN_POINT('',(-0.025,-0.0199147727625884,0.00529150269459989));
#2329=CARTESIAN_POINT('',(-0.0237896904476752,-0.020086236568859,0.00482040975861773));
#2330=CARTESIAN_POINT('',(-0.0234554726935135,-0.0203622033998953,0.00406219712182689));
#2331=CARTESIAN_POINT('',(-0.0234554726935135,-0.0205001868154135,0.00368309080343147));
#2332=CARTESIAN_POINT('',(-0.0234554726935135,-0.020470821421014,0.00367240267395254));
#2333=CARTESIAN_POINT('',(-0.0234554726935135,-0.0206088048365321,0.00329329635555712));
#2334=CARTESIAN_POINT('',(-0.0237896904476752,-0.0208847716675685,0.00253508371876627));
#2335=CARTESIAN_POINT('',(-0.025,-0.0210562354738391,0.00206399078278413));
#2336=CARTESIAN_POINT('',(-0.0262103095523247,-0.0208847716675685,0.00253508371876626));
#2337=CARTESIAN_POINT('',(-0.0267116361835673,-0.0204708214210139,0.00367240267395255));
#2338=CARTESIAN_POINT('',(-0.0262103095523248,-0.0200568711744594,0.0048097216291388));
#2339=CARTESIAN_POINT('',(-0.025,-0.0198854073681888,0.00528081456512096));
#2340=CARTESIAN_POINT('',(-0.0237896904476752,-0.0200568711744594,0.00480972162913881));
#2341=CARTESIAN_POINT('',(-0.0234554726935135,-0.0203328380054958,0.00405150899234797));
#2342=CARTESIAN_POINT('',(-0.0234554726935135,-0.020470821421014,0.00367240267395254));
#2343=CARTESIAN_POINT('',(0.025,-0.014532103910849,0.00683177513291657));
#2344=CARTESIAN_POINT('',(0.025,-0.0192305670147786,0.00854187584954491));
#2345=CARTESIAN_POINT('',(0.03,-0.0192305670147786,0.00854187584954491));
#2346=CARTESIAN_POINT('',(0.02,-0.0192305670147786,0.00854187584954492));
#2347=CARTESIAN_POINT('',(0.03,-0.014532103910849,0.00683177513291657));
#2348=CARTESIAN_POINT('',(0.03,-0.014532103910849,0.00683177513291657));
#2349=CARTESIAN_POINT('',(0.025,-0.014532103910849,0.00683177513291657));
#2350=CARTESIAN_POINT('',(0.02,-0.014532103910849,0.00683177513291658));
#2351=CARTESIAN_POINT('',(0.02,-0.014532103910849,0.00683177513291658));
#2352=CARTESIAN_POINT('',(0.02,-0.0162422046274773,0.00213331202898703));
#2353=CARTESIAN_POINT('',(0.02,-0.0209406677314069,0.00384341274561538));
#2354=CARTESIAN_POINT('',(0.02,-0.0226507684480352,-0.00085505035831417));
#2355=CARTESIAN_POINT('',(0.02,-0.0162422046274773,0.00213331202898703));
#2356=CARTESIAN_POINT('',(0.02,-0.0179523053441057,-0.00256515107494251));
#2357=CARTESIAN_POINT('',(0.02,-0.0179523053441057,-0.00256515107494251));
#2358=CARTESIAN_POINT('',(1.08730174874829E-18,-0.00940180176096398,0.0209271644447052));
#2359=CARTESIAN_POINT('',(0.025,-0.0162422046274773,0.00213331202898703));
#2360=CARTESIAN_POINT('',(0.0234554726935135,-0.0162422046274773,0.00213331202898703));
#2361=CARTESIAN_POINT('',(0.03,-0.00940180176096397,0.0209271644447052));
#2362=CARTESIAN_POINT('',(0.03,-0.0179523053441057,-0.00256515107494251));
#2363=CARTESIAN_POINT('',(-8.15053424739743E-19,-0.0179523053441057,-0.00256515107494251));
#2364=CARTESIAN_POINT('',(1.63067069857478E-18,-0.0141002648648935,0.0226372651613336));
#2365=CARTESIAN_POINT('',(0.0230756853247654,-0.0212249371887426,0.00306238883054483));
#2366=CARTESIAN_POINT('',(0.0229001812973457,-0.0209497149523434,0.00381855571038361));
#2367=CARTESIAN_POINT('',(0.0230571612004131,-0.0206766740510977,0.00456872942114359));
#2368=CARTESIAN_POINT('',(0.0234862436250069,-0.0204430240606114,0.00521067749406038));
#2369=CARTESIAN_POINT('',(0.0241570933569889,-0.0202853190708856,0.00564396839226741));
#2370=CARTESIAN_POINT('',(0.0249577661156815,-0.0202226471341945,0.00581615812315973));
#2371=CARTESIAN_POINT('',(0.0257588259734935,-0.0202734055472529,0.00567670052943444));
#2372=CARTESIAN_POINT('',(0.0264546041525617,-0.0204227362956363,0.00526641767022081));
#2373=CARTESIAN_POINT('',(0.0269160959145374,-0.0206523600734267,0.00463553152577193));
#2374=CARTESIAN_POINT('',(0.0270993538644563,-0.0209262233225017,0.00388309843291964));
#2375=CARTESIAN_POINT('',(0.0269509436476588,-0.0212002011833386,0.00313035044683975));
#2376=CARTESIAN_POINT('',(0.0265143305057403,-0.0214381717404438,0.00247653171469819));
#2377=CARTESIAN_POINT('',(0.0258429545473247,-0.0215960110624036,0.00204287174171164));
#2378=CARTESIAN_POINT('',(0.02504223494297,-0.0216586892249997,0.00187066490528597));
#2379=CARTESIAN_POINT('',(0.0242411663365846,-0.0216079290897819,0.00201012723060555));
#2380=CARTESIAN_POINT('',(0.0235454277313055,-0.0214586017545138,0.00242040071236189));
#2381=CARTESIAN_POINT('',(0.0230756853247654,-0.0212249371887426,0.00306238883054483));
#2382=CARTESIAN_POINT('',(0.0229001812973457,-0.0209497149523434,0.00381855571038361));
#2383=CARTESIAN_POINT('',(0.0230571612004131,-0.0206766740510977,0.00456872942114359));
#2384=CARTESIAN_POINT('',(0.0229554726935135,-0.0209406677314069,0.00384341274561537));
#2385=CARTESIAN_POINT('',(-2.71684474913248E-19,-0.0226507684480352,-0.00085505035831417));
#2386=CARTESIAN_POINT('',(0.03,-0.0226507684480352,-0.00085505035831417));
#2387=CARTESIAN_POINT('',(0.03,-0.0141002648648935,0.0226372651613336));
#2388=CARTESIAN_POINT('',(0.025,-0.0181215898690491,0.00281735231563836));
#2389=CARTESIAN_POINT('',(0.0237896904476753,-0.0200568711744594,0.0048097216291388));
#2390=CARTESIAN_POINT('',(0.0232883638164326,-0.0204708214210139,0.00367240267395253));
#2391=CARTESIAN_POINT('',(0.0237896904476752,-0.0208847716675685,0.00253508371876626));
#2392=CARTESIAN_POINT('',(0.025,-0.021056235473839,0.00206399078278411));
#2393=CARTESIAN_POINT('',(0.0262103095523248,-0.0208847716675685,0.00253508371876627));
#2394=CARTESIAN_POINT('',(0.0267116361835674,-0.0204708214210139,0.00367240267395253));
#2395=CARTESIAN_POINT('',(0.0262103095523248,-0.0200568711744594,0.0048097216291388));
#2396=CARTESIAN_POINT('',(0.025,-0.0198854073681888,0.00528081456512095));
#2397=CARTESIAN_POINT('',(0.0237896904476753,-0.0200568711744594,0.0048097216291388));
#2398=CARTESIAN_POINT('',(0.0232883638164326,-0.0204708214210139,0.00367240267395253));
#2399=CARTESIAN_POINT('',(0.0237896904476752,-0.0208847716675685,0.00253508371876626));
#2400=CARTESIAN_POINT('',(0.0234554726935135,-0.0204708214210139,0.00367240267395253));
#2401=CARTESIAN_POINT('',(0.0229554726935135,-0.0209406677314069,0.00384341274561536));
#2402=CARTESIAN_POINT('',(0.0229554726935135,-0.0207580158225126,0.00434524474092284));
#2403=CARTESIAN_POINT('',(0.0233978846352296,-0.0203927120047239,0.0053489087315378));
#2404=CARTESIAN_POINT('',(0.025,-0.0201657413111517,0.00597250558700514));
#2405=CARTESIAN_POINT('',(0.0266021153647704,-0.0203927120047238,0.00534890873153782));
#2406=CARTESIAN_POINT('',(0.0272657332773446,-0.0209406677314069,0.00384341274561536));
#2407=CARTESIAN_POINT('',(0.0266021153647704,-0.0214886234580899,0.00233791675969294));
#2408=CARTESIAN_POINT('',(0.025,-0.021715594151662,0.0017143199042256));
#2409=CARTESIAN_POINT('',(0.0233978846352297,-0.0214886234580899,0.00233791675969293));
#2410=CARTESIAN_POINT('',(0.0229554726935135,-0.0211233196403012,0.00334158075030789));
#2411=CARTESIAN_POINT('',(0.0229554726935135,-0.0209406677314069,0.00384341274561536));
#2412=CARTESIAN_POINT('',(0.0229867226935135,-0.0209406677314069,0.00384341274561536));
#2413=CARTESIAN_POINT('',(0.0229867226935135,-0.0207608076033486,0.00433757438611584));
#2414=CARTESIAN_POINT('',(0.0234223724985075,-0.0204010873472319,0.00532589766711678));
#2415=CARTESIAN_POINT('',(0.025,-0.0201775858341161,0.00593996302761631));
#2416=CARTESIAN_POINT('',(0.0265776275014925,-0.0204010873472319,0.0053258976671168));
#2417=CARTESIAN_POINT('',(0.0272311022089835,-0.0209406677314069,0.00384341274561536));
#2418=CARTESIAN_POINT('',(0.0265776275014926,-0.0214802481155819,0.00236092782411395));
#2419=CARTESIAN_POINT('',(0.025,-0.0217037496286976,0.00174686246361443));
#2420=CARTESIAN_POINT('',(0.0234223724985075,-0.0214802481155819,0.00236092782411395));
#2421=CARTESIAN_POINT('',(0.0229867226935135,-0.0211205278594652,0.00334925110511489));
#2422=CARTESIAN_POINT('',(0.0229867226935135,-0.0209406677314069,0.00384341274561536));
#2423=CARTESIAN_POINT('',(0.0230182439608746,-0.0209404892958506,0.00384334780038415));
#2424=CARTESIAN_POINT('',(0.0230182439608746,-0.020763445182837,0.00432977250313659));
#2425=CARTESIAN_POINT('',(0.023447072930043,-0.0204093569568096,0.00530262190864146));
#2426=CARTESIAN_POINT('',(0.025,-0.0201893547385639,0.00590707303550157));
#2427=CARTESIAN_POINT('',(0.0265529270699571,-0.0204093569568096,0.00530262190864148));
#2428=CARTESIAN_POINT('',(0.0271961705237096,-0.0209404892958506,0.00384334780038416));
#2429=CARTESIAN_POINT('',(0.0265529270699571,-0.0214716216348917,0.00238407369212685));
#2430=CARTESIAN_POINT('',(0.025,-0.0216916238531374,0.00177962256526675));
#2431=CARTESIAN_POINT('',(0.023447072930043,-0.0214716216348917,0.00238407369212685));
#2432=CARTESIAN_POINT('',(0.0230182439608746,-0.0211175334088643,0.00335692309763172));
#2433=CARTESIAN_POINT('',(0.0230182439608746,-0.0209404892958506,0.00384334780038415));
#2434=CARTESIAN_POINT('',(0.0230836193949024,-0.020934651904082,0.00384122316353461));
#2435=CARTESIAN_POINT('',(0.0230836193949024,-0.020763448235352,0.00431160137749809));
#2436=CARTESIAN_POINT('',(0.0234983018801295,-0.020421040897892,0.00525235780542505));
#2437=CARTESIAN_POINT('',(0.025,-0.020208296253344,0.0058368689124306));
#2438=CARTESIAN_POINT('',(0.0265016981198706,-0.020421040897892,0.00525235780542507));
#2439=CARTESIAN_POINT('',(0.0271237218477111,-0.020934651904082,0.00384122316353461));
#2440=CARTESIAN_POINT('',(0.0265016981198706,-0.021448262910272,0.00243008852164418));
#2441=CARTESIAN_POINT('',(0.025,-0.02166100755482,0.00184557741463864));
#2442=CARTESIAN_POINT('',(0.0234983018801295,-0.021448262910272,0.00243008852164417));
#2443=CARTESIAN_POINT('',(0.0230836193949024,-0.021105855572812,0.00337084494957113));
#2444=CARTESIAN_POINT('',(0.0230836193949024,-0.020934651904082,0.00384122316353461));
#2445=CARTESIAN_POINT('',(0.0231173650546246,-0.0209290439294571,0.00383918202769662));
#2446=CARTESIAN_POINT('',(0.0231173650546246,-0.0207608549962826,0.00430127732379559));
#2447=CARTESIAN_POINT('',(0.0235247453713774,-0.0204244771299337,0.00522546791599354));
#2448=CARTESIAN_POINT('',(0.025,-0.0202154787184479,0.00579968633225258));
#2449=CARTESIAN_POINT('',(0.0264752546286226,-0.0204244771299337,0.00522546791599356));
#2450=CARTESIAN_POINT('',(0.0270863251037518,-0.0209290439294571,0.00383918202769662));
#2451=CARTESIAN_POINT('',(0.0264752546286226,-0.0214336107289804,0.00245289613939971));
#2452=CARTESIAN_POINT('',(0.025,-0.0216426091404662,0.00187867772314067));
#2453=CARTESIAN_POINT('',(0.0235247453713774,-0.0214336107289804,0.0024528961393997));
#2454=CARTESIAN_POINT('',(0.0231173650546246,-0.0210972328626315,0.00337708673159765));
#2455=CARTESIAN_POINT('',(0.0231173650546246,-0.0209290439294571,0.00383918202769662));
#2456=CARTESIAN_POINT('',(0.0231842053324024,-0.0209106905579573,0.00383250194677229));
#2457=CARTESIAN_POINT('',(0.0231842053324024,-0.0207484729337932,0.00427819120620073));
#2458=CARTESIAN_POINT('',(0.023577122190055,-0.020424037685465,0.0051695697250576));
#2459=CARTESIAN_POINT('',(0.025,-0.0202224594655109,0.00572340133263546));
#2460=CARTESIAN_POINT('',(0.026422877809945,-0.020424037685465,0.00516956972505762));
#2461=CARTESIAN_POINT('',(0.0270122530964239,-0.0209106905579574,0.00383250194677229));
#2462=CARTESIAN_POINT('',(0.026422877809945,-0.0213973434304496,0.00249543416848698));
#2463=CARTESIAN_POINT('',(0.025,-0.0215989216504038,0.00194160256090913));
#2464=CARTESIAN_POINT('',(0.0235771221900551,-0.0213973434304496,0.00249543416848698));
#2465=CARTESIAN_POINT('',(0.0231842053324024,-0.0210729081821215,0.00338681268734386));
#2466=CARTESIAN_POINT('',(0.0231842053324024,-0.0209106905579573,0.00383250194677229));
#2467=CARTESIAN_POINT('',(0.0232171914435135,-0.02089799614267,0.0038278815574663));
#2468=CARTESIAN_POINT('',(0.0232171914435135,-0.0207387253982773,0.00426547433126512));
#2469=CARTESIAN_POINT('',(0.0236029704901816,-0.0204201839094918,0.00514065987886276));
#2470=CARTESIAN_POINT('',(0.025,-0.0202222676022415,0.00568443046397459));
#2471=CARTESIAN_POINT('',(0.0263970295098184,-0.0204201839094918,0.00514065987886278));
#2472=CARTESIAN_POINT('',(0.0269756980798206,-0.02089799614267,0.0038278815574663));
#2473=CARTESIAN_POINT('',(0.0263970295098184,-0.0213758083758483,0.00251510323606983));
#2474=CARTESIAN_POINT('',(0.025,-0.0215737246830985,0.00197133265095802));
#2475=CARTESIAN_POINT('',(0.0236029704901817,-0.0213758083758483,0.00251510323606983));
#2476=CARTESIAN_POINT('',(0.0232171914435135,-0.0210572668870628,0.00339028878366748));
#2477=CARTESIAN_POINT('',(0.0232171914435135,-0.02089799614267,0.0038278815574663));
#2478=CARTESIAN_POINT('',(0.0232782265997635,-0.0208656483254018,0.00381610791483717));
#2479=CARTESIAN_POINT('',(0.0232782265997635,-0.0207118302779543,0.00423871952690356));
#2480=CARTESIAN_POINT('',(0.0236507983481462,-0.0204041941830595,0.00508394275103635));
#2481=CARTESIAN_POINT('',(0.025,-0.0202130536188881,0.00560909713503914));
#2482=CARTESIAN_POINT('',(0.0263492016518538,-0.0204041941830595,0.00508394275103637));
#2483=CARTESIAN_POINT('',(0.0269080592744278,-0.0208656483254018,0.00381610791483717));
#2484=CARTESIAN_POINT('',(0.0263492016518539,-0.021327102467744,0.00254827307863799));
#2485=CARTESIAN_POINT('',(0.025,-0.0215182430319154,0.0020231186946352));
#2486=CARTESIAN_POINT('',(0.0236507983481462,-0.021327102467744,0.00254827307863798));
#2487=CARTESIAN_POINT('',(0.0232782265997635,-0.0210194663728492,0.00339349630277078));
#2488=CARTESIAN_POINT('',(0.0232782265997635,-0.0208656483254018,0.00381610791483717));
#2489=CARTESIAN_POINT('',(0.0233061671379579,-0.0208460459050083,0.00380897321729438));
#2490=CARTESIAN_POINT('',(0.0233061671379579,-0.0206947239810514,0.00422472678643437));
#2491=CARTESIAN_POINT('',(0.0236726928786811,-0.0203920801331376,0.00505623392471435));
#2492=CARTESIAN_POINT('',(0.025,-0.0202040413535756,0.00557286622554279));
#2493=CARTESIAN_POINT('',(0.026327307121319,-0.0203920801331376,0.00505623392471437));
#2494=CARTESIAN_POINT('',(0.0268770957324036,-0.0208460459050083,0.00380897321729438));
#2495=CARTESIAN_POINT('',(0.026327307121319,-0.021300011676879,0.0025617125098744));
#2496=CARTESIAN_POINT('',(0.025,-0.021488050456441,0.00204508020904597));
#2497=CARTESIAN_POINT('',(0.0236726928786811,-0.021300011676879,0.00256171250987439));
#2498=CARTESIAN_POINT('',(0.0233061671379579,-0.0209973678289652,0.00339321964815438));
#2499=CARTESIAN_POINT('',(0.0233061671379579,-0.0208460459050083,0.00380897321729438));
#2500=CARTESIAN_POINT('',(0.0233547782490691,-0.020800366402609,0.00379234723810494));
#2501=CARTESIAN_POINT('',(0.0233547782490691,-0.0206533872488415,0.00419616914421181));
#2502=CARTESIAN_POINT('',(0.0237107851104466,-0.0203594289413064,0.00500381295642556));
#2503=CARTESIAN_POINT('',(0.025,-0.0201767866646764,0.00550561848730405));
#2504=CARTESIAN_POINT('',(0.0262892148895534,-0.0203594289413064,0.00500381295642558));
#2505=CARTESIAN_POINT('',(0.0268232251816197,-0.020800366402609,0.00379234723810493));
#2506=CARTESIAN_POINT('',(0.0262892148895534,-0.0212413038639116,0.0025808815197843));
#2507=CARTESIAN_POINT('',(0.025,-0.0214239461405415,0.00207907598890583));
#2508=CARTESIAN_POINT('',(0.0237107851104466,-0.0212413038639116,0.0025808815197843));
#2509=CARTESIAN_POINT('',(0.0233547782490691,-0.0209473455563765,0.00338852533199806));
#2510=CARTESIAN_POINT('',(0.0233547782490691,-0.020800366402609,0.00379234723810494));
#2511=CARTESIAN_POINT('',(0.0233756387091385,-0.0207741108850469,0.00378279101122708));
#2512=CARTESIAN_POINT('',(0.0233756387091385,-0.0206289953419242,0.00418149268916851));
#2513=CARTESIAN_POINT('',(0.0237271316094576,-0.0203387642556789,0.00497889604505139));
#2514=CARTESIAN_POINT('',(0.025,-0.0201584377774612,0.00547433897208417));
#2515=CARTESIAN_POINT('',(0.0262728683905424,-0.0203387642556789,0.0049788960450514));
#2516=CARTESIAN_POINT('',(0.0268001077410211,-0.0207741108850469,0.00378279101122708));
#2517=CARTESIAN_POINT('',(0.0262728683905424,-0.0212094575144149,0.00258668597740276));
#2518=CARTESIAN_POINT('',(0.025,-0.0213897839926325,0.00209124305037));
#2519=CARTESIAN_POINT('',(0.0237271316094576,-0.0212094575144149,0.00258668597740275));
#2520=CARTESIAN_POINT('',(0.0233756387091385,-0.0209192264281696,0.00338408933328564));
#2521=CARTESIAN_POINT('',(0.0233756387091385,-0.0207741108850469,0.00378279101122708));
#2522=CARTESIAN_POINT('',(0.0234100625372635,-0.0207167565991102,0.00376191575833855));
#2523=CARTESIAN_POINT('',(0.0234100625372635,-0.0205747163770647,0.0041521680610629));
#2524=CARTESIAN_POINT('',(0.0237541065213496,-0.0202906359329737,0.00493267266651159));
#2525=CARTESIAN_POINT('',(0.025,-0.0201141309738525,0.00541761605611887));
#2526=CARTESIAN_POINT('',(0.0262458934786504,-0.0202906359329737,0.0049326726665116));
#2527=CARTESIAN_POINT('',(0.0267619594547796,-0.0207167565991102,0.00376191575833854));
#2528=CARTESIAN_POINT('',(0.0262458934786504,-0.0211428772652468,0.0025911588501655));
#2529=CARTESIAN_POINT('',(0.025,-0.021319382224368,0.00210621546055823));
#2530=CARTESIAN_POINT('',(0.0237541065213496,-0.0211428772652468,0.00259115885016549));
#2531=CARTESIAN_POINT('',(0.0234100625372635,-0.0208587968211557,0.0033716634556142));
#2532=CARTESIAN_POINT('',(0.0234100625372635,-0.0207167565991102,0.00376191575833855));
#2533=CARTESIAN_POINT('',(0.0234235716518468,-0.0206857597939107,0.00375063384388857));
#2534=CARTESIAN_POINT('',(0.0234235716518468,-0.0205449264354558,0.00413757031614947));
#2535=CARTESIAN_POINT('',(0.0237646924205791,-0.0202632597185459,0.00491144326067127));
#2536=CARTESIAN_POINT('',(0.025,-0.0200882544572261,0.0053922662644331));
#2537=CARTESIAN_POINT('',(0.0262353075794209,-0.0202632597185459,0.00491144326067129));
#2538=CARTESIAN_POINT('',(0.0267469887325193,-0.0206857597939107,0.00375063384388857));
#2539=CARTESIAN_POINT('',(0.0262353075794209,-0.0211082598692755,0.00258982442710586));
#2540=CARTESIAN_POINT('',(0.025,-0.0212832651305953,0.00210900142334405));
#2541=CARTESIAN_POINT('',(0.0237646924205791,-0.0211082598692755,0.00258982442710585));
#2542=CARTESIAN_POINT('',(0.0234235716518468,-0.0208265931523656,0.00336369737162766));
#2543=CARTESIAN_POINT('',(0.0234235716518468,-0.0206857597939107,0.00375063384388857));
#2544=CARTESIAN_POINT('',(0.0234431029018468,-0.0206229504781117,0.00372777312250309));
#2545=CARTESIAN_POINT('',(0.0234431029018468,-0.0204838619826792,0.00410991562300961));
#2546=CARTESIAN_POINT('',(0.0237799973351278,-0.0202056849918144,0.00487420062402266));
#2547=CARTESIAN_POINT('',(0.025,-0.0200328479682798,0.00534906644342959));
#2548=CARTESIAN_POINT('',(0.0262200026648722,-0.0202056849918144,0.00487420062402267));
#2549=CARTESIAN_POINT('',(0.0267253443147937,-0.0206229504781117,0.00372777312250308));
#2550=CARTESIAN_POINT('',(0.0262200026648722,-0.0210402159644089,0.0025813456209835));
#2551=CARTESIAN_POINT('',(0.025,-0.0212130529879435,0.00210647980157659));
#2552=CARTESIAN_POINT('',(0.0237799973351278,-0.0210402159644089,0.00258134562098349));
#2553=CARTESIAN_POINT('',(0.0234431029018468,-0.0207620389735441,0.00334563062199656));
#2554=CARTESIAN_POINT('',(0.0234431029018468,-0.0206229504781117,0.00372777312250309));
#2555=CARTESIAN_POINT('',(0.0234490707837913,-0.0205912399306871,0.00371623142712827));
#2556=CARTESIAN_POINT('',(0.0234490707837913,-0.0204526845878449,0.00409690910293207));
#2557=CARTESIAN_POINT('',(0.0237846738367954,-0.0201755739021605,0.00485826445453967));
#2558=CARTESIAN_POINT('',(0.025,-0.0200033993957269,0.00533131002317149));
#2559=CARTESIAN_POINT('',(0.0262153261632046,-0.0201755739021605,0.00485826445453968));
#2560=CARTESIAN_POINT('',(0.0267187307427108,-0.0205912399306871,0.00371623142712827));
#2561=CARTESIAN_POINT('',(0.0262153261632046,-0.0210069059592138,0.00257419839971687));
#2562=CARTESIAN_POINT('',(0.025,-0.0211790804656473,0.00210115283108506));
#2563=CARTESIAN_POINT('',(0.0237846738367954,-0.0210069059592138,0.00257419839971686));
#2564=CARTESIAN_POINT('',(0.0234490707837913,-0.0207297952735294,0.00333555375132447));
#2565=CARTESIAN_POINT('',(0.0234490707837913,-0.0205912399306871,0.00371623142712827));
#2566=CARTESIAN_POINT('',(0.0234552828063607,-0.0205298071177506,0.00369387171181211));
#2567=CARTESIAN_POINT('',(0.0234552828063607,-0.0203918067382863,0.00407302463826626));
#2568=CARTESIAN_POINT('',(0.0237895416498949,-0.0201158059793579,0.00483133049117453));
#2569=CARTESIAN_POINT('',(0.025,-0.0199443210929977,0.00530248134422683));
#2570=CARTESIAN_POINT('',(0.0262104583501051,-0.0201158059793579,0.00483133049117456));
#2571=CARTESIAN_POINT('',(0.0267118466154064,-0.0205298071177506,0.00369387171181211));
#2572=CARTESIAN_POINT('',(0.0262104583501051,-0.0209438082561432,0.00255641293244968));
#2573=CARTESIAN_POINT('',(0.025,-0.0211152931425034,0.00208526207939741));
#2574=CARTESIAN_POINT('',(0.0237895416498949,-0.0209438082561432,0.00255641293244967));
#2575=CARTESIAN_POINT('',(0.0234552828063607,-0.0206678074972148,0.00331471878535797));
#2576=CARTESIAN_POINT('',(0.0234552828063607,-0.0205298071177506,0.00369387171181211));
#2577=CARTESIAN_POINT('',(0.0234554726935135,-0.0205001868154135,0.00368309080343146));
#2578=CARTESIAN_POINT('',(0.0234554726935135,-0.0203622033998953,0.00406219712182688));
#2579=CARTESIAN_POINT('',(0.0237896904476753,-0.020086236568859,0.00482040975861771));
#2580=CARTESIAN_POINT('',(0.025,-0.0199147727625884,0.00529150269459989));
#2581=CARTESIAN_POINT('',(0.0262103095523247,-0.020086236568859,0.00482040975861773));
#2582=CARTESIAN_POINT('',(0.0267116361835674,-0.0205001868154135,0.00368309080343145));
#2583=CARTESIAN_POINT('',(0.0262103095523248,-0.020914137061968,0.0025457718482452));
#2584=CARTESIAN_POINT('',(0.025,-0.0210856008682386,0.00207467891226304));
#2585=CARTESIAN_POINT('',(0.0237896904476753,-0.020914137061968,0.00254577184824519));
#2586=CARTESIAN_POINT('',(0.0234554726935135,-0.0206381702309317,0.00330398448503604));
#2587=CARTESIAN_POINT('',(0.0234554726935135,-0.0205001868154135,0.00368309080343146));
#2588=CARTESIAN_POINT('',(0.0234554726935135,-0.0204708214210139,0.00367240267395253));
#2589=CARTESIAN_POINT('',(0.0234554726935135,-0.0203328380054958,0.00405150899234796));
#2590=CARTESIAN_POINT('',(0.0237896904476753,-0.0200568711744594,0.00480972162913879));
#2591=CARTESIAN_POINT('',(0.025,-0.0198854073681888,0.00528081456512096));
#2592=CARTESIAN_POINT('',(0.0262103095523247,-0.0200568711744594,0.0048097216291388));
#2593=CARTESIAN_POINT('',(0.0267116361835674,-0.0204708214210139,0.00367240267395253));
#2594=CARTESIAN_POINT('',(0.0262103095523248,-0.0208847716675684,0.00253508371876627));
#2595=CARTESIAN_POINT('',(0.025,-0.021056235473839,0.00206399078278411));
#2596=CARTESIAN_POINT('',(0.0237896904476753,-0.0208847716675685,0.00253508371876626));
#2597=CARTESIAN_POINT('',(0.0234554726935135,-0.0206088048365321,0.00329329635555711));
#2598=CARTESIAN_POINT('',(0.0234554726935135,-0.0204708214210139,0.00367240267395253));
#2599=CARTESIAN_POINT('',(0.025,-0.00427149961107895,0.0350225537564939));
#2600=CARTESIAN_POINT('',(0.025,-0.00896996271500849,0.0367326544731221));
#2601=CARTESIAN_POINT('',(0.03,-0.00896996271500849,0.0367326544731221));
#2602=CARTESIAN_POINT('',(0.02,-0.00896996271500849,0.0367326544731222));
#2603=CARTESIAN_POINT('',(0.02,-0.00427149961107895,0.0350225537564939));
#2604=CARTESIAN_POINT('',(0.02,-0.00427149961107895,0.0350225537564939));
#2605=CARTESIAN_POINT('',(0.025,-0.00427149961107895,0.0350225537564939));
#2606=CARTESIAN_POINT('',(0.03,-0.00427149961107895,0.0350225537564939));
#2607=CARTESIAN_POINT('',(0.03,-0.00427149961107895,0.0350225537564939));
#2608=CARTESIAN_POINT('',(0.02,-0.0025613988944506,0.0397210168604233));
#2609=CARTESIAN_POINT('',(0.02,-0.00725986199838015,0.0414311175770517));
#2610=CARTESIAN_POINT('',(0.02,-0.00554976128175182,0.0461295806809813));
#2611=CARTESIAN_POINT('',(0.02,-0.000851298177822264,0.0444194799643529));
#2612=CARTESIAN_POINT('',(0.02,-0.000851298177822264,0.0444194799643529));
#2613=CARTESIAN_POINT('',(0.02,-0.0025613988944506,0.0397210168604233));
#2614=CARTESIAN_POINT('',(1.08730174874829E-18,-0.00940180176096398,0.0209271644447052));
#2615=CARTESIAN_POINT('',(0.025,-0.00256139889445061,0.0397210168604233));
#2616=CARTESIAN_POINT('',(0.0234554726935135,-0.00256139889445061,0.0397210168604233));
#2617=CARTESIAN_POINT('',(0.03,-0.00940180176096397,0.0209271644447052));
#2618=CARTESIAN_POINT('',(0.03,-0.000851298177822264,0.0444194799643529));
#2619=CARTESIAN_POINT('',(2.98965692223632E-18,-0.000851298177822268,0.0444194799643529));
#2620=CARTESIAN_POINT('',(1.63067069857478E-18,-0.0141002648648935,0.0226372651613336));
#2621=CARTESIAN_POINT('',(0.0230756853247652,-0.00754413145571579,0.0406500936619814));
#2622=CARTESIAN_POINT('',(0.0229001812973457,-0.00726890921931663,0.04140626054182));
#2623=CARTESIAN_POINT('',(0.0230571612004131,-0.00699586831807097,0.0421564342525799));
#2624=CARTESIAN_POINT('',(0.023486243625007,-0.00676221832758462,0.042798382325497));
#2625=CARTESIAN_POINT('',(0.0241570933569892,-0.00660451333785882,0.0432316732237039));
#2626=CARTESIAN_POINT('',(0.0249577661156814,-0.00654184140116778,0.043403862954596));
#2627=CARTESIAN_POINT('',(0.0257588259734937,-0.00659259981422612,0.0432644053608709));
#2628=CARTESIAN_POINT('',(0.0264546041525621,-0.00674193056260966,0.0428541225016568));
#2629=CARTESIAN_POINT('',(0.0269160959145371,-0.00697155434039994,0.0422232363572082));
#2630=CARTESIAN_POINT('',(0.0270993538644561,-0.00724541758947473,0.0414708032643567));
#2631=CARTESIAN_POINT('',(0.026950943647659,-0.00751939545031194,0.040718055278276));
#2632=CARTESIAN_POINT('',(0.0265143305057399,-0.00775736600741722,0.0400642365461342));
#2633=CARTESIAN_POINT('',(0.0258429545473252,-0.00791520532937661,0.0396305765731488));
#2634=CARTESIAN_POINT('',(0.025042234942971,-0.00797788349197299,0.0394583697367223));
#2635=CARTESIAN_POINT('',(0.0242411663365852,-0.00792712335675512,0.0395978320620419));
#2636=CARTESIAN_POINT('',(0.0235454277313058,-0.00777779602148719,0.0400081055437979));
#2637=CARTESIAN_POINT('',(0.0230756853247652,-0.00754413145571579,0.0406500936619814));
#2638=CARTESIAN_POINT('',(0.0229001812973457,-0.00726890921931663,0.04140626054182));
#2639=CARTESIAN_POINT('',(0.0230571612004131,-0.00699586831807097,0.0421564342525799));
#2640=CARTESIAN_POINT('',(0.0229554726935135,-0.00725986199838015,0.0414311175770517));
#2641=CARTESIAN_POINT('',(0.03,-0.0141002648648935,0.0226372651613336));
#2642=CARTESIAN_POINT('',(0.03,-0.00554976128175181,0.0461295806809813));
#2643=CARTESIAN_POINT('',(3.53302587206281E-18,-0.00554976128175181,0.0461295806809813));
#2644=CARTESIAN_POINT('',(0.025,-0.00444078413602242,0.0404050571470747));
#2645=CARTESIAN_POINT('',(0.0237896904476753,-0.00637606544143266,0.0423974264605751));
#2646=CARTESIAN_POINT('',(0.0232883638164326,-0.0067900156879872,0.0412601075053889));
#2647=CARTESIAN_POINT('',(0.0237896904476752,-0.00720396593454174,0.0401227885502026));
#2648=CARTESIAN_POINT('',(0.025,-0.00737542974081231,0.0396516956142205));
#2649=CARTESIAN_POINT('',(0.0262103095523248,-0.00720396593454174,0.0401227885502026));
#2650=CARTESIAN_POINT('',(0.0267116361835674,-0.00679001568798719,0.0412601075053889));
#2651=CARTESIAN_POINT('',(0.0262103095523248,-0.00637606544143266,0.0423974264605751));
#2652=CARTESIAN_POINT('',(0.025,-0.00620460163516208,0.0428685193965573));
#2653=CARTESIAN_POINT('',(0.0237896904476753,-0.00637606544143266,0.0423974264605751));
#2654=CARTESIAN_POINT('',(0.0232883638164326,-0.0067900156879872,0.0412601075053889));
#2655=CARTESIAN_POINT('',(0.0237896904476752,-0.00720396593454174,0.0401227885502026));
#2656=CARTESIAN_POINT('',(0.0234554726935135,-0.0067900156879872,0.0412601075053889));
#2657=CARTESIAN_POINT('',(0.0229554726935135,-0.00725986199838015,0.0414311175770517));
#2658=CARTESIAN_POINT('',(0.0229554726935135,-0.00707721008948581,0.0419329495723592));
#2659=CARTESIAN_POINT('',(0.0233978846352297,-0.00671190627169713,0.0429366135629742));
#2660=CARTESIAN_POINT('',(0.025,-0.00648493557812502,0.0435602104184415));
#2661=CARTESIAN_POINT('',(0.0266021153647704,-0.00671190627169714,0.0429366135629741));
#2662=CARTESIAN_POINT('',(0.0272657332773446,-0.00725986199838015,0.0414311175770517));
#2663=CARTESIAN_POINT('',(0.0266021153647704,-0.00780781772506316,0.0399256215911293));
#2664=CARTESIAN_POINT('',(0.025,-0.00803478841863528,0.039302024735662));
#2665=CARTESIAN_POINT('',(0.0233978846352296,-0.00780781772506317,0.0399256215911293));
#2666=CARTESIAN_POINT('',(0.0229554726935135,-0.00744251390727449,0.0409292855817442));
#2667=CARTESIAN_POINT('',(0.0229554726935135,-0.00725986199838015,0.0414311175770517));
#2668=CARTESIAN_POINT('',(0.0229867226935135,-0.00725986199838015,0.0414311175770517));
#2669=CARTESIAN_POINT('',(0.0229867226935135,-0.00708000187032182,0.0419252792175522));
#2670=CARTESIAN_POINT('',(0.0234223724985075,-0.00672028161420516,0.0429136024985532));
#2671=CARTESIAN_POINT('',(0.025,-0.00649678010108939,0.0435276678590527));
#2672=CARTESIAN_POINT('',(0.0265776275014925,-0.00672028161420517,0.0429136024985531));
#2673=CARTESIAN_POINT('',(0.0272311022089835,-0.00725986199838015,0.0414311175770517));
#2674=CARTESIAN_POINT('',(0.0265776275014925,-0.00779944238255513,0.0399486326555503));
#2675=CARTESIAN_POINT('',(0.025,-0.0080229438956709,0.0393345672950508));
#2676=CARTESIAN_POINT('',(0.0234223724985075,-0.00779944238255514,0.0399486326555503));
#2677=CARTESIAN_POINT('',(0.0229867226935135,-0.00743972212643848,0.0409369559365512));
#2678=CARTESIAN_POINT('',(0.0229867226935135,-0.00725986199838015,0.0414311175770517));
#2679=CARTESIAN_POINT('',(0.0230182439608746,-0.0072596835628239,0.0414310526318205));
#2680=CARTESIAN_POINT('',(0.0230182439608746,-0.00708263944981023,0.0419174773345729));
#2681=CARTESIAN_POINT('',(0.023447072930043,-0.00672855122378288,0.0428903267400778));
#2682=CARTESIAN_POINT('',(0.025,-0.00650854900553715,0.043494777866938));
#2683=CARTESIAN_POINT('',(0.0265529270699571,-0.00672855122378289,0.0428903267400778));
#2684=CARTESIAN_POINT('',(0.0271961705237096,-0.00725968356282391,0.0414310526318205));
#2685=CARTESIAN_POINT('',(0.0265529270699571,-0.00779081590186492,0.0399717785235632));
#2686=CARTESIAN_POINT('',(0.025,-0.00801081812011066,0.0393673273967031));
#2687=CARTESIAN_POINT('',(0.023447072930043,-0.00779081590186492,0.0399717785235632));
#2688=CARTESIAN_POINT('',(0.0230182439608746,-0.00743672767583757,0.0409446279290681));
#2689=CARTESIAN_POINT('',(0.0230182439608746,-0.0072596835628239,0.0414310526318205));
#2690=CARTESIAN_POINT('',(0.0230836193949024,-0.00725384617105524,0.041428927994971));
#2691=CARTESIAN_POINT('',(0.0230836193949024,-0.00708264250232523,0.0418993062089344));
#2692=CARTESIAN_POINT('',(0.0234983018801294,-0.00674023516486522,0.0428400626368614));
#2693=CARTESIAN_POINT('',(0.025,-0.00652749052031722,0.0434245737438669));
#2694=CARTESIAN_POINT('',(0.0265016981198706,-0.00674023516486523,0.0428400626368614));
#2695=CARTESIAN_POINT('',(0.0271237218477112,-0.00725384617105524,0.041428927994971));
#2696=CARTESIAN_POINT('',(0.0265016981198706,-0.00776745717724526,0.0400177933530805));
#2697=CARTESIAN_POINT('',(0.025,-0.00798020182179326,0.039433282246075));
#2698=CARTESIAN_POINT('',(0.0234983018801295,-0.00776745717724525,0.0400177933530805));
#2699=CARTESIAN_POINT('',(0.0230836193949024,-0.00742504983978525,0.0409585497810075));
#2700=CARTESIAN_POINT('',(0.0230836193949024,-0.00725384617105524,0.041428927994971));
#2701=CARTESIAN_POINT('',(0.0231173650546246,-0.00724823819643032,0.041426886859133));
#2702=CARTESIAN_POINT('',(0.0231173650546246,-0.00708004926325587,0.0418889821552319));
#2703=CARTESIAN_POINT('',(0.0235247453713774,-0.00674367139690697,0.0428131727474299));
#2704=CARTESIAN_POINT('',(0.025,-0.0065346729854212,0.0433873911636889));
#2705=CARTESIAN_POINT('',(0.0264752546286226,-0.00674367139690696,0.0428131727474299));
#2706=CARTESIAN_POINT('',(0.0270863251037518,-0.00724823819643033,0.041426886859133));
#2707=CARTESIAN_POINT('',(0.0264752546286226,-0.00775280499595368,0.040040600970836));
#2708=CARTESIAN_POINT('',(0.025,-0.00796180340743945,0.039466382554577));
#2709=CARTESIAN_POINT('',(0.0235247453713774,-0.00775280499595368,0.0400406009708361));
#2710=CARTESIAN_POINT('',(0.0231173650546246,-0.00741642712960478,0.040964791563034));
#2711=CARTESIAN_POINT('',(0.0231173650546246,-0.00724823819643032,0.041426886859133));
#2712=CARTESIAN_POINT('',(0.0231842053324024,-0.0072298848249306,0.0414202067782086));
#2713=CARTESIAN_POINT('',(0.0231842053324024,-0.0070676672007665,0.0418658960376371));
#2714=CARTESIAN_POINT('',(0.023577122190055,-0.0067432319524383,0.042757274556494));
#2715=CARTESIAN_POINT('',(0.025,-0.00654165373248417,0.0433111061640718));
#2716=CARTESIAN_POINT('',(0.026422877809945,-0.0067432319524383,0.0427572745564939));
#2717=CARTESIAN_POINT('',(0.0270122530964239,-0.00722988482493061,0.0414202067782087));
#2718=CARTESIAN_POINT('',(0.026422877809945,-0.0077165376974229,0.0400831389999233));
#2719=CARTESIAN_POINT('',(0.025,-0.00791811591737703,0.0395293073923455));
#2720=CARTESIAN_POINT('',(0.023577122190055,-0.0077165376974229,0.0400831389999233));
#2721=CARTESIAN_POINT('',(0.0231842053324024,-0.0073921024490947,0.0409745175187802));
#2722=CARTESIAN_POINT('',(0.0231842053324024,-0.0072298848249306,0.0414202067782086));
#2723=CARTESIAN_POINT('',(0.0232171914435135,-0.00721719040964329,0.0414155863889026));
#2724=CARTESIAN_POINT('',(0.0232171914435135,-0.00705791966525054,0.0418531791627015));
#2725=CARTESIAN_POINT('',(0.0236029704901816,-0.00673937817646502,0.0427283647102991));
#2726=CARTESIAN_POINT('',(0.025,-0.00654146186921481,0.0432721352954109));
#2727=CARTESIAN_POINT('',(0.0263970295098184,-0.00673937817646502,0.0427283647102991));
#2728=CARTESIAN_POINT('',(0.0269756980798206,-0.0072171904096433,0.0414155863889027));
#2729=CARTESIAN_POINT('',(0.0263970295098184,-0.00769500264282155,0.0401028080675062));
#2730=CARTESIAN_POINT('',(0.025,-0.00789291895007178,0.0395590374823944));
#2731=CARTESIAN_POINT('',(0.0236029704901817,-0.00769500264282155,0.0401028080675062));
#2732=CARTESIAN_POINT('',(0.0232171914435135,-0.00737646115403604,0.0409779936151038));
#2733=CARTESIAN_POINT('',(0.0232171914435135,-0.00721719040964329,0.0414155863889026));
#2734=CARTESIAN_POINT('',(0.0232782265997635,-0.00718484259237502,0.0414038127462735));
#2735=CARTESIAN_POINT('',(0.0232782265997635,-0.0070310245449276,0.0418264243583399));
#2736=CARTESIAN_POINT('',(0.0236507983481462,-0.00672338845003275,0.0426716475824727));
#2737=CARTESIAN_POINT('',(0.025,-0.00653224788586135,0.0431968019664755));
#2738=CARTESIAN_POINT('',(0.0263492016518539,-0.00672338845003275,0.0426716475824727));
#2739=CARTESIAN_POINT('',(0.0269080592744279,-0.00718484259237503,0.0414038127462735));
#2740=CARTESIAN_POINT('',(0.0263492016518538,-0.0076462967347173,0.0401359779100743));
#2741=CARTESIAN_POINT('',(0.025,-0.00783743729888872,0.0396108235260716));
#2742=CARTESIAN_POINT('',(0.0236507983481462,-0.00764629673471729,0.0401359779100743));
#2743=CARTESIAN_POINT('',(0.0232782265997635,-0.00733866063982245,0.0409812011342071));
#2744=CARTESIAN_POINT('',(0.0232782265997635,-0.00718484259237502,0.0414038127462735));
#2745=CARTESIAN_POINT('',(0.0233061671379579,-0.00716524017198157,0.0413966780487307));
#2746=CARTESIAN_POINT('',(0.0233061671379579,-0.00701391824802468,0.0418124316178707));
#2747=CARTESIAN_POINT('',(0.0236726928786811,-0.00671127440011089,0.0426439387561507));
#2748=CARTESIAN_POINT('',(0.025,-0.00652323562054888,0.0431605710569791));
#2749=CARTESIAN_POINT('',(0.026327307121319,-0.00671127440011089,0.0426439387561507));
#2750=CARTESIAN_POINT('',(0.0268770957324036,-0.00716524017198157,0.0413966780487308));
#2751=CARTESIAN_POINT('',(0.026327307121319,-0.00761920594385225,0.0401494173413107));
#2752=CARTESIAN_POINT('',(0.025,-0.00780724472341426,0.0396327850404823));
#2753=CARTESIAN_POINT('',(0.0236726928786811,-0.00761920594385225,0.0401494173413108));
#2754=CARTESIAN_POINT('',(0.0233061671379579,-0.00731656209593847,0.0409809244795907));
#2755=CARTESIAN_POINT('',(0.0233061671379579,-0.00716524017198157,0.0413966780487307));
#2756=CARTESIAN_POINT('',(0.0233547782490691,-0.00711956066958226,0.0413800520695413));
#2757=CARTESIAN_POINT('',(0.0233547782490691,-0.00697258151581471,0.0417838739756482));
#2758=CARTESIAN_POINT('',(0.0237107851104466,-0.00667862320827962,0.0425915177878619));
#2759=CARTESIAN_POINT('',(0.025,-0.00649598093164971,0.0430933233187404));
#2760=CARTESIAN_POINT('',(0.0262892148895534,-0.00667862320827962,0.0425915177878619));
#2761=CARTESIAN_POINT('',(0.0268232251816197,-0.00711956066958226,0.0413800520695413));
#2762=CARTESIAN_POINT('',(0.0262892148895534,-0.00756049813088489,0.0401685863512206));
#2763=CARTESIAN_POINT('',(0.025,-0.00774314040751481,0.0396667808203422));
#2764=CARTESIAN_POINT('',(0.0237107851104466,-0.00756049813088489,0.0401685863512207));
#2765=CARTESIAN_POINT('',(0.0233547782490691,-0.0072665398233498,0.0409762301634344));
#2766=CARTESIAN_POINT('',(0.0233547782490691,-0.00711956066958226,0.0413800520695413));
#2767=CARTESIAN_POINT('',(0.0233756387091385,-0.00709330515202015,0.0413704958426634));
#2768=CARTESIAN_POINT('',(0.0233756387091385,-0.00694818960889747,0.0417691975206048));
#2769=CARTESIAN_POINT('',(0.0237271316094576,-0.00665795852265212,0.0425666008764878));
#2770=CARTESIAN_POINT('',(0.025,-0.00647763204443448,0.0430620438035205));
#2771=CARTESIAN_POINT('',(0.0262728683905424,-0.00665795852265212,0.0425666008764878));
#2772=CARTESIAN_POINT('',(0.0268001077410211,-0.00709330515202015,0.0413704958426634));
#2773=CARTESIAN_POINT('',(0.0262728683905424,-0.00752865178138817,0.0401743908088391));
#2774=CARTESIAN_POINT('',(0.025,-0.00770897825960582,0.0396789478818063));
#2775=CARTESIAN_POINT('',(0.0237271316094576,-0.00752865178138817,0.0401743908088391));
#2776=CARTESIAN_POINT('',(0.0233756387091385,-0.00723842069514283,0.040971794164722));
#2777=CARTESIAN_POINT('',(0.0233756387091385,-0.00709330515202015,0.0413704958426634));
#2778=CARTESIAN_POINT('',(0.0234100625372635,-0.00703595086608351,0.0413496205897749));
#2779=CARTESIAN_POINT('',(0.0234100625372635,-0.006893910644038,0.0417398728924992));
#2780=CARTESIAN_POINT('',(0.0237541065213496,-0.00660983019994699,0.042520377497948));
#2781=CARTESIAN_POINT('',(0.025,-0.00643332524082579,0.0430053208875552));
#2782=CARTESIAN_POINT('',(0.0262458934786504,-0.00660983019994699,0.0425203774979479));
#2783=CARTESIAN_POINT('',(0.0267619594547796,-0.00703595086608351,0.0413496205897749));
#2784=CARTESIAN_POINT('',(0.0262458934786504,-0.00746207153222003,0.0401788636816018));
#2785=CARTESIAN_POINT('',(0.025,-0.00763857649134124,0.0396939202919945));
#2786=CARTESIAN_POINT('',(0.0237541065213496,-0.00746207153222003,0.0401788636816019));
#2787=CARTESIAN_POINT('',(0.0234100625372635,-0.00717799108812902,0.0409593682870505));
#2788=CARTESIAN_POINT('',(0.0234100625372635,-0.00703595086608351,0.0413496205897749));
#2789=CARTESIAN_POINT('',(0.0234235716518468,-0.00700495406088398,0.0413383386753249));
#2790=CARTESIAN_POINT('',(0.0234235716518468,-0.00686412070242903,0.0417252751475858));
#2791=CARTESIAN_POINT('',(0.0237646924205791,-0.00658245398551915,0.0424991480921076));
#2792=CARTESIAN_POINT('',(0.025,-0.0064074487241994,0.0429799710958694));
#2793=CARTESIAN_POINT('',(0.0262353075794209,-0.00658245398551915,0.0424991480921076));
#2794=CARTESIAN_POINT('',(0.0267469887325193,-0.00700495406088397,0.0413383386753249));
#2795=CARTESIAN_POINT('',(0.0262353075794209,-0.00742745413624879,0.0401775292585422));
#2796=CARTESIAN_POINT('',(0.025,-0.00760245939756856,0.0396967062547804));
#2797=CARTESIAN_POINT('',(0.0237646924205791,-0.00742745413624879,0.0401775292585422));
#2798=CARTESIAN_POINT('',(0.0234235716518468,-0.00714578741933892,0.040951402203064));
#2799=CARTESIAN_POINT('',(0.0234235716518468,-0.00700495406088398,0.0413383386753249));
#2800=CARTESIAN_POINT('',(0.0234431029018468,-0.00694214474508492,0.0413154779539394));
#2801=CARTESIAN_POINT('',(0.0234431029018468,-0.00680305624965248,0.041697620454446));
#2802=CARTESIAN_POINT('',(0.0237799973351278,-0.00652487925878761,0.042461905455459));
#2803=CARTESIAN_POINT('',(0.025,-0.00635204223525307,0.0429367712748659));
#2804=CARTESIAN_POINT('',(0.0262200026648722,-0.00652487925878761,0.042461905455459));
#2805=CARTESIAN_POINT('',(0.0267253443147937,-0.00694214474508491,0.0413154779539395));
#2806=CARTESIAN_POINT('',(0.0262200026648722,-0.00735941023138221,0.0401690504524198));
#2807=CARTESIAN_POINT('',(0.025,-0.00753224725491677,0.0396941846330129));
#2808=CARTESIAN_POINT('',(0.0237799973351278,-0.00735941023138221,0.0401690504524199));
#2809=CARTESIAN_POINT('',(0.0234431029018468,-0.00708123324051735,0.0409333354534329));
#2810=CARTESIAN_POINT('',(0.0234431029018468,-0.00694214474508492,0.0413154779539394));
#2811=CARTESIAN_POINT('',(0.0234490707837913,-0.00691043419766039,0.0413039362585646));
#2812=CARTESIAN_POINT('',(0.0234490707837913,-0.00677187885481817,0.0416846139343684));
#2813=CARTESIAN_POINT('',(0.0237846738367954,-0.00649476816913372,0.042445969285976));
#2814=CARTESIAN_POINT('',(0.025,-0.00632259366270022,0.0429190148546078));
#2815=CARTESIAN_POINT('',(0.0262153261632046,-0.00649476816913372,0.042445969285976));
#2816=CARTESIAN_POINT('',(0.0267187307427108,-0.00691043419766039,0.0413039362585646));
#2817=CARTESIAN_POINT('',(0.0262153261632046,-0.00732610022618706,0.0401619032311532));
#2818=CARTESIAN_POINT('',(0.025,-0.00749827473262057,0.0396888576625214));
#2819=CARTESIAN_POINT('',(0.0237846738367954,-0.00732610022618706,0.0401619032311532));
#2820=CARTESIAN_POINT('',(0.0234490707837913,-0.00704898954050261,0.0409232585827608));
#2821=CARTESIAN_POINT('',(0.0234490707837913,-0.00691043419766039,0.0413039362585646));
#2822=CARTESIAN_POINT('',(0.0234552828063607,-0.00684900138472381,0.0412815765432485));
#2823=CARTESIAN_POINT('',(0.0234552828063607,-0.00671100100525958,0.0416607294697026));
#2824=CARTESIAN_POINT('',(0.0237895416498949,-0.00643500024633112,0.0424190353226109));
#2825=CARTESIAN_POINT('',(0.025,-0.00626351535997096,0.0428901861756631));
#2826=CARTESIAN_POINT('',(0.0262104583501051,-0.00643500024633112,0.0424190353226109));
#2827=CARTESIAN_POINT('',(0.0267118466154064,-0.00684900138472381,0.0412815765432485));
#2828=CARTESIAN_POINT('',(0.0262104583501051,-0.00726300252311651,0.040144117763886));
#2829=CARTESIAN_POINT('',(0.025,-0.00743448740947666,0.0396729669108338));
#2830=CARTESIAN_POINT('',(0.0237895416498949,-0.00726300252311651,0.040144117763886));
#2831=CARTESIAN_POINT('',(0.0234552828063607,-0.00698700176418804,0.0409024236167943));
#2832=CARTESIAN_POINT('',(0.0234552828063607,-0.00684900138472381,0.0412815765432485));
#2833=CARTESIAN_POINT('',(0.0234554726935135,-0.00681938108238676,0.0412707956348678));
#2834=CARTESIAN_POINT('',(0.0234554726935135,-0.00668139766686858,0.0416499019532632));
#2835=CARTESIAN_POINT('',(0.0237896904476753,-0.00640543083583222,0.0424081145900541));
#2836=CARTESIAN_POINT('',(0.025,-0.00623396702956164,0.0428792075260362));
#2837=CARTESIAN_POINT('',(0.0262103095523247,-0.00640543083583222,0.0424081145900541));
#2838=CARTESIAN_POINT('',(0.0267116361835674,-0.00681938108238676,0.0412707956348678));
#2839=CARTESIAN_POINT('',(0.0262103095523247,-0.00723333132894129,0.0401334766796815));
#2840=CARTESIAN_POINT('',(0.025,-0.00740479513521187,0.0396623837436994));
#2841=CARTESIAN_POINT('',(0.0237896904476753,-0.00723333132894129,0.0401334766796815));
#2842=CARTESIAN_POINT('',(0.0234554726935135,-0.00695736449790493,0.0408916893164724));
#2843=CARTESIAN_POINT('',(0.0234554726935135,-0.00681938108238676,0.0412707956348678));
#2844=CARTESIAN_POINT('',(0.0234554726935135,-0.0067900156879872,0.0412601075053889));
#2845=CARTESIAN_POINT('',(0.0234554726935135,-0.00665203227246902,0.0416392138237843));
#2846=CARTESIAN_POINT('',(0.0237896904476753,-0.00637606544143266,0.0423974264605752));
#2847=CARTESIAN_POINT('',(0.025,-0.00620460163516208,0.0428685193965573));
#2848=CARTESIAN_POINT('',(0.0262103095523247,-0.00637606544143266,0.0423974264605751));
#2849=CARTESIAN_POINT('',(0.0267116361835674,-0.0067900156879872,0.0412601075053889));
#2850=CARTESIAN_POINT('',(0.0262103095523247,-0.00720396593454173,0.0401227885502026));
#2851=CARTESIAN_POINT('',(0.025,-0.00737542974081231,0.0396516956142205));
#2852=CARTESIAN_POINT('',(0.0237896904476753,-0.00720396593454173,0.0401227885502026));
#2853=CARTESIAN_POINT('',(0.0234554726935135,-0.00692799910350538,0.0408810011869935));
#2854=CARTESIAN_POINT('',(0.0234554726935135,-0.0067900156879872,0.0412601075053889));
#2855=CARTESIAN_POINT('',(0.0325,-0.00690667731406888,-0.0115658725438463));
#2856=CARTESIAN_POINT('',(0.0325,-0.0294066773140689,-0.0115658725438463));
#2857=CARTESIAN_POINT('',(0.0325,-0.0294066773140689,-0.0115658725438463));
#2858=CARTESIAN_POINT('',(-0.0325,-0.0294066773140689,-0.0115658725438463));
#2859=CARTESIAN_POINT('',(-0.0325,-0.00690667731406888,-0.0115658725438463));
#2860=CARTESIAN_POINT('',(-0.0325,0.0139483730442453,-0.0115658725438463));
#2861=CARTESIAN_POINT('',(0.0325,0.0139483730442453,-0.0115658725438463));
#2862=CARTESIAN_POINT('',(0.0325,0.0139483730442453,-0.0115658725438463));
#2863=CARTESIAN_POINT('',(0.0325,-0.00690667731406888,-0.0115658725438463));
#2864=CARTESIAN_POINT('',(0.0240935627371073,0.00862912587076426,-0.0115658725438463));
#2865=CARTESIAN_POINT('',(0.0209435627371073,0.00862912587076426,-0.0115658725438463));
#2866=CARTESIAN_POINT('',(0.0240935627371073,-0.0233871936798096,-0.0115658725438463));
#2867=CARTESIAN_POINT('',(0.0209435627371073,-0.0233871936798096,-0.0115658725438463));
#2868=CARTESIAN_POINT('',(-0.0240935627371073,0.00862912587076426,-0.0115658725438463));
#2869=CARTESIAN_POINT('',(-0.0209435627371073,0.00862912587076426,-0.0115658725438463));
#2870=CARTESIAN_POINT('',(-0.0240935627371073,-0.0233871936798096,-0.0115658725438463));
#2871=CARTESIAN_POINT('',(-0.0209435627371073,-0.0233871936798096,-0.0115658725438463));
#2872=CARTESIAN_POINT('',(0.03,-0.0117080291998516,0.0177093792477246));
#2873=CARTESIAN_POINT('',(0.03,-0.0214761526720528,-0.00128257553747126));
#2874=CARTESIAN_POINT('',(0.03,-0.025,0.));
#2875=CARTESIAN_POINT('',(0.03,-0.0164494964168583,0.0234923155196477));
#2876=CARTESIAN_POINT('',(0.03,-0.00789899283371658,0.0469846310392954));
#2877=CARTESIAN_POINT('',(0.03,-0.00554976128175181,0.0461295806809813));
#2878=CARTESIAN_POINT('',(0.03,-0.00554976128175181,0.0461295806809813));
#2879=CARTESIAN_POINT('',(0.03,-0.000608165402425333,-0.00906587254384628));
#2880=CARTESIAN_POINT('',(0.03,-0.0168096534907818,-0.00906587254384629));
#2881=CARTESIAN_POINT('',(0.03,-0.0172256231307984,-0.00739690266613897));
#2882=CARTESIAN_POINT('',(0.03,-0.0176415927708149,-0.00572793278843164));
#2883=CARTESIAN_POINT('',(0.03,-0.0177969490574603,-0.00414654193168707));
#2884=CARTESIAN_POINT('',(0.0325,-0.0164494964168583,0.0234923155196477));
#2885=CARTESIAN_POINT('',(0.0325,-0.025,-2.71684474913248E-19));
#2886=CARTESIAN_POINT('',(0.0325,-0.025,-2.71684474913248E-19));
#2887=CARTESIAN_POINT('',(0.0325,-0.0164494964168583,0.0234923155196477));
#2888=CARTESIAN_POINT('',(0.0325,-0.00704394247540241,0.0493338625912602));
#2889=CARTESIAN_POINT('',(-9.88850619806649E-20,-0.00704394247540241,0.0493338625912602));
#2890=CARTESIAN_POINT('',(-0.0325,-0.00704394247540241,0.0493338625912602));
#2891=CARTESIAN_POINT('',(-0.0325,-0.0164494964168583,0.0234923155196477));
#2892=CARTESIAN_POINT('',(-0.0325,-0.025,-2.71684474913248E-19));
#2893=CARTESIAN_POINT('',(-0.0325,-0.025,-2.71684474913248E-19));
#2894=CARTESIAN_POINT('',(-3.43076476882562E-35,-0.00789899283371658,0.0469846310392954));
#2895=CARTESIAN_POINT('',(0.0325,-0.0320046905428171,-1.79717469789541E-18));
#2896=CARTESIAN_POINT('',(0.,-0.025,3.26021369895897E-18));
#2897=CARTESIAN_POINT('',(-0.0325,-0.0320046905428171,-1.79717469789541E-18));
#2898=CARTESIAN_POINT('',(-0.0325,-0.0326193627788161,-1.64495007764978E-18));
#2899=CARTESIAN_POINT('',(-0.03,-0.032619362778816,5.14716179518141E-18));
#2900=CARTESIAN_POINT('',(-0.0308333333333333,-0.032619362778816,5.23772328681916E-18));
#2901=CARTESIAN_POINT('',(-0.0316666666666667,-0.032619362778816,5.32828477845691E-18));
#2902=CARTESIAN_POINT('',(-0.0325,-0.032619362778816,5.41884627009465E-18));
#2903=CARTESIAN_POINT('',(-0.03,-0.0326193627788161,-1.37326560273653E-18));
#2904=CARTESIAN_POINT('',(0.,-0.032619362778816,1.88694809622244E-18));
#2905=CARTESIAN_POINT('',(-0.01,-0.032619362778816,2.97368599587543E-18));
#2906=CARTESIAN_POINT('',(-0.02,-0.032619362778816,4.06042389552842E-18));
#2907=CARTESIAN_POINT('',(-0.03,-0.032619362778816,5.14716179518141E-18));
#2908=CARTESIAN_POINT('',(3.5162199482797E-18,-0.0326193627788161,1.88694809622244E-18));
#2909=CARTESIAN_POINT('',(0.,-0.032619362778816,1.88694809622244E-18));
#2910=CARTESIAN_POINT('',(0.01,-0.032619362778816,8.00210196569448E-19));
#2911=CARTESIAN_POINT('',(0.02,-0.032619362778816,-2.86527703083542E-19));
#2912=CARTESIAN_POINT('',(0.03,-0.032619362778816,-1.37326560273653E-18));
#2913=CARTESIAN_POINT('',(0.03,-0.0326193627788161,-1.37326560273653E-18));
#2914=CARTESIAN_POINT('',(0.0299999999999997,-0.032619362778816,-1.3732656027365E-18));
#2915=CARTESIAN_POINT('',(0.0308333333333332,-0.032619362778816,-1.46382709437427E-18));
#2916=CARTESIAN_POINT('',(0.0316666666666667,-0.032619362778816,-1.55438858601203E-18));
#2917=CARTESIAN_POINT('',(0.0325000000000002,-0.032619362778816,-1.6449500776498E-18));
#2918=CARTESIAN_POINT('',(0.0325,-0.0326193627788161,-1.64495007764978E-18));
#2919=CARTESIAN_POINT('',(0.0325,-0.0320046905428171,-1.79717469789541E-18));
#2920=CARTESIAN_POINT('',(0.0325,-0.0342080291998516,-0.00578293627192314));
#2921=CARTESIAN_POINT('',(0.0325,-0.0342080291998516,-0.00578293627192314));
#2922=CARTESIAN_POINT('',(0.0325,-0.0349275093250256,-0.00491636622836589));
#2923=CARTESIAN_POINT('',(0.0325000000000002,-0.0349275093250255,-0.00491636622836589));
#2924=CARTESIAN_POINT('',(0.0316666666666667,-0.0349275093250255,-0.00491636622836589));
#2925=CARTESIAN_POINT('',(0.0308333333333332,-0.0349275093250255,-0.00491636622836589));
#2926=CARTESIAN_POINT('',(0.0299999999999997,-0.0349275093250255,-0.00491636622836589));
#2927=CARTESIAN_POINT('',(0.03,-0.0349275093250256,-0.00491636622836589));
#2928=CARTESIAN_POINT('',(0.03,-0.0349275093250255,-0.00491636622836589));
#2929=CARTESIAN_POINT('',(0.02,-0.0349275093250255,-0.00491636622836589));
#2930=CARTESIAN_POINT('',(0.01,-0.0349275093250255,-0.00491636622836589));
#2931=CARTESIAN_POINT('',(6.93889390390723E-18,-0.0349275093250255,-0.00491636622836588));
#2932=CARTESIAN_POINT('',(3.61836867239123E-18,-0.0349275093250256,-0.00491636622836588));
#2933=CARTESIAN_POINT('',(-0.03,-0.0349275093250255,-0.00491636622836589));
#2934=CARTESIAN_POINT('',(-0.02,-0.0349275093250255,-0.00491636622836589));
#2935=CARTESIAN_POINT('',(-0.00999999999999999,-0.0349275093250255,-0.00491636622836589));
#2936=CARTESIAN_POINT('',(6.93889390390723E-18,-0.0349275093250255,-0.00491636622836588));
#2937=CARTESIAN_POINT('',(-0.03,-0.0349275093250256,-0.00491636622836589));
#2938=CARTESIAN_POINT('',(-0.0325,-0.0349275093250255,-0.00491636622836588));
#2939=CARTESIAN_POINT('',(-0.0316666666666667,-0.0349275093250255,-0.00491636622836588));
#2940=CARTESIAN_POINT('',(-0.0308333333333333,-0.0349275093250255,-0.00491636622836588));
#2941=CARTESIAN_POINT('',(-0.03,-0.0349275093250255,-0.00491636622836588));
#2942=CARTESIAN_POINT('',(-0.0325,-0.0349275093250256,-0.00491636622836589));
#2943=CARTESIAN_POINT('',(-0.0325,-0.0342080291998516,-0.00578293627192314));
#2944=CARTESIAN_POINT('',(0.0325,-0.0117080291998516,0.0177093792477246));
#2945=CARTESIAN_POINT('',(0.0325,0.0139483730442453,0.0133928869001967));
#2946=CARTESIAN_POINT('',(0.0325,0.0139483730442453,-0.0116071130998033));
#2947=CARTESIAN_POINT('',(0.0325,0.0164483730442453,-0.0116071130998033));
#2948=CARTESIAN_POINT('',(0.0325,0.00470221528442144,0.0450586107996894));
#2949=CARTESIAN_POINT('',(0.0325,-0.0326193627788161,0.));
#2950=CARTESIAN_POINT('',(0.0325,-0.0328444286769232,-1.86117025989701E-36));
#2951=CARTESIAN_POINT('',(0.0325,-0.0331492558038205,-3.16597446632817E-6));
#2952=CARTESIAN_POINT('',(0.0325,-0.0334814598250489,-1.30073608255484E-5));
#2953=CARTESIAN_POINT('',(0.0325,-0.0336726384557316,-2.26863666827243E-5));
#2954=CARTESIAN_POINT('',(0.0325,-0.0337809572009628,-2.96990075503993E-5));
#2955=CARTESIAN_POINT('',(0.0325,-0.0339782721750109,-4.59533846523044E-5));
#2956=CARTESIAN_POINT('',(0.0325,-0.0342930769811959,-8.08251564111243E-5));
#2957=CARTESIAN_POINT('',(0.0325,-0.0346500420212544,-0.000145330404110302));
#2958=CARTESIAN_POINT('',(0.0325,-0.0349224010609031,-0.000211194155455827));
#2959=CARTESIAN_POINT('',(0.0325,-0.0353664070492001,-0.000348966280752311));
#2960=CARTESIAN_POINT('',(0.0325,-0.0359748232030428,-0.000644887343545031));
#2961=CARTESIAN_POINT('',(0.0325,-0.0364053870588381,-0.001106714537393));
#2962=CARTESIAN_POINT('',(0.0325,-0.0365405053531869,-0.00174561818969761));
#2963=CARTESIAN_POINT('',(0.0325,-0.0365105181845892,-0.00218055764878125));
#2964=CARTESIAN_POINT('',(0.0325,-0.0363872838108681,-0.0026625354988833));
#2965=CARTESIAN_POINT('',(0.0325,-0.0362114404677931,-0.00307677805112138));
#2966=CARTESIAN_POINT('',(0.0325,-0.0359990500430387,-0.00346464646957492));
#2967=CARTESIAN_POINT('',(0.0325,-0.0358783723227449,-0.00366123304513871));
#2968=CARTESIAN_POINT('',(0.0325,-0.0357359192710486,-0.00387759615477906));
#2969=CARTESIAN_POINT('',(0.0325,-0.0356124604052419,-0.00405234496628649));
#2970=CARTESIAN_POINT('',(0.0325,-0.0354905748736496,-0.00421618077937207));
#2971=CARTESIAN_POINT('',(0.0325,-0.0354195602101675,-0.00430890852008181));
#2972=CARTESIAN_POINT('',(0.0325,-0.0352557990463812,-0.00451748344732217));
#2973=CARTESIAN_POINT('',(0.0325,-0.0350720202577999,-0.00474231160068803));
#2974=CARTESIAN_POINT('',(0.0325,-0.0349275093250256,-0.00491636622836585));
#2975=CARTESIAN_POINT('',(0.0325000000000002,-0.0349275093250255,-0.00491636622836591));
#2976=CARTESIAN_POINT('',(0.0299999999999997,-0.0349275093250255,-0.00491636622836591));
#2977=CARTESIAN_POINT('',(0.0325000000000002,-0.0355397900891168,-0.00417891129411103));
#2978=CARTESIAN_POINT('',(0.0299999999999997,-0.0355397900891168,-0.00417891129411103));
#2979=CARTESIAN_POINT('',(0.0325000000000002,-0.0361520708532081,-0.00344145635985615));
#2980=CARTESIAN_POINT('',(0.0299999999999997,-0.0361520708532081,-0.00344145635985615));
#2981=CARTESIAN_POINT('',(0.0325000000000002,-0.0370097553347495,-0.00163878874278862));
#2982=CARTESIAN_POINT('',(0.0299999999999997,-0.0370097553347495,-0.00163878874278862));
#2983=CARTESIAN_POINT('',(0.0325000000000002,-0.0364711878073007,-0.000491636622836578));
#2984=CARTESIAN_POINT('',(0.0299999999999997,-0.0364711878073007,-0.000491636622836578));
#2985=CARTESIAN_POINT('',(0.0325000000000002,-0.0345363682708615,6.35721668005465E-18));
#2986=CARTESIAN_POINT('',(0.0299999999999997,-0.0345363682708615,6.62890115496794E-18));
#2987=CARTESIAN_POINT('',(0.0325000000000002,-0.0335778655248388,-1.65372527893629E-18));
#2988=CARTESIAN_POINT('',(0.0299999999999997,-0.0335778655248388,-1.382040804023E-18));
#2989=CARTESIAN_POINT('',(0.0325000000000002,-0.032619362778816,-1.65372527893635E-18));
#2990=CARTESIAN_POINT('',(0.0299999999999997,-0.032619362778816,-1.38204080402306E-18));
#2991=CARTESIAN_POINT('',(0.03,-0.0326193627788161,-1.38204080402309E-18));
#2992=CARTESIAN_POINT('',(0.03,-0.0334181150671683,-1.38204080402304E-18));
#2993=CARTESIAN_POINT('',(0.03,-0.035078954980708,-6.40151852651817E-5));
#2994=CARTESIAN_POINT('',(0.03,-0.0367050198598593,-0.00108185663098155));
#2995=CARTESIAN_POINT('',(0.03,-0.0364494169925199,-0.00298310763335742));
#2996=CARTESIAN_POINT('',(0.03,-0.0354377432951016,-0.00430182044982015));
#2997=CARTESIAN_POINT('',(0.03,-0.0349275093250256,-0.00491636622836589));
#2998=CARTESIAN_POINT('',(-1.63949440889935E-18,0.00384716492610727,0.0427093792477246));
#2999=CARTESIAN_POINT('',(0.,-0.000608165402425336,-0.00906587254384628));
#3000=CARTESIAN_POINT('',(0.,-0.0168096534907818,-0.00906587254384629));
#3001=CARTESIAN_POINT('',(3.46944695195361E-18,-0.0214761526720528,-0.00128257553747125));
#3002=CARTESIAN_POINT('',(3.46944695195361E-18,-0.0179523053441057,-0.00256515107494251));
#3003=CARTESIAN_POINT('',(0.,-0.0177969490574603,-0.00414654193168707));
#3004=CARTESIAN_POINT('',(0.,-0.0176415927708149,-0.00572793278843163));
#3005=CARTESIAN_POINT('',(0.,-0.0172256231307984,-0.00739690266613897));
#3006=CARTESIAN_POINT('',(0.,-0.032619362778816,1.6301068494795E-18));
#3007=CARTESIAN_POINT('',(0.03,-0.032619362778816,-1.63010684947947E-18));
#3008=CARTESIAN_POINT('',(0.,-0.0335778655248388,1.63010684947934E-18));
#3009=CARTESIAN_POINT('',(0.03,-0.0335778655248388,-1.63010684947963E-18));
#3010=CARTESIAN_POINT('',(-2.73928297958153E-29,-0.0345363682708615,3.39484646708808E-18));
#3011=CARTESIAN_POINT('',(0.03,-0.0345363682708615,1.3463276812911E-19));
#3012=CARTESIAN_POINT('',(8.95117313604035E-15,-0.0364711878073007,-0.000491636622836583));
#3013=CARTESIAN_POINT('',(0.030000000000009,-0.0364711878073007,-0.000491636622836586));
#3014=CARTESIAN_POINT('',(5.37070388162419E-15,-0.0370097553347495,-0.00163878874278862));
#3015=CARTESIAN_POINT('',(0.0300000000000054,-0.0370097553347495,-0.00163878874278863));
#3016=CARTESIAN_POINT('',(3.58046925441613E-15,-0.0361520708532081,-0.00344145635985612));
#3017=CARTESIAN_POINT('',(0.0300000000000036,-0.0361520708532081,-0.00344145635985613));
#3018=CARTESIAN_POINT('',(1.79023462720806E-15,-0.0355397900891168,-0.004178911294111));
#3019=CARTESIAN_POINT('',(0.0300000000000018,-0.0355397900891168,-0.00417891129411101));
#3020=CARTESIAN_POINT('',(-7.15521492938746E-30,-0.0349275093250256,-0.00491636622836589));
#3021=CARTESIAN_POINT('',(0.03,-0.0349275093250256,-0.00491636622836589));
#3022=CARTESIAN_POINT('',(9.66240976119082E-16,-0.0326193627788161,1.63010684947939E-18));
#3023=CARTESIAN_POINT('',(9.66240976119082E-16,-0.0334181150671683,1.63010684947926E-18));
#3024=CARTESIAN_POINT('',(3.17925249618664E-15,-0.035078954980708,-6.40151852651768E-5));
#3025=CARTESIAN_POINT('',(8.14626144318709E-15,-0.0367050198598593,-0.00108185663098155));
#3026=CARTESIAN_POINT('',(4.94272281833677E-15,-0.0364494169925199,-0.0029831076333574));
#3027=CARTESIAN_POINT('',(2.45810316545914E-15,-0.0354377432951016,-0.00430182044982015));
#3028=CARTESIAN_POINT('',(9.66240976119082E-16,-0.0349275093250256,-0.00491636622836588));
#3029=CARTESIAN_POINT('',(0.0240935627371073,0.00862912587076426,-0.0110658725438463));
#3030=CARTESIAN_POINT('',(0.0240935627371073,0.00862912587076426,-0.0110658725438463));
#3031=CARTESIAN_POINT('',(0.0209435627371073,0.00862912587076426,-0.0110658725438463));
#3032=CARTESIAN_POINT('',(0.015,-0.00690667731406888,-0.0110658725438463));
#3033=CARTESIAN_POINT('',(0.0240935627371073,-0.0233871936798096,-0.0110658725438463));
#3034=CARTESIAN_POINT('',(0.0240935627371073,-0.0233871936798096,-0.0110658725438463));
#3035=CARTESIAN_POINT('',(0.0209435627371073,-0.0233871936798096,-0.0110658725438463));
#3036=CARTESIAN_POINT('',(0.015,-0.00690667731406888,-0.0110658725438463));
#3037=CARTESIAN_POINT('',(-0.0325,-0.0117080291998516,0.0177093792477246));
#3038=CARTESIAN_POINT('',(-0.0325,0.0139483730442453,0.0145881229541576));
#3039=CARTESIAN_POINT('',(-0.0325,0.0139483730442453,-0.0116071130998032));
#3040=CARTESIAN_POINT('',(-0.0325,-0.0326193627788161,0.));
#3041=CARTESIAN_POINT('',(-0.0325,-0.0328444286769232,-1.86117025989701E-36));
#3042=CARTESIAN_POINT('',(-0.0325,-0.0331492558038205,-3.16597446632817E-6));
#3043=CARTESIAN_POINT('',(-0.0325,-0.0334814598250489,-1.30073608255484E-5));
#3044=CARTESIAN_POINT('',(-0.0325,-0.0336726384557316,-2.26863666827243E-5));
#3045=CARTESIAN_POINT('',(-0.0325,-0.0337809572009628,-2.96990075503993E-5));
#3046=CARTESIAN_POINT('',(-0.0325,-0.0339782721750109,-4.59533846523044E-5));
#3047=CARTESIAN_POINT('',(-0.0325,-0.0342930769811959,-8.08251564111243E-5));
#3048=CARTESIAN_POINT('',(-0.0325,-0.0346500420212544,-0.000145330404110302));
#3049=CARTESIAN_POINT('',(-0.0325,-0.0349224010609031,-0.000211194155455827));
#3050=CARTESIAN_POINT('',(-0.0325,-0.0353664070492001,-0.000348966280752311));
#3051=CARTESIAN_POINT('',(-0.0325,-0.0359748232030428,-0.000644887343545031));
#3052=CARTESIAN_POINT('',(-0.0325,-0.0364053870588381,-0.001106714537393));
#3053=CARTESIAN_POINT('',(-0.0325,-0.0365405053531869,-0.00174561818969761));
#3054=CARTESIAN_POINT('',(-0.0325,-0.0365105181845892,-0.00218055764878125));
#3055=CARTESIAN_POINT('',(-0.0325,-0.0363872838108681,-0.0026625354988833));
#3056=CARTESIAN_POINT('',(-0.0325,-0.0362114404677931,-0.00307677805112138));
#3057=CARTESIAN_POINT('',(-0.0325,-0.0359990500430387,-0.00346464646957492));
#3058=CARTESIAN_POINT('',(-0.0325,-0.0358783723227449,-0.00366123304513871));
#3059=CARTESIAN_POINT('',(-0.0325,-0.0357359192710486,-0.00387759615477906));
#3060=CARTESIAN_POINT('',(-0.0325,-0.0356124604052419,-0.00405234496628649));
#3061=CARTESIAN_POINT('',(-0.0325,-0.0354905748736496,-0.00421618077937207));
#3062=CARTESIAN_POINT('',(-0.0325,-0.0354195602101675,-0.00430890852008181));
#3063=CARTESIAN_POINT('',(-0.0325,-0.0352557990463812,-0.00451748344732217));
#3064=CARTESIAN_POINT('',(-0.0325,-0.0350720202577999,-0.00474231160068803));
#3065=CARTESIAN_POINT('',(-0.0325,-0.0349275093250256,-0.00491636622836585));
#3066=CARTESIAN_POINT('',(-0.0325,0.00470221528442144,0.0450586107996894));
#3067=CARTESIAN_POINT('',(-0.0325,0.0164483730442453,-0.0116071130998032));
#3068=CARTESIAN_POINT('',(-0.03,-0.0349275093250255,-0.00491636622836591));
#3069=CARTESIAN_POINT('',(-0.0325,-0.0349275093250255,-0.00491636622836591));
#3070=CARTESIAN_POINT('',(-0.03,-0.0355397900891168,-0.00417891129411103));
#3071=CARTESIAN_POINT('',(-0.0325,-0.0355397900891168,-0.00417891129411103));
#3072=CARTESIAN_POINT('',(-0.03,-0.0361520708532081,-0.00344145635985615));
#3073=CARTESIAN_POINT('',(-0.0325,-0.0361520708532081,-0.00344145635985615));
#3074=CARTESIAN_POINT('',(-0.03,-0.0370097553347495,-0.00163878874278862));
#3075=CARTESIAN_POINT('',(-0.0325,-0.0370097553347495,-0.00163878874278862));
#3076=CARTESIAN_POINT('',(-0.03,-0.0364711878073007,-0.000491636622836578));
#3077=CARTESIAN_POINT('',(-0.0325,-0.0364711878073007,-0.000491636622836579));
#3078=CARTESIAN_POINT('',(-0.03,-0.0345363682708615,6.62890115496791E-18));
#3079=CARTESIAN_POINT('',(-0.0325,-0.0345363682708615,6.35721668005468E-18));
#3080=CARTESIAN_POINT('',(-0.03,-0.0335778655248388,-1.38204080402304E-18));
#3081=CARTESIAN_POINT('',(-0.0325,-0.0335778655248388,-1.65372527893627E-18));
#3082=CARTESIAN_POINT('',(-0.03,-0.032619362778816,-1.38204080402309E-18));
#3083=CARTESIAN_POINT('',(-0.0325,-0.032619362778816,-1.65372527893632E-18));
#3084=CARTESIAN_POINT('',(-0.03,-0.0349275093250256,-0.00491636622836589));
#3085=CARTESIAN_POINT('',(-0.03,-0.0354377432951016,-0.00430182044982015));
#3086=CARTESIAN_POINT('',(-0.03,-0.0364494169925199,-0.00298310763335741));
#3087=CARTESIAN_POINT('',(-0.03,-0.0367050198598593,-0.00108185663098155));
#3088=CARTESIAN_POINT('',(-0.03,-0.035078954980708,-6.40151852651809E-5));
#3089=CARTESIAN_POINT('',(-0.03,-0.0334181150671683,-1.38204080402304E-18));
#3090=CARTESIAN_POINT('',(-0.03,-0.0326193627788161,-1.38204080402309E-18));
#3091=CARTESIAN_POINT('',(-0.03,-0.032619362778816,-1.63010684947947E-18));
#3092=CARTESIAN_POINT('',(9.61036805691151E-16,-0.032619362778816,1.6301068494796E-18));
#3093=CARTESIAN_POINT('',(-0.03,-0.0335778655248388,-1.63010684947963E-18));
#3094=CARTESIAN_POINT('',(9.61036805691151E-16,-0.0335778655248388,1.63010684947944E-18));
#3095=CARTESIAN_POINT('',(-0.03,-0.0345363682708615,1.3463276812911E-19));
#3096=CARTESIAN_POINT('',(9.61036805691151E-16,-0.0345363682708615,3.39484646708818E-18));
#3097=CARTESIAN_POINT('',(-0.030000000000009,-0.0364711878073007,-0.000491636622836586));
#3098=CARTESIAN_POINT('',(-7.99013633034917E-15,-0.0364711878073007,-0.000491636622836583));
#3099=CARTESIAN_POINT('',(-0.0300000000000054,-0.0370097553347495,-0.00163878874278863));
#3100=CARTESIAN_POINT('',(-4.40966707593304E-15,-0.0370097553347495,-0.00163878874278863));
#3101=CARTESIAN_POINT('',(-0.0300000000000036,-0.0361520708532081,-0.00344145635985613));
#3102=CARTESIAN_POINT('',(-2.61596300177303E-15,-0.0361520708532081,-0.00344145635985612));
#3103=CARTESIAN_POINT('',(-0.0300000000000018,-0.0355397900891168,-0.00417891129411101));
#3104=CARTESIAN_POINT('',(-8.2572837456496E-16,-0.0355397900891168,-0.004178911294111));
#3105=CARTESIAN_POINT('',(-0.03,-0.0349275093250256,-0.00491636622836589));
#3106=CARTESIAN_POINT('',(9.64506252643105E-16,-0.0349275093250256,-0.00491636622836589));
#3107=CARTESIAN_POINT('',(-0.0240935627371073,0.00862912587076426,-0.0110658725438463));
#3108=CARTESIAN_POINT('',(-0.0240935627371073,0.00862912587076426,-0.0110658725438463));
#3109=CARTESIAN_POINT('',(-0.0209435627371073,0.00862912587076426,-0.0110658725438463));
#3110=CARTESIAN_POINT('',(-0.015,-0.00690667731406888,-0.0110658725438463));
#3111=CARTESIAN_POINT('',(-0.0240935627371073,-0.0233871936798096,-0.0110658725438463));
#3112=CARTESIAN_POINT('',(-0.0240935627371073,-0.0233871936798096,-0.0110658725438463));
#3113=CARTESIAN_POINT('',(-0.0209435627371073,-0.0233871936798096,-0.0110658725438463));
#3114=CARTESIAN_POINT('',(-0.015,-0.00690667731406888,-0.0110658725438463));
#3115=CARTESIAN_POINT('',(-2.06096219479164E-18,0.0139483730442453,0.0145881229541576));
#3116=CARTESIAN_POINT('',(0.0325,0.0139483730442453,-0.0116071130998033));
#3117=CARTESIAN_POINT('',(0.0325,0.0164483730442453,-0.0116071130998033));
#3118=CARTESIAN_POINT('',(-1.73837947088002E-18,0.00470221528442144,0.0450586107996894));
#3119=CARTESIAN_POINT('',(-1.11846104010308E-18,0.0146983730442453,0.0145881229541576));
#3120=CARTESIAN_POINT('',(0.003,0.0146983730442453,-0.00699999999999998));
#3121=CARTESIAN_POINT('',(0.000999999999999999,0.0146983730442453,-0.00699999999999998));
#3122=CARTESIAN_POINT('',(-0.001,0.0146983730442453,-0.00699999999999998));
#3123=CARTESIAN_POINT('',(-0.003,0.0146983730442453,-0.00699999999999998));
#3124=CARTESIAN_POINT('',(0.003,0.0146983730442453,-0.007));
#3125=CARTESIAN_POINT('',(-0.003,0.0146983730442453,-0.007));
#3126=CARTESIAN_POINT('',(-0.003,0.0146983730442453,-0.00699999999999998));
#3127=CARTESIAN_POINT('',(-0.00352290648909485,0.0146983730442453,-0.00699999999999998));
#3128=CARTESIAN_POINT('',(-0.00456693998740563,0.0146983730442453,-0.00656722324978245));
#3129=CARTESIAN_POINT('',(-0.00521663168467661,0.0146983730442453,-0.00499999999999995));
#3130=CARTESIAN_POINT('',(-0.00456653327388793,0.0146983730442453,-0.00343277675021762));
#3131=CARTESIAN_POINT('',(-0.00352385548730283,0.0146983730442453,-0.00299999999999998));
#3132=CARTESIAN_POINT('',(-0.003,0.0146983730442453,-0.00299999999999998));
#3133=CARTESIAN_POINT('',(-0.003,0.0146983730442453,-0.003));
#3134=CARTESIAN_POINT('',(-0.003,0.0146983730442453,-0.00299999999999998));
#3135=CARTESIAN_POINT('',(-0.001,0.0146983730442453,-0.00299999999999998));
#3136=CARTESIAN_POINT('',(0.000999999999999999,0.0146983730442453,-0.00299999999999998));
#3137=CARTESIAN_POINT('',(0.003,0.0146983730442453,-0.00299999999999998));
#3138=CARTESIAN_POINT('',(0.003,0.0146983730442453,-0.003));
#3139=CARTESIAN_POINT('',(0.003,0.0146983730442453,-0.00299999999999998));
#3140=CARTESIAN_POINT('',(0.00352290648909836,0.0146983730442453,-0.00299999999999998));
#3141=CARTESIAN_POINT('',(0.0045669399874039,0.0146983730442453,-0.00343277675021762));
#3142=CARTESIAN_POINT('',(0.00521663168467738,0.0146983730442453,-0.00499999999999995));
#3143=CARTESIAN_POINT('',(0.00456653327388658,0.0146983730442453,-0.00656722324978245));
#3144=CARTESIAN_POINT('',(0.00352385548730544,0.0146983730442453,-0.00699999999999998));
#3145=CARTESIAN_POINT('',(0.003,0.0146983730442453,-0.00699999999999998));
#3146=CARTESIAN_POINT('',(-0.003,0.0146983730442453,-0.005));
#3147=CARTESIAN_POINT('',(-0.003,0.0146983730442453,-0.0025));
#3148=CARTESIAN_POINT('',(-0.003,0.0151983730442453,-0.0025));
#3149=CARTESIAN_POINT('',(-0.003,0.0159483730442453,-0.0025));
#3150=CARTESIAN_POINT('',(-0.00299999999999999,0.0151983730442453,-0.0025));
#3151=CARTESIAN_POINT('',(-0.00365449846949787,0.0151983730442453,-0.0025));
#3152=CARTESIAN_POINT('',(-0.0049582846711838,0.0151983730442453,-0.00304097093777193));
#3153=CARTESIAN_POINT('',(-0.0057708576644081,0.0151983730442453,-0.00499999999999999));
#3154=CARTESIAN_POINT('',(-0.00495828467118381,0.0151983730442453,-0.00695902906222806));
#3155=CARTESIAN_POINT('',(-0.00365449846949788,0.0151983730442453,-0.0075));
#3156=CARTESIAN_POINT('',(-0.003,0.0151983730442453,-0.0075));
#3157=CARTESIAN_POINT('',(-0.003,0.0151983730442453,-0.0075));
#3158=CARTESIAN_POINT('',(-0.003,0.0146983730442453,-0.0075));
#3159=CARTESIAN_POINT('',(-0.003,0.0159483730442453,-0.0075));
#3160=CARTESIAN_POINT('',(-0.003,0.0159483730442453,-0.0075));
#3161=CARTESIAN_POINT('',(-0.00365449846949787,0.0159483730442453,-0.0075));
#3162=CARTESIAN_POINT('',(-0.00495828467118381,0.0159483730442453,-0.00695902906222806));
#3163=CARTESIAN_POINT('',(-0.0057708576644081,0.0159483730442453,-0.00499999999999999));
#3164=CARTESIAN_POINT('',(-0.0049582846711838,0.0159483730442453,-0.00304097093777193));
#3165=CARTESIAN_POINT('',(-0.00365449846949786,0.0159483730442453,-0.0025));
#3166=CARTESIAN_POINT('',(-0.00299999999999998,0.0159483730442453,-0.0025));
#3167=CARTESIAN_POINT('',(-7.34196875844242E-19,0.0146983730442453,-0.0025));
#3168=CARTESIAN_POINT('',(0.003,0.0146983730442453,-0.0025));
#3169=CARTESIAN_POINT('',(0.003,0.0151983730442453,-0.0025));
#3170=CARTESIAN_POINT('',(0.003,0.0159483730442453,-0.0025));
#3171=CARTESIAN_POINT('',(0.003,0.0151983730442453,-0.0025));
#3172=CARTESIAN_POINT('',(0.000999999999999999,0.0151983730442453,-0.0025));
#3173=CARTESIAN_POINT('',(-0.001,0.0151983730442453,-0.0025));
#3174=CARTESIAN_POINT('',(-0.003,0.0151983730442453,-0.0025));
#3175=CARTESIAN_POINT('',(-0.003,0.0159483730442453,-0.0025));
#3176=CARTESIAN_POINT('',(-0.001,0.0159483730442453,-0.0025));
#3177=CARTESIAN_POINT('',(0.000999999999999999,0.0159483730442453,-0.0025));
#3178=CARTESIAN_POINT('',(0.003,0.0159483730442453,-0.0025));
#3179=CARTESIAN_POINT('',(0.003,0.0146983730442453,-0.005));
#3180=CARTESIAN_POINT('',(0.003,0.0146983730442453,-0.0075));
#3181=CARTESIAN_POINT('',(0.003,0.0151983730442453,-0.0075));
#3182=CARTESIAN_POINT('',(0.003,0.0159483730442453,-0.0075));
#3183=CARTESIAN_POINT('',(0.003,0.0151983730442453,-0.0075));
#3184=CARTESIAN_POINT('',(0.00365449846949787,0.0151983730442453,-0.0075));
#3185=CARTESIAN_POINT('',(0.0049582846711838,0.0151983730442453,-0.00695902906222806));
#3186=CARTESIAN_POINT('',(0.0057708576644081,0.0151983730442453,-0.005));
#3187=CARTESIAN_POINT('',(0.0049582846711838,0.0151983730442453,-0.00304097093777194));
#3188=CARTESIAN_POINT('',(0.00365449846949787,0.0151983730442453,-0.0025));
#3189=CARTESIAN_POINT('',(0.003,0.0151983730442453,-0.0025));
#3190=CARTESIAN_POINT('',(0.003,0.0159483730442453,-0.0025));
#3191=CARTESIAN_POINT('',(0.00365449846949787,0.0159483730442453,-0.0025));
#3192=CARTESIAN_POINT('',(0.0049582846711838,0.0159483730442453,-0.00304097093777194));
#3193=CARTESIAN_POINT('',(0.0057708576644081,0.0159483730442453,-0.005));
#3194=CARTESIAN_POINT('',(0.0049582846711838,0.0159483730442453,-0.00695902906222806));
#3195=CARTESIAN_POINT('',(0.00365449846949787,0.0159483730442453,-0.0075));
#3196=CARTESIAN_POINT('',(0.003,0.0159483730442453,-0.0075));
#3197=CARTESIAN_POINT('',(-2.03523948282684E-18,0.0146983730442453,-0.0075));
#3198=CARTESIAN_POINT('',(-0.003,0.0151983730442453,-0.0075));
#3199=CARTESIAN_POINT('',(-0.001,0.0151983730442453,-0.0075));
#3200=CARTESIAN_POINT('',(0.000999999999999998,0.0151983730442453,-0.0075));
#3201=CARTESIAN_POINT('',(0.003,0.0151983730442453,-0.0075));
#3202=CARTESIAN_POINT('',(0.003,0.0159483730442453,-0.0075));
#3203=CARTESIAN_POINT('',(0.000999999999999998,0.0159483730442453,-0.0075));
#3204=CARTESIAN_POINT('',(-0.001,0.0159483730442453,-0.0075));
#3205=CARTESIAN_POINT('',(-0.003,0.0159483730442453,-0.0075));
#3206=CARTESIAN_POINT('',(-1.17553169530772E-18,0.0154483730442453,0.0145881229541576));
#3207=CARTESIAN_POINT('',(0.00800000000000523,0.0154483730442453,-0.0049999542811427));
#3208=CARTESIAN_POINT('',(0.00600000000000523,0.0154483730442453,-0.0049999542811427));
#3209=CARTESIAN_POINT('',(0.00800000000000523,0.0154483730442453,-0.0049999542811427));
#3210=CARTESIAN_POINT('',(0.00643277675022278,0.0159483730442453,-0.00656717753092514));
#3211=CARTESIAN_POINT('',(0.00578361162489646,0.0159483730442453,-0.0049999542811427));
#3212=CARTESIAN_POINT('',(0.00643277675022278,0.0159483730442453,-0.00343273103136025));
#3213=CARTESIAN_POINT('',(0.00800000000000523,0.0159483730442453,-0.00278356590603392));
#3214=CARTESIAN_POINT('',(0.00956722324978768,0.0159483730442453,-0.00343273103136025));
#3215=CARTESIAN_POINT('',(0.010216388375114,0.0159483730442453,-0.0049999542811427));
#3216=CARTESIAN_POINT('',(0.00956722324978768,0.0159483730442453,-0.00656717753092515));
#3217=CARTESIAN_POINT('',(0.00800000000000522,0.0159483730442453,-0.00721634265625148));
#3218=CARTESIAN_POINT('',(0.00643277675022278,0.0159483730442453,-0.00656717753092514));
#3219=CARTESIAN_POINT('',(0.00578361162489646,0.0159483730442453,-0.0049999542811427));
#3220=CARTESIAN_POINT('',(0.00643277675022278,0.0159483730442453,-0.00343273103136025));
#3221=CARTESIAN_POINT('',(0.00600000000000523,0.0159483730442453,-0.0049999542811427));
#3222=CARTESIAN_POINT('',(-0.00800000000000523,0.0154483730442453,-0.0049999542811427));
#3223=CARTESIAN_POINT('',(-0.00956722324978769,0.0159483730442453,-0.00656717753092514));
#3224=CARTESIAN_POINT('',(-0.010216388375114,0.0159483730442453,-0.0049999542811427));
#3225=CARTESIAN_POINT('',(-0.00956722324978768,0.0159483730442453,-0.00343273103136025));
#3226=CARTESIAN_POINT('',(-0.00800000000000523,0.0159483730442453,-0.00278356590603392));
#3227=CARTESIAN_POINT('',(-0.00643277675022278,0.0159483730442453,-0.00343273103136025));
#3228=CARTESIAN_POINT('',(-0.00578361162489646,0.0159483730442453,-0.0049999542811427));
#3229=CARTESIAN_POINT('',(-0.00643277675022279,0.0159483730442453,-0.00656717753092515));
#3230=CARTESIAN_POINT('',(-0.00800000000000524,0.0159483730442453,-0.00721634265625148));
#3231=CARTESIAN_POINT('',(-0.00956722324978769,0.0159483730442453,-0.00656717753092514));
#3232=CARTESIAN_POINT('',(-0.010216388375114,0.0159483730442453,-0.0049999542811427));
#3233=CARTESIAN_POINT('',(-0.00956722324978768,0.0159483730442453,-0.00343273103136025));
#3234=CARTESIAN_POINT('',(-0.0100000000000052,0.0159483730442453,-0.0049999542811427));
#3235=CARTESIAN_POINT('',(-0.00800000000000523,0.0154483730442453,-0.0049999542811427));
#3236=CARTESIAN_POINT('',(-0.0100000000000052,0.0154483730442453,-0.0049999542811427));
#3237=CARTESIAN_POINT('',(-1.17553169530772E-18,0.0154483730442453,0.0145881229541576));
#3238=CARTESIAN_POINT('',(0.00600000000000524,0.0159483730442453,-0.0049999542811427));
#3239=CARTESIAN_POINT('',(0.00600000000000524,0.0159483730442453,-0.00447754653121521));
#3240=CARTESIAN_POINT('',(0.00643277675022279,0.0159483730442453,-0.00343273103136025));
#3241=CARTESIAN_POINT('',(0.00800000000000524,0.0159483730442453,-0.00278356590603392));
#3242=CARTESIAN_POINT('',(0.00956722324978769,0.0159483730442453,-0.00343273103136026));
#3243=CARTESIAN_POINT('',(0.010216388375114,0.0159483730442453,-0.0049999542811427));
#3244=CARTESIAN_POINT('',(0.00956722324978768,0.0159483730442453,-0.00656717753092515));
#3245=CARTESIAN_POINT('',(0.00800000000000522,0.0159483730442453,-0.00721634265625147));
#3246=CARTESIAN_POINT('',(0.0064327767502228,0.0159483730442453,-0.00656717753092516));
#3247=CARTESIAN_POINT('',(0.00600000000000524,0.0159483730442453,-0.00552236203107018));
#3248=CARTESIAN_POINT('',(0.00600000000000524,0.0159483730442453,-0.0049999542811427));
#3249=CARTESIAN_POINT('',(0.00600000000000524,0.0159796230442453,-0.0049999542811427));
#3250=CARTESIAN_POINT('',(0.00600000000000524,0.0159796230442453,-0.00447754653121521));
#3251=CARTESIAN_POINT('',(0.00643277675022279,0.0159796230442453,-0.00343273103136025));
#3252=CARTESIAN_POINT('',(0.00800000000000524,0.0159796230442453,-0.00278356590603392));
#3253=CARTESIAN_POINT('',(0.00956722324978769,0.0159796230442453,-0.00343273103136026));
#3254=CARTESIAN_POINT('',(0.010216388375114,0.0159796230442453,-0.0049999542811427));
#3255=CARTESIAN_POINT('',(0.00956722324978768,0.0159796230442453,-0.00656717753092515));
#3256=CARTESIAN_POINT('',(0.00800000000000522,0.0159796230442453,-0.00721634265625147));
#3257=CARTESIAN_POINT('',(0.0064327767502228,0.0159796230442453,-0.00656717753092516));
#3258=CARTESIAN_POINT('',(0.00600000000000524,0.0159796230442453,-0.00552236203107018));
#3259=CARTESIAN_POINT('',(0.00600000000000524,0.0159796230442453,-0.0049999542811427));
#3260=CARTESIAN_POINT('',(0.00599981011285246,0.0160111443116064,-0.0049999542811427));
#3261=CARTESIAN_POINT('',(0.00599981011285246,0.0160111443116064,-0.0044774969319551));
#3262=CARTESIAN_POINT('',(0.00643262795244246,0.0160111443116064,-0.00343258223357991));
#3263=CARTESIAN_POINT('',(0.00800000000000524,0.0160111443116064,-0.00278335547419492));
#3264=CARTESIAN_POINT('',(0.00956737204756802,0.0160111443116064,-0.00343258223357992));
#3265=CARTESIAN_POINT('',(0.010216598806953,0.0160111443116064,-0.0049999542811427));
#3266=CARTESIAN_POINT('',(0.00956737204756802,0.0160111443116064,-0.00656732632870549));
#3267=CARTESIAN_POINT('',(0.00800000000000522,0.0160111443116064,-0.00721655308809047));
#3268=CARTESIAN_POINT('',(0.00643262795244247,0.0160111443116064,-0.00656732632870549));
#3269=CARTESIAN_POINT('',(0.00599981011285246,0.0160111443116064,-0.0055224116303303));
#3270=CARTESIAN_POINT('',(0.00599981011285246,0.0160111443116064,-0.0049999542811427));
#3271=CARTESIAN_POINT('',(0.00599359809028301,0.0160765197456342,-0.0049999542811427));
#3272=CARTESIAN_POINT('',(0.00599359809028301,0.0160765197456342,-0.0044758743275886));
#3273=CARTESIAN_POINT('',(0.00642776013934296,0.0160765197456342,-0.00342771442048041));
#3274=CARTESIAN_POINT('',(0.00800000000000523,0.0160765197456342,-0.00277647134689051));
#3275=CARTESIAN_POINT('',(0.00957223986066753,0.0160765197456342,-0.00342771442048042));
#3276=CARTESIAN_POINT('',(0.0102234829342574,0.0160765197456342,-0.0049999542811427));
#3277=CARTESIAN_POINT('',(0.00957223986066752,0.0160765197456342,-0.00657219414180499));
#3278=CARTESIAN_POINT('',(0.00800000000000522,0.0160765197456342,-0.00722343721539488));
#3279=CARTESIAN_POINT('',(0.00642776013934296,0.0160765197456342,-0.006572194141805));
#3280=CARTESIAN_POINT('',(0.00599359809028301,0.0160765197456342,-0.0055240342346968));
#3281=CARTESIAN_POINT('',(0.00599359809028301,0.0160765197456342,-0.0049999542811427));
#3282=CARTESIAN_POINT('',(0.00598763020833857,0.0161102654053564,-0.0049999542811427));
#3283=CARTESIAN_POINT('',(0.00598763020833857,0.0161102654053564,-0.00447431549369939));
#3284=CARTESIAN_POINT('',(0.00642308363767531,0.0161102654053564,-0.00342303791881277));
#3285=CARTESIAN_POINT('',(0.00800000000000524,0.0161102654053564,-0.00276985777480766));
#3286=CARTESIAN_POINT('',(0.00957691636233517,0.0161102654053564,-0.00342303791881277));
#3287=CARTESIAN_POINT('',(0.0102300965063403,0.0161102654053564,-0.0049999542811427));
#3288=CARTESIAN_POINT('',(0.00957691636233517,0.0161102654053564,-0.00657687064347264));
#3289=CARTESIAN_POINT('',(0.00800000000000522,0.0161102654053564,-0.00723005078747773));
#3290=CARTESIAN_POINT('',(0.00642308363767532,0.0161102654053564,-0.00657687064347264));
#3291=CARTESIAN_POINT('',(0.00598763020833857,0.0161102654053564,-0.00552559306858601));
#3292=CARTESIAN_POINT('',(0.00598763020833857,0.0161102654053564,-0.0049999542811427));
#3293=CARTESIAN_POINT('',(0.00596809895833857,0.0161771056831342,-0.0049999542811427));
#3294=CARTESIAN_POINT('',(0.00596809895833857,0.0161771056831342,-0.0044692138555165));
#3295=CARTESIAN_POINT('',(0.00640777872312666,0.0161771056831342,-0.00340773300426411));
#3296=CARTESIAN_POINT('',(0.00800000000000523,0.0161771056831342,-0.00274821335708199));
#3297=CARTESIAN_POINT('',(0.00959222127688384,0.0161771056831342,-0.00340773300426412));
#3298=CARTESIAN_POINT('',(0.0102517409240659,0.0161771056831342,-0.0049999542811427));
#3299=CARTESIAN_POINT('',(0.00959222127688383,0.0161771056831342,-0.00659217555802129));
#3300=CARTESIAN_POINT('',(0.00800000000000522,0.0161771056831342,-0.0072516952052034));
#3301=CARTESIAN_POINT('',(0.00640777872312666,0.0161771056831342,-0.0065921755580213));
#3302=CARTESIAN_POINT('',(0.00596809895833857,0.0161771056831342,-0.0055306947067689));
#3303=CARTESIAN_POINT('',(0.00596809895833857,0.0161771056831342,-0.0049999542811427));
#3304=CARTESIAN_POINT('',(0.00595458984375524,0.0162100917942453,-0.0049999542811427));
#3305=CARTESIAN_POINT('',(0.00595458984375524,0.0162100917942453,-0.00446568522244001));
#3306=CARTESIAN_POINT('',(0.00639719282389717,0.0162100917942453,-0.00339714710503462));
#3307=CARTESIAN_POINT('',(0.00800000000000524,0.0162100917942453,-0.00273324263482173));
#3308=CARTESIAN_POINT('',(0.00960280717611332,0.0162100917942453,-0.00339714710503463));
#3309=CARTESIAN_POINT('',(0.0102667116463262,0.0162100917942453,-0.0049999542811427));
#3310=CARTESIAN_POINT('',(0.00960280717611331,0.0162100917942453,-0.00660276145725078));
#3311=CARTESIAN_POINT('',(0.00800000000000521,0.0162100917942453,-0.00726666592746366));
#3312=CARTESIAN_POINT('',(0.00639719282389717,0.0162100917942453,-0.00660276145725078));
#3313=CARTESIAN_POINT('',(0.00595458984375524,0.0162100917942453,-0.00553422333984539));
#3314=CARTESIAN_POINT('',(0.00595458984375524,0.0162100917942453,-0.0049999542811427));
#3315=CARTESIAN_POINT('',(0.00592016601563024,0.0162711269504953,-0.0049999542811427));
#3316=CARTESIAN_POINT('',(0.00592016601563023,0.0162711269504953,-0.00445669358514267));
#3317=CARTESIAN_POINT('',(0.00637021791200516,0.0162711269504953,-0.00337017219314262));
#3318=CARTESIAN_POINT('',(0.00800000000000524,0.0162711269504953,-0.00269509434858024));
#3319=CARTESIAN_POINT('',(0.00962978208800533,0.0162711269504953,-0.00337017219314262));
#3320=CARTESIAN_POINT('',(0.0103048599325677,0.0162711269504953,-0.0049999542811427));
#3321=CARTESIAN_POINT('',(0.00962978208800532,0.0162711269504953,-0.00662973636914279));
#3322=CARTESIAN_POINT('',(0.00800000000000521,0.0162711269504953,-0.00730481421370516));
#3323=CARTESIAN_POINT('',(0.00637021791200517,0.0162711269504953,-0.00662973636914279));
#3324=CARTESIAN_POINT('',(0.00592016601563024,0.0162711269504953,-0.00554321497714273));
#3325=CARTESIAN_POINT('',(0.00592016601563024,0.0162711269504953,-0.0049999542811427));
#3326=CARTESIAN_POINT('',(0.00589930555556079,0.0162990674886897,-0.0049999542811427));
#3327=CARTESIAN_POINT('',(0.00589930555556079,0.0162990674886897,-0.00445124475213901));
#3328=CARTESIAN_POINT('',(0.00635387141299416,0.0162990674886897,-0.00335382569413162));
#3329=CARTESIAN_POINT('',(0.00800000000000524,0.0162990674886897,-0.00267197690798157));
#3330=CARTESIAN_POINT('',(0.00964612858701632,0.0162990674886897,-0.00335382569413163));
#3331=CARTESIAN_POINT('',(0.0103279773731664,0.0162990674886897,-0.0049999542811427));
#3332=CARTESIAN_POINT('',(0.00964612858701632,0.0162990674886898,-0.00664608286815378));
#3333=CARTESIAN_POINT('',(0.00800000000000521,0.0162990674886897,-0.00732793165430382));
#3334=CARTESIAN_POINT('',(0.00635387141299417,0.0162990674886898,-0.00664608286815379));
#3335=CARTESIAN_POINT('',(0.00589930555556079,0.0162990674886897,-0.00554866381014639));
#3336=CARTESIAN_POINT('',(0.00589930555556079,0.0162990674886897,-0.0049999542811427));
#3337=CARTESIAN_POINT('',(0.00585069444444968,0.0163476785998009,-0.0049999542811427));
#3338=CARTESIAN_POINT('',(0.00585069444444968,0.0163476785998009,-0.00443854734155049));
#3339=CARTESIAN_POINT('',(0.00631577918122862,0.0163476785998008,-0.00331573346236608));
#3340=CARTESIAN_POINT('',(0.00800000000000523,0.0163476785998009,-0.00261810635719768));
#3341=CARTESIAN_POINT('',(0.00968422081878187,0.0163476785998009,-0.00331573346236608));
#3342=CARTESIAN_POINT('',(0.0103818479239502,0.0163476785998009,-0.0049999542811427));
#3343=CARTESIAN_POINT('',(0.00968422081878187,0.0163476785998009,-0.00668417509991933));
#3344=CARTESIAN_POINT('',(0.00800000000000521,0.0163476785998008,-0.00738180220508772));
#3345=CARTESIAN_POINT('',(0.00631577918122862,0.0163476785998009,-0.00668417509991933));
#3346=CARTESIAN_POINT('',(0.00585069444444968,0.0163476785998009,-0.00556136122073491));
#3347=CARTESIAN_POINT('',(0.00585069444444968,0.0163476785998009,-0.0049999542811427));
#3348=CARTESIAN_POINT('',(0.00582275390625523,0.0163685390598703,-0.0049999542811427));
#3349=CARTESIAN_POINT('',(0.00582275390625523,0.0163685390598703,-0.00443124916470553));
#3350=CARTESIAN_POINT('',(0.00629388465069374,0.0163685390598703,-0.00329383893183119));
#3351=CARTESIAN_POINT('',(0.00800000000000523,0.0163685390598703,-0.00258714281517345));
#3352=CARTESIAN_POINT('',(0.00970611534931675,0.0163685390598703,-0.00329383893183119));
#3353=CARTESIAN_POINT('',(0.0104128114659745,0.0163685390598703,-0.00499995428114271));
#3354=CARTESIAN_POINT('',(0.00970611534931675,0.0163685390598703,-0.00670606963045421));
#3355=CARTESIAN_POINT('',(0.00800000000000521,0.0163685390598703,-0.00741276574711194));
#3356=CARTESIAN_POINT('',(0.00629388465069374,0.0163685390598703,-0.00670606963045421));
#3357=CARTESIAN_POINT('',(0.00582275390625523,0.0163685390598703,-0.00556865939757987));
#3358=CARTESIAN_POINT('',(0.00582275390625523,0.0163685390598703,-0.0049999542811427));
#3359=CARTESIAN_POINT('',(0.00576171875000523,0.0164029628879953,-0.0049999542811427));
#3360=CARTESIAN_POINT('',(0.00576171875000523,0.0164029628879953,-0.00441530654538401));
#3361=CARTESIAN_POINT('',(0.00624605679272918,0.0164029628879953,-0.00324601107386664));
#3362=CARTESIAN_POINT('',(0.00800000000000523,0.0164029628879953,-0.00251950400978073));
#3363=CARTESIAN_POINT('',(0.0097539432072813,0.0164029628879953,-0.00324601107386664));
#3364=CARTESIAN_POINT('',(0.0104804502713672,0.0164029628879953,-0.00499995428114271));
#3365=CARTESIAN_POINT('',(0.0097539432072813,0.0164029628879953,-0.00675389748841877));
#3366=CARTESIAN_POINT('',(0.00800000000000521,0.0164029628879953,-0.00748040455250466));
#3367=CARTESIAN_POINT('',(0.00624605679272919,0.0164029628879953,-0.00675389748841877));
#3368=CARTESIAN_POINT('',(0.00576171875000524,0.0164029628879953,-0.00558460201690139));
#3369=CARTESIAN_POINT('',(0.00576171875000523,0.0164029628879953,-0.0049999542811427));
#3370=CARTESIAN_POINT('',(0.00572873263889412,0.0164164720025786,-0.0049999542811427));
#3371=CARTESIAN_POINT('',(0.00572873263889412,0.0164164720025786,-0.00440669044534181));
#3372=CARTESIAN_POINT('',(0.00622020849260256,0.0164164720025786,-0.00322016277374002));
#3373=CARTESIAN_POINT('',(0.00800000000000524,0.0164164720025786,-0.00248294899317737));
#3374=CARTESIAN_POINT('',(0.00977979150740792,0.0164164720025786,-0.00322016277374002));
#3375=CARTESIAN_POINT('',(0.0105170052879706,0.0164164720025786,-0.0049999542811427));
#3376=CARTESIAN_POINT('',(0.00977979150740792,0.0164164720025786,-0.00677974578854539));
#3377=CARTESIAN_POINT('',(0.00800000000000522,0.0164164720025786,-0.00751695956910802));
#3378=CARTESIAN_POINT('',(0.00622020849260257,0.0164164720025786,-0.00677974578854539));
#3379=CARTESIAN_POINT('',(0.00572873263889412,0.0164164720025786,-0.00559321811694359));
#3380=CARTESIAN_POINT('',(0.00572873263889412,0.0164164720025786,-0.0049999542811427));
#3381=CARTESIAN_POINT('',(0.00566189236111634,0.0164360032525786,-0.0049999542811427));
#3382=CARTESIAN_POINT('',(0.00566189236111634,0.0164360032525786,-0.0043892315057826));
#3383=CARTESIAN_POINT('',(0.00616783167392493,0.0164360032525786,-0.00316778595506239));
#3384=CARTESIAN_POINT('',(0.00800000000000524,0.0164360032525786,-0.00240887698584952));
#3385=CARTESIAN_POINT('',(0.00983216832608554,0.0164360032525786,-0.0031677859550624));
#3386=CARTESIAN_POINT('',(0.0105910772952984,0.0164360032525786,-0.00499995428114271));
#3387=CARTESIAN_POINT('',(0.00983216832608555,0.0164360032525786,-0.00683212260722302));
#3388=CARTESIAN_POINT('',(0.00800000000000521,0.0164360032525786,-0.00759103157643587));
#3389=CARTESIAN_POINT('',(0.00616783167392494,0.0164360032525786,-0.00683212260722301));
#3390=CARTESIAN_POINT('',(0.00566189236111635,0.0164360032525786,-0.0056106770565028));
#3391=CARTESIAN_POINT('',(0.00566189236111634,0.0164360032525786,-0.0049999542811427));
#3392=CARTESIAN_POINT('',(0.00562814670139412,0.0164419711345231,-0.0049999542811427));
#3393=CARTESIAN_POINT('',(0.00562814670139412,0.0164419711345231,-0.00438041700869994));
#3394=CARTESIAN_POINT('',(0.00614138818267698,0.0164419711345231,-0.00314134246381444));
#3395=CARTESIAN_POINT('',(0.00800000000000524,0.0164419711345231,-0.00237148024189016));
#3396=CARTESIAN_POINT('',(0.0098586118173335,0.0164419711345231,-0.00314134246381444));
#3397=CARTESIAN_POINT('',(0.0106284740392578,0.0164419711345231,-0.00499995428114271));
#3398=CARTESIAN_POINT('',(0.00985861181733349,0.0164419711345231,-0.00685856609847097));
#3399=CARTESIAN_POINT('',(0.00800000000000522,0.0164419711345231,-0.00762842832039522));
#3400=CARTESIAN_POINT('',(0.00614138818267699,0.0164419711345231,-0.00685856609847097));
#3401=CARTESIAN_POINT('',(0.00562814670139412,0.0164419711345231,-0.00561949155358546));
#3402=CARTESIAN_POINT('',(0.00562814670139412,0.0164419711345231,-0.0049999542811427));
#3403=CARTESIAN_POINT('',(0.00556277126736634,0.0164481831570925,-0.0049999542811427));
#3404=CARTESIAN_POINT('',(0.00556277126736634,0.0164481831570925,-0.00436334069200445));
#3405=CARTESIAN_POINT('',(0.0060901592325905,0.0164481831570925,-0.00309011351372796));
#3406=CARTESIAN_POINT('',(0.00800000000000523,0.0164481831570925,-0.00229903156589173));
#3407=CARTESIAN_POINT('',(0.00990984076741998,0.0164481831570925,-0.00309011351372796));
#3408=CARTESIAN_POINT('',(0.0107009227152562,0.0164481831570925,-0.00499995428114271));
#3409=CARTESIAN_POINT('',(0.00990984076741997,0.0164481831570925,-0.00690979504855745));
#3410=CARTESIAN_POINT('',(0.00800000000000522,0.0164481831570925,-0.00770087699639365));
#3411=CARTESIAN_POINT('',(0.00609015923259051,0.0164481831570925,-0.00690979504855745));
#3412=CARTESIAN_POINT('',(0.00556277126736634,0.0164481831570925,-0.00563656787028095));
#3413=CARTESIAN_POINT('',(0.00556277126736634,0.0164481831570925,-0.0049999542811427));
#3414=CARTESIAN_POINT('',(0.00553125000000523,0.0164483730442453,-0.0049999542811427));
#3415=CARTESIAN_POINT('',(0.00553125000000523,0.0164483730442453,-0.00435510721482596));
#3416=CARTESIAN_POINT('',(0.00606545880105503,0.0164483730442453,-0.00306541308219249));
#3417=CARTESIAN_POINT('',(0.00800000000000523,0.0164483730442453,-0.0022640998806178));
#3418=CARTESIAN_POINT('',(0.00993454119895545,0.0164483730442453,-0.00306541308219249));
#3419=CARTESIAN_POINT('',(0.0107358544005301,0.0164483730442453,-0.00499995428114271));
#3420=CARTESIAN_POINT('',(0.00993454119895544,0.0164483730442453,-0.00693449548009291));
#3421=CARTESIAN_POINT('',(0.00800000000000522,0.0164483730442453,-0.00773580868166759));
#3422=CARTESIAN_POINT('',(0.00606545880105504,0.0164483730442453,-0.00693449548009291));
#3423=CARTESIAN_POINT('',(0.00553125000000524,0.0164483730442453,-0.00564480134745944));
#3424=CARTESIAN_POINT('',(0.00553125000000523,0.0164483730442453,-0.0049999542811427));
#3425=CARTESIAN_POINT('',(0.00550000000000523,0.0164483730442453,-0.0049999542811427));
#3426=CARTESIAN_POINT('',(0.00550000000000523,0.0164483730442453,-0.00434694459373334));
#3427=CARTESIAN_POINT('',(0.00604097093777718,0.0164483730442453,-0.00304092521891464));
#3428=CARTESIAN_POINT('',(0.00800000000000524,0.0164483730442453,-0.00222946881225673));
#3429=CARTESIAN_POINT('',(0.0099590290622333,0.0164483730442453,-0.00304092521891464));
#3430=CARTESIAN_POINT('',(0.0107704854688912,0.0164483730442453,-0.00499995428114271));
#3431=CARTESIAN_POINT('',(0.00995902906223329,0.0164483730442453,-0.00695898334337076));
#3432=CARTESIAN_POINT('',(0.00800000000000522,0.0164483730442453,-0.00777043975002866));
#3433=CARTESIAN_POINT('',(0.00604097093777719,0.0164483730442453,-0.00695898334337076));
#3434=CARTESIAN_POINT('',(0.00550000000000524,0.0164483730442453,-0.00565296396855205));
#3435=CARTESIAN_POINT('',(0.00550000000000523,0.0164483730442453,-0.0049999542811427));
#3436=CARTESIAN_POINT('',(0.00577417408829876,0.0164483730442453,-0.00613240423014779));
#3437=CARTESIAN_POINT('',(0.00576732896958618,0.0164483730442453,-0.00595468137963801));
#3438=CARTESIAN_POINT('',(0.00574948096771758,0.0164321253661909,-0.00556403240449883));
#3439=CARTESIAN_POINT('',(0.00575006820986381,0.0164010018956968,-0.00508549931417514));
#3440=CARTESIAN_POINT('',(0.00574997041159775,0.0164116213461239,-0.00473315759701309));
#3441=CARTESIAN_POINT('',(0.00575306695747244,0.0164305293809028,-0.00442763457845645));
#3442=CARTESIAN_POINT('',(0.00576206641483909,0.0164460514981926,-0.00415982514613541));
#3443=CARTESIAN_POINT('',(0.0057722547151716,0.0164483730442453,-0.00395399155322905));
#3444=CARTESIAN_POINT('',(0.0057741710613588,0.0164483730442453,-0.00386751031528508));
#3445=CARTESIAN_POINT('',(0.003,0.0159483730442453,-0.0025));
#3446=CARTESIAN_POINT('',(0.00365449849373849,0.0159483730442453,-0.0025));
#3447=CARTESIAN_POINT('',(0.00495828465906349,0.0159483730442453,-0.00304097093777194));
#3448=CARTESIAN_POINT('',(0.00577085767046827,0.0159483730442453,-0.005));
#3449=CARTESIAN_POINT('',(0.00495828465906342,0.0159483730442453,-0.00695902906222806));
#3450=CARTESIAN_POINT('',(0.00365449849373864,0.0159483730442453,-0.0075));
#3451=CARTESIAN_POINT('',(0.003,0.0159483730442453,-0.0075));
#3452=CARTESIAN_POINT('',(0.003,0.0159796230442453,-0.0025));
#3453=CARTESIAN_POINT('',(0.00365449849373849,0.0159796230442453,-0.00250000000000263));
#3454=CARTESIAN_POINT('',(0.00495828465906349,0.0159796230442453,-0.00304097093777079));
#3455=CARTESIAN_POINT('',(0.00577085767046827,0.0159796230442453,-0.00500000000000009));
#3456=CARTESIAN_POINT('',(0.00495828465906342,0.0159796230442453,-0.00695902906222882));
#3457=CARTESIAN_POINT('',(0.00365449849373864,0.0159796230442453,-0.00749999999999815));
#3458=CARTESIAN_POINT('',(0.003,0.0159796230442453,-0.0075));
#3459=CARTESIAN_POINT('',(0.003,0.0160111443116064,-0.00249981011284722));
#3460=CARTESIAN_POINT('',(0.00365454820608068,0.0160111443116064,-0.0024998101128512));
#3461=CARTESIAN_POINT('',(0.00495843340030278,0.0160111443116064,-0.00304082213998986));
#3462=CARTESIAN_POINT('',(0.00577106813057779,0.0160111443116064,-0.00500000000000014));
#3463=CARTESIAN_POINT('',(0.00495843340030272,0.0160111443116064,-0.00695917786000955));
#3464=CARTESIAN_POINT('',(0.00365454820608083,0.0160111443116064,-0.00750018988714998));
#3465=CARTESIAN_POINT('',(0.003,0.0160111443116064,-0.00750018988715278));
#3466=CARTESIAN_POINT('',(0.003,0.0160765197456342,-0.00249359809027778));
#3467=CARTESIAN_POINT('',(0.00365617450984654,0.0160765197456342,-0.00249359809028343));
#3468=CARTESIAN_POINT('',(0.00496329936370261,0.0160765197456342,-0.00303595432688962));
#3469=CARTESIAN_POINT('',(0.00577795318273205,0.0160765197456342,-0.0050000000000002));
#3470=CARTESIAN_POINT('',(0.00496329936370254,0.0160765197456342,-0.00696404567310955));
#3471=CARTESIAN_POINT('',(0.0036561745098467,0.0160765197456342,-0.00750640190971823));
#3472=CARTESIAN_POINT('',(0.003,0.0160765197456342,-0.00750640190972222));
#3473=CARTESIAN_POINT('',(0.003,0.0161102654053564,-0.00248763020833333));
#3474=CARTESIAN_POINT('',(0.00365773689774387,0.0161102654053564,-0.0024876302083393));
#3475=CARTESIAN_POINT('',(0.00496797408836619,0.0161102654053564,-0.00303127782522184));
#3476=CARTESIAN_POINT('',(0.00578456764331692,0.0161102654053564,-0.00500000000000021));
#3477=CARTESIAN_POINT('',(0.00496797408836612,0.0161102654053564,-0.00696872217477729));
#3478=CARTESIAN_POINT('',(0.00365773689774404,0.0161102654053564,-0.00751236979166243));
#3479=CARTESIAN_POINT('',(0.003,0.0161102654053564,-0.00751236979166667));
#3480=CARTESIAN_POINT('',(0.003,0.0161771056831342,-0.00246809895833333));
#3481=CARTESIAN_POINT('',(0.00366285016722612,0.0161771056831342,-0.00246809895833966));
#3482=CARTESIAN_POINT('',(0.00498327318726517,0.0161771056831342,-0.00301597291067302));
#3483=CARTESIAN_POINT('',(0.00580621496886743,0.0161771056831342,-0.00500000000000022));
#3484=CARTESIAN_POINT('',(0.0049832731872651,0.0161771056831342,-0.00698402708932607));
#3485=CARTESIAN_POINT('',(0.00366285016722629,0.0161771056831342,-0.00753190104166214));
#3486=CARTESIAN_POINT('',(0.003,0.0161771056831342,-0.00753190104166667));
#3487=CARTESIAN_POINT('',(0.003,0.0162100917942453,-0.00245458984375));
#3488=CARTESIAN_POINT('',(0.00366638684528469,0.0162100917942453,-0.00245458984375636));
#3489=CARTESIAN_POINT('',(0.00499385506400361,0.0162100917942453,-0.00300538701144352));
#3490=CARTESIAN_POINT('',(0.00582118770237321,0.0162100917942453,-0.00500000000000022));
#3491=CARTESIAN_POINT('',(0.00499385506400355,0.0162100917942453,-0.00699461298855558));
#3492=CARTESIAN_POINT('',(0.00366638684528485,0.0162100917942453,-0.00754541015624543));
#3493=CARTESIAN_POINT('',(0.003,0.0162100917942453,-0.00754541015625));
#3494=CARTESIAN_POINT('',(0.003,0.0162711269504953,-0.002420166015625));
#3495=CARTESIAN_POINT('',(0.00367539898274727,0.0162711269504953,-0.00242016601563143));
#3496=CARTESIAN_POINT('',(0.005020819725813,0.0162711269504953,-0.00297841209955148));
#3497=CARTESIAN_POINT('',(0.00585934111365601,0.0162711269504953,-0.00500000000000022));
#3498=CARTESIAN_POINT('',(0.00502081972581296,0.0162711269504953,-0.00702158790044761));
#3499=CARTESIAN_POINT('',(0.00367539898274738,0.0162711269504953,-0.00757983398437037));
#3500=CARTESIAN_POINT('',(0.003,0.0162711269504953,-0.007579833984375));
#3501=CARTESIAN_POINT('',(0.003,0.0162990674886897,-0.00239930555555555));
#3502=CARTESIAN_POINT('',(0.00368086023862494,0.0162990674886897,-0.00239930555556201));
#3503=CARTESIAN_POINT('',(0.005037160013387,0.0162990674886897,-0.00296206560054048));
#3504=CARTESIAN_POINT('',(0.00588246165997317,0.0162990674886898,-0.00500000000000022));
#3505=CARTESIAN_POINT('',(0.00503716001338698,0.0162990674886897,-0.00703793439945861));
#3506=CARTESIAN_POINT('',(0.00368086023862501,0.0162990674886897,-0.0076006944444398));
#3507=CARTESIAN_POINT('',(0.003,0.0162990674886897,-0.00760069444444444));
#3508=CARTESIAN_POINT('',(0.003,0.0163476785998009,-0.00235069444444444));
#3509=CARTESIAN_POINT('',(0.0036935865982255,0.0163476785998009,-0.00235069444445101));
#3510=CARTESIAN_POINT('',(0.00507523777064652,0.0163476785998009,-0.00292397336877488));
#3511=CARTESIAN_POINT('',(0.00593633944801006,0.0163476785998009,-0.00500000000000022));
#3512=CARTESIAN_POINT('',(0.00507523777064654,0.0163476785998009,-0.00707602663122419));
#3513=CARTESIAN_POINT('',(0.00369358659822547,0.0163476785998009,-0.00764930555555084));
#3514=CARTESIAN_POINT('',(0.003,0.0163476785998009,-0.00764930555555555));
#3515=CARTESIAN_POINT('',(0.003,0.0163685390598703,-0.00232275390625));
#3516=CARTESIAN_POINT('',(0.00370090141429057,0.0163685390598703,-0.00232275390625665));
#3517=CARTESIAN_POINT('',(0.00509712398157136,0.0163685390598703,-0.00290207883823996));
#3518=CARTESIAN_POINT('',(0.00596730714983931,0.0163685390598703,-0.00500000000000023));
#3519=CARTESIAN_POINT('',(0.0050971239815714,0.0163685390598703,-0.0070979211617591));
#3520=CARTESIAN_POINT('',(0.00370090141429049,0.0163685390598703,-0.00767724609374522));
#3521=CARTESIAN_POINT('',(0.003,0.0163685390598703,-0.00767724609375));
#3522=CARTESIAN_POINT('',(0.003,0.0164029628879953,-0.00226171875));
#3523=CARTESIAN_POINT('',(0.00371688038142296,0.0164029628879953,-0.00226171875000688));
#3524=CARTESIAN_POINT('',(0.00514493366563046,0.0164029628879953,-0.00285425098027531));
#3525=CARTESIAN_POINT('',(0.00603495504218475,0.0164029628879953,-0.00500000000000023));
#3526=CARTESIAN_POINT('',(0.00514493366563052,0.0164029628879953,-0.00714574901972373));
#3527=CARTESIAN_POINT('',(0.00371688038142286,0.0164029628879953,-0.00773828124999503));
#3528=CARTESIAN_POINT('',(0.003,0.0164029628879953,-0.00773828125));
#3529=CARTESIAN_POINT('',(0.003,0.0164164720025786,-0.00222873263888889));
#3530=CARTESIAN_POINT('',(0.00372551612543761,0.0164164720025786,-0.00222873263889591));
#3531=CARTESIAN_POINT('',(0.00517077214377087,0.0164164720025786,-0.00282840268014863));
#3532=CARTESIAN_POINT('',(0.00607151496978122,0.0164164720025786,-0.00500000000000023));
#3533=CARTESIAN_POINT('',(0.00517077214377092,0.0164164720025786,-0.00717159731985042));
#3534=CARTESIAN_POINT('',(0.00372551612543752,0.0164164720025786,-0.00777126736110599));
#3535=CARTESIAN_POINT('',(0.003,0.0164164720025786,-0.00777126736111111));
#3536=CARTESIAN_POINT('',(0.003,0.0164360032525786,-0.00216189236111111));
#3537=CARTESIAN_POINT('',(0.00374301486988824,0.0164360032525786,-0.00216189236111837));
#3538=CARTESIAN_POINT('',(0.00522312906000277,0.0164360032525786,-0.00277602586147091));
#3539=CARTESIAN_POINT('',(0.00614559692833195,0.0164360032525786,-0.00500000000000021));
#3540=CARTESIAN_POINT('',(0.00522312906000277,0.0164360032525786,-0.00722397413852821));
#3541=CARTESIAN_POINT('',(0.00374301486988828,0.0164360032525786,-0.00783810763888339));
#3542=CARTESIAN_POINT('',(0.003,0.0164360032525786,-0.00783810763888889));
#3543=CARTESIAN_POINT('',(0.003,0.0164419711345231,-0.00212814670138889));
#3544=CARTESIAN_POINT('',(0.00375184946327154,0.0164419711345231,-0.00212814670139626));
#3545=CARTESIAN_POINT('',(0.0052495625031004,0.0164419711345231,-0.00274958237022291));
#3546=CARTESIAN_POINT('',(0.00618299869636648,0.0164419711345231,-0.00500000000000019));
#3547=CARTESIAN_POINT('',(0.00524956250310035,0.0164419711345231,-0.00725041762977627));
#3548=CARTESIAN_POINT('',(0.00375184946327169,0.0164419711345231,-0.00787185329860538));
#3549=CARTESIAN_POINT('',(0.003,0.0164419711345231,-0.00787185329861111));
#3550=CARTESIAN_POINT('',(0.003,0.0164481831570925,-0.00206277126736111));
#3551=CARTESIAN_POINT('',(0.00376896471251085,0.0164481831570925,-0.00206277126736859));
#3552=CARTESIAN_POINT('',(0.00530077198691497,0.0164481831570925,-0.0026983534201364));
#3553=CARTESIAN_POINT('',(0.00625545710550089,0.0164481831570925,-0.00500000000000014));
#3554=CARTESIAN_POINT('',(0.00530077198691481,0.0164481831570925,-0.00730164657986298));
#3555=CARTESIAN_POINT('',(0.00376896471251122,0.0164481831570925,-0.00793722873263264));
#3556=CARTESIAN_POINT('',(0.003,0.0164481831570925,-0.00793722873263889));
#3557=CARTESIAN_POINT('',(0.003,0.0164483730442453,-0.00203125));
#3558=CARTESIAN_POINT('',(0.00377721696131417,0.0164483730442453,-0.00203125000000749));
#3559=CARTESIAN_POINT('',(0.00532546303263802,0.0164483730442453,-0.00267365298860093));
#3560=CARTESIAN_POINT('',(0.00629039348368105,0.0164483730442453,-0.00500000000000011));
#3561=CARTESIAN_POINT('',(0.00532546303263781,0.0164483730442453,-0.00732634701139859));
#3562=CARTESIAN_POINT('',(0.00377721696131466,0.0164483730442453,-0.00796874999999347));
#3563=CARTESIAN_POINT('',(0.003,0.0164483730442453,-0.00796875));
#3564=CARTESIAN_POINT('',(0.003,0.0164483730442453,-0.002));
#3565=CARTESIAN_POINT('',(0.00378539819248591,0.0164483730442453,-0.00200000000000749));
#3566=CARTESIAN_POINT('',(0.0053499415908763,0.0164483730442453,-0.00264916512532309));
#3567=CARTESIAN_POINT('',(0.0063250292045619,0.0164483730442453,-0.00500000000000008));
#3568=CARTESIAN_POINT('',(0.0053499415908761,0.0164483730442453,-0.00735083487467657));
#3569=CARTESIAN_POINT('',(0.0037853981924864,0.0164483730442453,-0.00799999999999318));
#3570=CARTESIAN_POINT('',(0.003,0.0164483730442453,-0.008));
#3571=CARTESIAN_POINT('',(0.003,0.0159483730442453,-0.0075));
#3572=CARTESIAN_POINT('',(0.003,0.0160733730442453,-0.0075));
#3573=CARTESIAN_POINT('',(0.003,0.0163858730442453,-0.00756250000000001));
#3574=CARTESIAN_POINT('',(0.003,0.0164483730442453,-0.007875));
#3575=CARTESIAN_POINT('',(0.003,0.0164483730442453,-0.008));
#3576=CARTESIAN_POINT('',(0.003,0.0164483730442453,-0.002));
#3577=CARTESIAN_POINT('',(0.003,0.0164483730442453,-0.002125));
#3578=CARTESIAN_POINT('',(0.003,0.0163858730442453,-0.00243749999999913));
#3579=CARTESIAN_POINT('',(0.003,0.0160733730442453,-0.00250000000000108));
#3580=CARTESIAN_POINT('',(0.003,0.0159483730442453,-0.0025));
#3581=CARTESIAN_POINT('',(-0.003,0.0164483730442453,-0.00800000000000001));
#3582=CARTESIAN_POINT('',(0.003,0.0164483730442453,-0.00800000000000001));
#3583=CARTESIAN_POINT('',(-0.003,0.0164483730442453,-0.007925));
#3584=CARTESIAN_POINT('',(0.003,0.0164483730442453,-0.007925));
#3585=CARTESIAN_POINT('',(-0.003,0.0164483730442453,-0.00785000000000001));
#3586=CARTESIAN_POINT('',(0.003,0.0164483730442453,-0.00785000000000001));
#3587=CARTESIAN_POINT('',(-0.003,0.0163983730442453,-0.00766666666666667));
#3588=CARTESIAN_POINT('',(0.003,0.0163983730442453,-0.00766666666666667));
#3589=CARTESIAN_POINT('',(-0.003,0.0162817063775787,-0.00755));
#3590=CARTESIAN_POINT('',(0.003,0.0162817063775787,-0.00755));
#3591=CARTESIAN_POINT('',(-0.003,0.0160983730442453,-0.0075));
#3592=CARTESIAN_POINT('',(0.003,0.0160983730442453,-0.0075));
#3593=CARTESIAN_POINT('',(-0.003,0.0160233730442453,-0.0075));
#3594=CARTESIAN_POINT('',(0.003,0.0160233730442453,-0.0075));
#3595=CARTESIAN_POINT('',(-0.003,0.0159483730442453,-0.0075));
#3596=CARTESIAN_POINT('',(0.003,0.0159483730442453,-0.0075));
#3597=CARTESIAN_POINT('',(-0.003,0.0164483730442453,-0.008));
#3598=CARTESIAN_POINT('',(-0.003,0.0164483730442453,-0.007875));
#3599=CARTESIAN_POINT('',(-0.003,0.0163858730442453,-0.0075625));
#3600=CARTESIAN_POINT('',(-0.003,0.0160733730442453,-0.0075));
#3601=CARTESIAN_POINT('',(-0.003,0.0159483730442453,-0.0075));
#3602=CARTESIAN_POINT('',(0.003,0.0164483730442453,-0.002));
#3603=CARTESIAN_POINT('',(-0.003,0.0164483730442453,-0.002));
#3604=CARTESIAN_POINT('',(0.003,0.0164483730442453,-0.002075));
#3605=CARTESIAN_POINT('',(-0.003,0.0164483730442453,-0.002075));
#3606=CARTESIAN_POINT('',(0.003,0.0164483730442453,-0.00214999999999999));
#3607=CARTESIAN_POINT('',(-0.003,0.0164483730442453,-0.00214999999999999));
#3608=CARTESIAN_POINT('',(0.003,0.0163983730442453,-0.00233333333333268));
#3609=CARTESIAN_POINT('',(-0.003,0.0163983730442453,-0.00233333333333268));
#3610=CARTESIAN_POINT('',(0.003,0.0162817063775787,-0.00245));
#3611=CARTESIAN_POINT('',(-0.003,0.0162817063775787,-0.00245));
#3612=CARTESIAN_POINT('',(0.003,0.0160983730442453,-0.00250000000000065));
#3613=CARTESIAN_POINT('',(-0.003,0.0160983730442453,-0.00250000000000065));
#3614=CARTESIAN_POINT('',(0.003,0.0160233730442453,-0.00250000000000065));
#3615=CARTESIAN_POINT('',(-0.003,0.0160233730442453,-0.00250000000000065));
#3616=CARTESIAN_POINT('',(0.003,0.0159483730442453,-0.0025));
#3617=CARTESIAN_POINT('',(-0.003,0.0159483730442453,-0.0025));
#3618=CARTESIAN_POINT('',(-0.003,0.0159483730442453,-0.0025));
#3619=CARTESIAN_POINT('',(-0.003,0.0160733730442453,-0.00250000000000108));
#3620=CARTESIAN_POINT('',(-0.003,0.0163858730442453,-0.00243749999999913));
#3621=CARTESIAN_POINT('',(-0.003,0.0164483730442453,-0.002125));
#3622=CARTESIAN_POINT('',(-0.003,0.0164483730442453,-0.002));
#3623=CARTESIAN_POINT('',(-0.003,0.0159483730442453,-0.0075));
#3624=CARTESIAN_POINT('',(-0.00365449849373813,0.0159483730442453,-0.0075));
#3625=CARTESIAN_POINT('',(-0.00495828465906364,0.0159483730442453,-0.00695902906222807));
#3626=CARTESIAN_POINT('',(-0.00577085767046823,0.0159483730442453,-0.00500000000000002));
#3627=CARTESIAN_POINT('',(-0.00495828465906346,0.0159483730442453,-0.00304097093777196));
#3628=CARTESIAN_POINT('',(-0.00365449849373864,0.0159483730442453,-0.0025));
#3629=CARTESIAN_POINT('',(-0.003,0.0159483730442453,-0.0025));
#3630=CARTESIAN_POINT('',(-0.003,0.0159796230442453,-0.0075));
#3631=CARTESIAN_POINT('',(-0.00365449849373813,0.0159796230442453,-0.00749999999999815));
#3632=CARTESIAN_POINT('',(-0.00495828465906364,0.0159796230442453,-0.00695902906222884));
#3633=CARTESIAN_POINT('',(-0.00577085767046823,0.0159796230442453,-0.00500000000000011));
#3634=CARTESIAN_POINT('',(-0.00495828465906346,0.0159796230442453,-0.0030409709377708));
#3635=CARTESIAN_POINT('',(-0.00365449849373864,0.0159796230442453,-0.00250000000000262));
#3636=CARTESIAN_POINT('',(-0.003,0.0159796230442453,-0.0025));
#3637=CARTESIAN_POINT('',(-0.003,0.0160111443116064,-0.00750018988715278));
#3638=CARTESIAN_POINT('',(-0.00365454820608032,0.0160111443116064,-0.00750018988714998));
#3639=CARTESIAN_POINT('',(-0.00495843340030294,0.0160111443116064,-0.00695917786000956));
#3640=CARTESIAN_POINT('',(-0.00577106813057775,0.0160111443116064,-0.00500000000000015));
#3641=CARTESIAN_POINT('',(-0.00495843340030276,0.0160111443116064,-0.00304082213998987));
#3642=CARTESIAN_POINT('',(-0.00365454820608083,0.0160111443116064,-0.0024998101128512));
#3643=CARTESIAN_POINT('',(-0.003,0.0160111443116064,-0.00249981011284722));
#3644=CARTESIAN_POINT('',(-0.003,0.0160765197456342,-0.00750640190972222));
#3645=CARTESIAN_POINT('',(-0.0036561745098462,0.0160765197456342,-0.00750640190971823));
#3646=CARTESIAN_POINT('',(-0.00496329936370275,0.0160765197456342,-0.00696404567310956));
#3647=CARTESIAN_POINT('',(-0.00577795318273201,0.0160765197456342,-0.00500000000000021));
#3648=CARTESIAN_POINT('',(-0.00496329936370257,0.0160765197456342,-0.00303595432688963));
#3649=CARTESIAN_POINT('',(-0.00365617450984671,0.0160765197456342,-0.00249359809028344));
#3650=CARTESIAN_POINT('',(-0.003,0.0160765197456342,-0.00249359809027778));
#3651=CARTESIAN_POINT('',(-0.003,0.0161102654053564,-0.00751236979166667));
#3652=CARTESIAN_POINT('',(-0.00365773689774356,0.0161102654053564,-0.00751236979166243));
#3653=CARTESIAN_POINT('',(-0.00496797408836632,0.0161102654053564,-0.00696872217477731));
#3654=CARTESIAN_POINT('',(-0.00578456764331689,0.0161102654053564,-0.00500000000000022));
#3655=CARTESIAN_POINT('',(-0.00496797408836614,0.0161102654053564,-0.00303127782522184));
#3656=CARTESIAN_POINT('',(-0.00365773689774407,0.0161102654053564,-0.00248763020833933));
#3657=CARTESIAN_POINT('',(-0.003,0.0161102654053564,-0.00248763020833333));
#3658=CARTESIAN_POINT('',(-0.003,0.0161771056831342,-0.00753190104166667));
#3659=CARTESIAN_POINT('',(-0.00366285016722584,0.0161771056831342,-0.00753190104166214));
#3660=CARTESIAN_POINT('',(-0.00498327318726527,0.0161771056831342,-0.00698402708932608));
#3661=CARTESIAN_POINT('',(-0.00580621496886742,0.0161771056831342,-0.00500000000000023));
#3662=CARTESIAN_POINT('',(-0.00498327318726508,0.0161771056831342,-0.00301597291067301));
#3663=CARTESIAN_POINT('',(-0.00366285016722639,0.0161771056831342,-0.00246809895833973));
#3664=CARTESIAN_POINT('',(-0.003,0.0161771056831342,-0.00246809895833333));
#3665=CARTESIAN_POINT('',(-0.003,0.0162100917942453,-0.00754541015625));
#3666=CARTESIAN_POINT('',(-0.00366638684528443,0.0162100917942453,-0.00754541015624543));
#3667=CARTESIAN_POINT('',(-0.00499385506400372,0.0162100917942453,-0.00699461298855559));
#3668=CARTESIAN_POINT('',(-0.0058211877023732,0.0162100917942453,-0.00500000000000024));
#3669=CARTESIAN_POINT('',(-0.00499385506400351,0.0162100917942453,-0.0030053870114435));
#3670=CARTESIAN_POINT('',(-0.00366638684528501,0.0162100917942453,-0.00245458984375645));
#3671=CARTESIAN_POINT('',(-0.003,0.0162100917942453,-0.00245458984375));
#3672=CARTESIAN_POINT('',(-0.003,0.0162711269504953,-0.007579833984375));
#3673=CARTESIAN_POINT('',(-0.00367539898274699,0.0162711269504953,-0.00757983398437037));
#3674=CARTESIAN_POINT('',(-0.00502081972581311,0.0162711269504953,-0.00702158790044762));
#3675=CARTESIAN_POINT('',(-0.00585934111365601,0.0162711269504953,-0.00500000000000024));
#3676=CARTESIAN_POINT('',(-0.00502081972581287,0.0162711269504953,-0.00297841209955144));
#3677=CARTESIAN_POINT('',(-0.00367539898274766,0.0162711269504953,-0.00242016601563155));
#3678=CARTESIAN_POINT('',(-0.003,0.0162711269504953,-0.002420166015625));
#3679=CARTESIAN_POINT('',(-0.003,0.0162990674886897,-0.00760069444444444));
#3680=CARTESIAN_POINT('',(-0.00368086023862462,0.0162990674886897,-0.0076006944444398));
#3681=CARTESIAN_POINT('',(-0.00503716001338712,0.0162990674886897,-0.00703793439945863));
#3682=CARTESIAN_POINT('',(-0.00588246165997318,0.0162990674886897,-0.00500000000000024));
#3683=CARTESIAN_POINT('',(-0.00503716001338685,0.0162990674886897,-0.00296206560054043));
#3684=CARTESIAN_POINT('',(-0.00368086023862535,0.0162990674886897,-0.00239930555556214));
#3685=CARTESIAN_POINT('',(-0.003,0.0162990674886897,-0.00239930555555555));
#3686=CARTESIAN_POINT('',(-0.003,0.0163476785998009,-0.00764930555555555));
#3687=CARTESIAN_POINT('',(-0.00369358659822509,0.0163476785998009,-0.00764930555555084));
#3688=CARTESIAN_POINT('',(-0.00507523777064669,0.0163476785998009,-0.0070760266312242));
#3689=CARTESIAN_POINT('',(-0.00593633944801006,0.0163476785998008,-0.00500000000000025));
#3690=CARTESIAN_POINT('',(-0.00507523777064642,0.0163476785998009,-0.00292397336877484));
#3691=CARTESIAN_POINT('',(-0.00369358659822581,0.0163476785998009,-0.00235069444445114));
#3692=CARTESIAN_POINT('',(-0.003,0.0163476785998009,-0.00235069444444444));
#3693=CARTESIAN_POINT('',(-0.003,0.0163685390598703,-0.00767724609375));
#3694=CARTESIAN_POINT('',(-0.0037009014142901,0.0163685390598703,-0.00767724609374522));
#3695=CARTESIAN_POINT('',(-0.00509712398157155,0.0163685390598703,-0.00709792116175911));
#3696=CARTESIAN_POINT('',(-0.00596730714983929,0.0163685390598703,-0.00500000000000025));
#3697=CARTESIAN_POINT('',(-0.00509712398157132,0.0163685390598703,-0.00290207883823993));
#3698=CARTESIAN_POINT('',(-0.00370090141429075,0.0163685390598703,-0.00232275390625677));
#3699=CARTESIAN_POINT('',(-0.003,0.0163685390598703,-0.00232275390625));
#3700=CARTESIAN_POINT('',(-0.003,0.0164029628879953,-0.00773828125));
#3701=CARTESIAN_POINT('',(-0.00371688038142244,0.0164029628879953,-0.00773828124999503));
#3702=CARTESIAN_POINT('',(-0.0051449336656307,0.0164029628879953,-0.00714574901972375));
#3703=CARTESIAN_POINT('',(-0.00603495504218468,0.0164029628879953,-0.00500000000000025));
#3704=CARTESIAN_POINT('',(-0.0051449336656306,0.0164029628879953,-0.00285425098027529));
#3705=CARTESIAN_POINT('',(-0.00371688038142278,0.0164029628879953,-0.00226171875000697));
#3706=CARTESIAN_POINT('',(-0.003,0.0164029628879953,-0.00226171875));
#3707=CARTESIAN_POINT('',(-0.003,0.0164164720025786,-0.00777126736111111));
#3708=CARTESIAN_POINT('',(-0.00372551612543708,0.0164164720025786,-0.00777126736110599));
#3709=CARTESIAN_POINT('',(-0.00517077214377111,0.0164164720025786,-0.00717159731985043));
#3710=CARTESIAN_POINT('',(-0.00607151496978112,0.0164164720025786,-0.00500000000000025));
#3711=CARTESIAN_POINT('',(-0.0051707721437711,0.0164164720025786,-0.00282840268014862));
#3712=CARTESIAN_POINT('',(-0.00372551612543722,0.0164164720025786,-0.00222873263889597));
#3713=CARTESIAN_POINT('',(-0.003,0.0164164720025786,-0.00222873263888889));
#3714=CARTESIAN_POINT('',(-0.003,0.0164360032525786,-0.00783810763888889));
#3715=CARTESIAN_POINT('',(-0.0037430148698878,0.0164360032525786,-0.00783810763888339));
#3716=CARTESIAN_POINT('',(-0.00522312906000299,0.0164360032525786,-0.00722397413852822));
#3717=CARTESIAN_POINT('',(-0.00614559692833182,0.0164360032525786,-0.00500000000000023));
#3718=CARTESIAN_POINT('',(-0.0052231290600031,0.0164360032525786,-0.00277602586147091));
#3719=CARTESIAN_POINT('',(-0.00374301486988765,0.0164360032525786,-0.00216189236111841));
#3720=CARTESIAN_POINT('',(-0.003,0.0164360032525786,-0.00216189236111111));
#3721=CARTESIAN_POINT('',(-0.003,0.0164419711345231,-0.00787185329861111));
#3722=CARTESIAN_POINT('',(-0.00375184946327119,0.0164419711345231,-0.00787185329860538));
#3723=CARTESIAN_POINT('',(-0.00524956250310058,0.0164419711345231,-0.00725041762977629));
#3724=CARTESIAN_POINT('',(-0.00618299869636635,0.0164419711345231,-0.00500000000000021));
#3725=CARTESIAN_POINT('',(-0.00524956250310072,0.0164419711345231,-0.00274958237022292));
#3726=CARTESIAN_POINT('',(-0.00375184946327098,0.0164419711345231,-0.00212814670139627));
#3727=CARTESIAN_POINT('',(-0.003,0.0164419711345231,-0.00212814670138889));
#3728=CARTESIAN_POINT('',(-0.003,0.0164481831570925,-0.00793722873263889));
#3729=CARTESIAN_POINT('',(-0.00376896471251071,0.0164481831570925,-0.00793722873263264));
#3730=CARTESIAN_POINT('',(-0.00530077198691503,0.0164481831570925,-0.00730164657986299));
#3731=CARTESIAN_POINT('',(-0.00625545710550081,0.0164481831570925,-0.00500000000000016));
#3732=CARTESIAN_POINT('',(-0.0053007719869151,0.0164481831570925,-0.00269835342013641));
#3733=CARTESIAN_POINT('',(-0.00376896471251068,0.0164481831570925,-0.00206277126736859));
#3734=CARTESIAN_POINT('',(-0.003,0.0164481831570925,-0.00206277126736111));
#3735=CARTESIAN_POINT('',(-0.003,0.0164483730442453,-0.00796875));
#3736=CARTESIAN_POINT('',(-0.00377721696131415,0.0164483730442453,-0.00796874999999347));
#3737=CARTESIAN_POINT('',(-0.00532546303263802,0.0164483730442453,-0.0073263470113986));
#3738=CARTESIAN_POINT('',(-0.00629039348368101,0.0164483730442453,-0.00500000000000012));
#3739=CARTESIAN_POINT('',(-0.00532546303263797,0.0164483730442453,-0.00267365298860095));
#3740=CARTESIAN_POINT('',(-0.00377721696131438,0.0164483730442453,-0.00203125000000749));
#3741=CARTESIAN_POINT('',(-0.003,0.0164483730442453,-0.00203125));
#3742=CARTESIAN_POINT('',(-0.003,0.0164483730442453,-0.008));
#3743=CARTESIAN_POINT('',(-0.00378539819248589,0.0164483730442453,-0.00799999999999318));
#3744=CARTESIAN_POINT('',(-0.0053499415908763,0.0164483730442453,-0.00735083487467658));
#3745=CARTESIAN_POINT('',(-0.0063250292045619,0.0164483730442453,-0.00500000000000009));
#3746=CARTESIAN_POINT('',(-0.00534994159087613,0.0164483730442453,-0.00264916512532311));
#3747=CARTESIAN_POINT('',(-0.0037853981924864,0.0164483730442453,-0.00200000000000749));
#3748=CARTESIAN_POINT('',(-0.003,0.0164483730442453,-0.002));
#3749=CARTESIAN_POINT('',(-0.00577417314756776,0.0164483730442453,-0.00613240184761185));
#3750=CARTESIAN_POINT('',(-0.0057675766667568,0.0164483730416705,-0.00595518832370226));
#3751=CARTESIAN_POINT('',(-0.00576014384445865,0.016432846014205,-0.00556982475574884));
#3752=CARTESIAN_POINT('',(-0.00574771320427829,0.0164008725956891,-0.00508501808559356));
#3753=CARTESIAN_POINT('',(-0.0057520980828005,0.0164117099583842,-0.00473318030833107));
#3754=CARTESIAN_POINT('',(-0.00575987362361493,0.0164310328464632,-0.00442322758704609));
#3755=CARTESIAN_POINT('',(-0.00576557617252081,0.0164462019055969,-0.00415819334885655));
#3756=CARTESIAN_POINT('',(-0.00576945787032273,0.0164483730442453,-0.00395152251503139));
#3757=CARTESIAN_POINT('',(-0.00577413309148284,0.0164483730442453,-0.00386749938693328));
#3758=CARTESIAN_POINT('',(-0.0100000000000052,0.0159483730442453,-0.0049999542811427));
#3759=CARTESIAN_POINT('',(-0.0100000000000052,0.0159483730442453,-0.00447754653121522));
#3760=CARTESIAN_POINT('',(-0.00956722324978769,0.0159483730442453,-0.00343273103136026));
#3761=CARTESIAN_POINT('',(-0.00800000000000523,0.0159483730442453,-0.00278356590603392));
#3762=CARTESIAN_POINT('',(-0.00643277675022281,0.0159483730442453,-0.00343273103136024));
#3763=CARTESIAN_POINT('',(-0.00578361162489646,0.0159483730442453,-0.00499995428114271));
#3764=CARTESIAN_POINT('',(-0.00643277675022279,0.0159483730442453,-0.00656717753092514));
#3765=CARTESIAN_POINT('',(-0.00800000000000524,0.0159483730442453,-0.00721634265625148));
#3766=CARTESIAN_POINT('',(-0.00956722324978768,0.0159483730442453,-0.00656717753092515));
#3767=CARTESIAN_POINT('',(-0.0100000000000052,0.0159483730442453,-0.00552236203107019));
#3768=CARTESIAN_POINT('',(-0.0100000000000052,0.0159483730442453,-0.0049999542811427));
#3769=CARTESIAN_POINT('',(-0.0100000000000052,0.0159796230442453,-0.0049999542811427));
#3770=CARTESIAN_POINT('',(-0.0100000000000052,0.0159796230442453,-0.00447754653121522));
#3771=CARTESIAN_POINT('',(-0.00956722324978769,0.0159796230442453,-0.00343273103136026));
#3772=CARTESIAN_POINT('',(-0.00800000000000523,0.0159796230442453,-0.00278356590603392));
#3773=CARTESIAN_POINT('',(-0.00643277675022281,0.0159796230442453,-0.00343273103136024));
#3774=CARTESIAN_POINT('',(-0.00578361162489646,0.0159796230442453,-0.00499995428114271));
#3775=CARTESIAN_POINT('',(-0.00643277675022279,0.0159796230442453,-0.00656717753092514));
#3776=CARTESIAN_POINT('',(-0.00800000000000524,0.0159796230442453,-0.00721634265625148));
#3777=CARTESIAN_POINT('',(-0.00956722324978768,0.0159796230442453,-0.00656717753092515));
#3778=CARTESIAN_POINT('',(-0.0100000000000052,0.0159796230442453,-0.00552236203107019));
#3779=CARTESIAN_POINT('',(-0.0100000000000052,0.0159796230442453,-0.0049999542811427));
#3780=CARTESIAN_POINT('',(-0.010000189887158,0.0160111443116064,-0.0049999542811427));
#3781=CARTESIAN_POINT('',(-0.010000189887158,0.0160111443116064,-0.00447749693195511));
#3782=CARTESIAN_POINT('',(-0.00956737204756803,0.0160111443116064,-0.00343258223357993));
#3783=CARTESIAN_POINT('',(-0.00800000000000523,0.0160111443116064,-0.00278335547419492));
#3784=CARTESIAN_POINT('',(-0.00643262795244247,0.0160111443116064,-0.00343258223357991));
#3785=CARTESIAN_POINT('',(-0.00578340119305747,0.0160111443116064,-0.00499995428114271));
#3786=CARTESIAN_POINT('',(-0.00643262795244245,0.0160111443116064,-0.00656732632870548));
#3787=CARTESIAN_POINT('',(-0.00800000000000524,0.0160111443116064,-0.00721655308809048));
#3788=CARTESIAN_POINT('',(-0.00956737204756801,0.0160111443116064,-0.00656732632870549));
#3789=CARTESIAN_POINT('',(-0.010000189887158,0.0160111443116064,-0.0055224116303303));
#3790=CARTESIAN_POINT('',(-0.010000189887158,0.0160111443116064,-0.0049999542811427));
#3791=CARTESIAN_POINT('',(-0.0100064019097274,0.0160765197456342,-0.0049999542811427));
#3792=CARTESIAN_POINT('',(-0.0100064019097275,0.0160765197456342,-0.00447587432758861));
#3793=CARTESIAN_POINT('',(-0.00957223986066753,0.0160765197456342,-0.00342771442048043));
#3794=CARTESIAN_POINT('',(-0.00800000000000523,0.0160765197456342,-0.0027764713468905));
#3795=CARTESIAN_POINT('',(-0.00642776013934297,0.0160765197456342,-0.0034277144204804));
#3796=CARTESIAN_POINT('',(-0.00577651706575305,0.0160765197456342,-0.00499995428114271));
#3797=CARTESIAN_POINT('',(-0.00642776013934295,0.0160765197456342,-0.00657219414180498));
#3798=CARTESIAN_POINT('',(-0.00800000000000524,0.0160765197456342,-0.0072234372153949));
#3799=CARTESIAN_POINT('',(-0.00957223986066752,0.0160765197456342,-0.00657219414180499));
#3800=CARTESIAN_POINT('',(-0.0100064019097274,0.0160765197456342,-0.0055240342346968));
#3801=CARTESIAN_POINT('',(-0.0100064019097274,0.0160765197456342,-0.0049999542811427));
#3802=CARTESIAN_POINT('',(-0.0100123697916719,0.0161102654053564,-0.0049999542811427));
#3803=CARTESIAN_POINT('',(-0.0100123697916719,0.0161102654053564,-0.00447431549369939));
#3804=CARTESIAN_POINT('',(-0.00957691636233517,0.0161102654053564,-0.00342303791881278));
#3805=CARTESIAN_POINT('',(-0.00800000000000523,0.0161102654053564,-0.00276985777480766));
#3806=CARTESIAN_POINT('',(-0.00642308363767532,0.0161102654053564,-0.00342303791881276));
#3807=CARTESIAN_POINT('',(-0.0057699034936702,0.0161102654053564,-0.00499995428114271));
#3808=CARTESIAN_POINT('',(-0.00642308363767531,0.0161102654053564,-0.00657687064347263));
#3809=CARTESIAN_POINT('',(-0.00800000000000524,0.0161102654053564,-0.00723005078747774));
#3810=CARTESIAN_POINT('',(-0.00957691636233516,0.0161102654053564,-0.00657687064347263));
#3811=CARTESIAN_POINT('',(-0.0100123697916719,0.0161102654053564,-0.00552559306858601));
#3812=CARTESIAN_POINT('',(-0.0100123697916719,0.0161102654053564,-0.0049999542811427));
#3813=CARTESIAN_POINT('',(-0.0100319010416719,0.0161771056831342,-0.0049999542811427));
#3814=CARTESIAN_POINT('',(-0.0100319010416719,0.0161771056831342,-0.00446921385551651));
#3815=CARTESIAN_POINT('',(-0.00959222127688382,0.0161771056831342,-0.00340773300426412));
#3816=CARTESIAN_POINT('',(-0.00800000000000523,0.0161771056831342,-0.00274821335708199));
#3817=CARTESIAN_POINT('',(-0.00640777872312666,0.0161771056831342,-0.0034077330042641));
#3818=CARTESIAN_POINT('',(-0.00574825907594453,0.0161771056831342,-0.00499995428114271));
#3819=CARTESIAN_POINT('',(-0.00640777872312665,0.0161771056831342,-0.00659217555802128));
#3820=CARTESIAN_POINT('',(-0.00800000000000523,0.0161771056831342,-0.00725169520520341));
#3821=CARTESIAN_POINT('',(-0.00959222127688382,0.0161771056831342,-0.00659217555802129));
#3822=CARTESIAN_POINT('',(-0.0100319010416719,0.0161771056831342,-0.0055306947067689));
#3823=CARTESIAN_POINT('',(-0.0100319010416719,0.0161771056831342,-0.0049999542811427));
#3824=CARTESIAN_POINT('',(-0.0100454101562552,0.0162100917942453,-0.0049999542811427));
#3825=CARTESIAN_POINT('',(-0.0100454101562552,0.0162100917942453,-0.00446568522244001));
#3826=CARTESIAN_POINT('',(-0.00960280717611332,0.0162100917942453,-0.00339714710503464));
#3827=CARTESIAN_POINT('',(-0.00800000000000523,0.0162100917942453,-0.00273324263482173));
#3828=CARTESIAN_POINT('',(-0.00639719282389717,0.0162100917942453,-0.00339714710503461));
#3829=CARTESIAN_POINT('',(-0.00573328835368427,0.0162100917942453,-0.00499995428114271));
#3830=CARTESIAN_POINT('',(-0.00639719282389716,0.0162100917942453,-0.00660276145725077));
#3831=CARTESIAN_POINT('',(-0.00800000000000523,0.0162100917942453,-0.00726666592746366));
#3832=CARTESIAN_POINT('',(-0.00960280717611331,0.0162100917942453,-0.00660276145725078));
#3833=CARTESIAN_POINT('',(-0.0100454101562552,0.0162100917942453,-0.00553422333984539));
#3834=CARTESIAN_POINT('',(-0.0100454101562552,0.0162100917942453,-0.0049999542811427));
#3835=CARTESIAN_POINT('',(-0.0100798339843802,0.0162711269504953,-0.0049999542811427));
#3836=CARTESIAN_POINT('',(-0.0100798339843802,0.0162711269504953,-0.00445669358514268));
#3837=CARTESIAN_POINT('',(-0.00962978208800532,0.0162711269504953,-0.00337017219314263));
#3838=CARTESIAN_POINT('',(-0.00800000000000523,0.0162711269504953,-0.00269509434858024));
#3839=CARTESIAN_POINT('',(-0.00637021791200517,0.0162711269504953,-0.00337017219314261));
#3840=CARTESIAN_POINT('',(-0.00569514006744278,0.0162711269504953,-0.00499995428114271));
#3841=CARTESIAN_POINT('',(-0.00637021791200515,0.0162711269504953,-0.00662973636914278));
#3842=CARTESIAN_POINT('',(-0.00800000000000523,0.0162711269504953,-0.00730481421370516));
#3843=CARTESIAN_POINT('',(-0.00962978208800532,0.0162711269504953,-0.00662973636914278));
#3844=CARTESIAN_POINT('',(-0.0100798339843802,0.0162711269504953,-0.00554321497714273));
#3845=CARTESIAN_POINT('',(-0.0100798339843802,0.0162711269504953,-0.0049999542811427));
#3846=CARTESIAN_POINT('',(-0.0101006944444497,0.0162990674886897,-0.0049999542811427));
#3847=CARTESIAN_POINT('',(-0.0101006944444497,0.0162990674886897,-0.00445124475213901));
#3848=CARTESIAN_POINT('',(-0.00964612858701632,0.0162990674886898,-0.00335382569413163));
#3849=CARTESIAN_POINT('',(-0.00800000000000523,0.0162990674886897,-0.00267197690798157));
#3850=CARTESIAN_POINT('',(-0.00635387141299417,0.0162990674886898,-0.00335382569413161));
#3851=CARTESIAN_POINT('',(-0.00567202262684411,0.0162990674886898,-0.00499995428114271));
#3852=CARTESIAN_POINT('',(-0.00635387141299415,0.0162990674886897,-0.00664608286815377));
#3853=CARTESIAN_POINT('',(-0.00800000000000523,0.0162990674886897,-0.00732793165430383));
#3854=CARTESIAN_POINT('',(-0.00964612858701631,0.0162990674886897,-0.00664608286815378));
#3855=CARTESIAN_POINT('',(-0.0101006944444497,0.0162990674886897,-0.00554866381014639));
#3856=CARTESIAN_POINT('',(-0.0101006944444497,0.0162990674886897,-0.0049999542811427));
#3857=CARTESIAN_POINT('',(-0.0101493055555608,0.0163476785998009,-0.0049999542811427));
#3858=CARTESIAN_POINT('',(-0.0101493055555608,0.0163476785998009,-0.0044385473415505));
#3859=CARTESIAN_POINT('',(-0.00968422081878187,0.0163476785998009,-0.00331573346236609));
#3860=CARTESIAN_POINT('',(-0.00800000000000523,0.0163476785998008,-0.00261810635719767));
#3861=CARTESIAN_POINT('',(-0.00631577918122862,0.0163476785998009,-0.00331573346236606));
#3862=CARTESIAN_POINT('',(-0.00561815207606021,0.0163476785998009,-0.00499995428114271));
#3863=CARTESIAN_POINT('',(-0.00631577918122861,0.0163476785998009,-0.00668417509991932));
#3864=CARTESIAN_POINT('',(-0.00800000000000523,0.0163476785998009,-0.00738180220508772));
#3865=CARTESIAN_POINT('',(-0.00968422081878186,0.0163476785998008,-0.00668417509991933));
#3866=CARTESIAN_POINT('',(-0.0101493055555608,0.0163476785998009,-0.00556136122073491));
#3867=CARTESIAN_POINT('',(-0.0101493055555608,0.0163476785998009,-0.0049999542811427));
#3868=CARTESIAN_POINT('',(-0.0101772460937552,0.0163685390598703,-0.0049999542811427));
#3869=CARTESIAN_POINT('',(-0.0101772460937552,0.0163685390598703,-0.00443124916470553));
#3870=CARTESIAN_POINT('',(-0.00970611534931675,0.0163685390598703,-0.0032938389318312));
#3871=CARTESIAN_POINT('',(-0.00800000000000523,0.0163685390598703,-0.00258714281517345));
#3872=CARTESIAN_POINT('',(-0.00629388465069374,0.0163685390598703,-0.00329383893183118));
#3873=CARTESIAN_POINT('',(-0.00558718853403599,0.0163685390598703,-0.00499995428114271));
#3874=CARTESIAN_POINT('',(-0.00629388465069373,0.0163685390598703,-0.00670606963045421));
#3875=CARTESIAN_POINT('',(-0.00800000000000523,0.0163685390598703,-0.00741276574711195));
#3876=CARTESIAN_POINT('',(-0.00970611534931674,0.0163685390598703,-0.00670606963045421));
#3877=CARTESIAN_POINT('',(-0.0101772460937552,0.0163685390598703,-0.00556865939757987));
#3878=CARTESIAN_POINT('',(-0.0101772460937552,0.0163685390598703,-0.0049999542811427));
#3879=CARTESIAN_POINT('',(-0.0102382812500052,0.0164029628879953,-0.0049999542811427));
#3880=CARTESIAN_POINT('',(-0.0102382812500052,0.0164029628879953,-0.00441530654538402));
#3881=CARTESIAN_POINT('',(-0.00975394320728131,0.0164029628879953,-0.00324601107386665));
#3882=CARTESIAN_POINT('',(-0.00800000000000523,0.0164029628879953,-0.00251950400978073));
#3883=CARTESIAN_POINT('',(-0.00624605679272919,0.0164029628879953,-0.00324601107386663));
#3884=CARTESIAN_POINT('',(-0.00551954972864326,0.0164029628879953,-0.00499995428114271));
#3885=CARTESIAN_POINT('',(-0.00624605679272917,0.0164029628879953,-0.00675389748841876));
#3886=CARTESIAN_POINT('',(-0.00800000000000523,0.0164029628879953,-0.00748040455250467));
#3887=CARTESIAN_POINT('',(-0.0097539432072813,0.0164029628879953,-0.00675389748841876));
#3888=CARTESIAN_POINT('',(-0.0102382812500052,0.0164029628879953,-0.00558460201690139));
#3889=CARTESIAN_POINT('',(-0.0102382812500052,0.0164029628879953,-0.0049999542811427));
#3890=CARTESIAN_POINT('',(-0.0102712673611163,0.0164164720025786,-0.0049999542811427));
#3891=CARTESIAN_POINT('',(-0.0102712673611163,0.0164164720025786,-0.00440669044534181));
#3892=CARTESIAN_POINT('',(-0.00977979150740793,0.0164164720025786,-0.00322016277374003));
#3893=CARTESIAN_POINT('',(-0.00800000000000523,0.0164164720025786,-0.00248294899317737));
#3894=CARTESIAN_POINT('',(-0.00622020849260257,0.0164164720025786,-0.00322016277374));
#3895=CARTESIAN_POINT('',(-0.00548299471203991,0.0164164720025786,-0.00499995428114271));
#3896=CARTESIAN_POINT('',(-0.00622020849260255,0.0164164720025786,-0.00677974578854538));
#3897=CARTESIAN_POINT('',(-0.00800000000000524,0.0164164720025786,-0.00751695956910802));
#3898=CARTESIAN_POINT('',(-0.00977979150740792,0.0164164720025786,-0.00677974578854539));
#3899=CARTESIAN_POINT('',(-0.0102712673611163,0.0164164720025786,-0.0055932181169436));
#3900=CARTESIAN_POINT('',(-0.0102712673611163,0.0164164720025786,-0.0049999542811427));
#3901=CARTESIAN_POINT('',(-0.0103381076388941,0.0164360032525786,-0.0049999542811427));
#3902=CARTESIAN_POINT('',(-0.0103381076388941,0.0164360032525786,-0.0043892315057826));
#3903=CARTESIAN_POINT('',(-0.00983216832608556,0.0164360032525786,-0.0031677859550624));
#3904=CARTESIAN_POINT('',(-0.00800000000000523,0.0164360032525786,-0.00240887698584952));
#3905=CARTESIAN_POINT('',(-0.00616783167392495,0.0164360032525786,-0.00316778595506238));
#3906=CARTESIAN_POINT('',(-0.00540892270471205,0.0164360032525786,-0.00499995428114271));
#3907=CARTESIAN_POINT('',(-0.00616783167392492,0.0164360032525786,-0.006832122607223));
#3908=CARTESIAN_POINT('',(-0.00800000000000524,0.0164360032525786,-0.00759103157643588));
#3909=CARTESIAN_POINT('',(-0.00983216832608555,0.0164360032525786,-0.00683212260722301));
#3910=CARTESIAN_POINT('',(-0.0103381076388941,0.0164360032525786,-0.0056106770565028));
#3911=CARTESIAN_POINT('',(-0.0103381076388941,0.0164360032525786,-0.0049999542811427));
#3912=CARTESIAN_POINT('',(-0.0103718532986163,0.0164419711345231,-0.0049999542811427));
#3913=CARTESIAN_POINT('',(-0.0103718532986163,0.0164419711345231,-0.00438041700869995));
#3914=CARTESIAN_POINT('',(-0.00985861181733351,0.0164419711345231,-0.00314134246381445));
#3915=CARTESIAN_POINT('',(-0.00800000000000523,0.0164419711345231,-0.00237148024189016));
#3916=CARTESIAN_POINT('',(-0.00614138818267699,0.0164419711345231,-0.00314134246381442));
#3917=CARTESIAN_POINT('',(-0.0053715259607527,0.0164419711345231,-0.00499995428114271));
#3918=CARTESIAN_POINT('',(-0.00614138818267697,0.0164419711345231,-0.00685856609847096));
#3919=CARTESIAN_POINT('',(-0.00800000000000524,0.0164419711345231,-0.00762842832039523));
#3920=CARTESIAN_POINT('',(-0.0098586118173335,0.0164419711345231,-0.00685856609847097));
#3921=CARTESIAN_POINT('',(-0.0103718532986163,0.0164419711345231,-0.00561949155358546));
#3922=CARTESIAN_POINT('',(-0.0103718532986163,0.0164419711345231,-0.0049999542811427));
#3923=CARTESIAN_POINT('',(-0.0104372287326441,0.0164481831570925,-0.0049999542811427));
#3924=CARTESIAN_POINT('',(-0.0104372287326441,0.0164481831570925,-0.00436334069200446));
#3925=CARTESIAN_POINT('',(-0.00990984076741998,0.0164481831570925,-0.00309011351372797));
#3926=CARTESIAN_POINT('',(-0.00800000000000523,0.0164481831570925,-0.00229903156589173));
#3927=CARTESIAN_POINT('',(-0.00609015923259051,0.0164481831570925,-0.00309011351372795));
#3928=CARTESIAN_POINT('',(-0.00529907728475427,0.0164481831570925,-0.00499995428114271));
#3929=CARTESIAN_POINT('',(-0.0060901592325905,0.0164481831570925,-0.00690979504855743));
#3930=CARTESIAN_POINT('',(-0.00800000000000524,0.0164481831570925,-0.00770087699639366));
#3931=CARTESIAN_POINT('',(-0.00990984076741997,0.0164481831570925,-0.00690979504855744));
#3932=CARTESIAN_POINT('',(-0.0104372287326441,0.0164481831570925,-0.00563656787028095));
#3933=CARTESIAN_POINT('',(-0.0104372287326441,0.0164481831570925,-0.0049999542811427));
#3934=CARTESIAN_POINT('',(-0.0104687500000052,0.0164483730442453,-0.0049999542811427));
#3935=CARTESIAN_POINT('',(-0.0104687500000052,0.0164483730442453,-0.00435510721482597));
#3936=CARTESIAN_POINT('',(-0.00993454119895546,0.0164483730442453,-0.0030654130821925));
#3937=CARTESIAN_POINT('',(-0.00800000000000523,0.0164483730442453,-0.0022640998806178));
#3938=CARTESIAN_POINT('',(-0.00606545880105504,0.0164483730442453,-0.00306541308219247));
#3939=CARTESIAN_POINT('',(-0.00526414559948034,0.0164483730442453,-0.00499995428114271));
#3940=CARTESIAN_POINT('',(-0.00606545880105503,0.0164483730442453,-0.0069344954800929));
#3941=CARTESIAN_POINT('',(-0.00800000000000524,0.0164483730442453,-0.0077358086816676));
#3942=CARTESIAN_POINT('',(-0.00993454119895544,0.0164483730442453,-0.00693449548009291));
#3943=CARTESIAN_POINT('',(-0.0104687500000052,0.0164483730442453,-0.00564480134745944));
#3944=CARTESIAN_POINT('',(-0.0104687500000052,0.0164483730442453,-0.0049999542811427));
#3945=CARTESIAN_POINT('',(-0.0105000000000052,0.0164483730442453,-0.0049999542811427));
#3946=CARTESIAN_POINT('',(-0.0105000000000052,0.0164483730442453,-0.00434694459373335));
#3947=CARTESIAN_POINT('',(-0.00995902906223331,0.0164483730442453,-0.00304092521891465));
#3948=CARTESIAN_POINT('',(-0.00800000000000523,0.0164483730442453,-0.00222946881225673));
#3949=CARTESIAN_POINT('',(-0.00604097093777719,0.0164483730442453,-0.00304092521891462));
#3950=CARTESIAN_POINT('',(-0.00522951453111926,0.0164483730442453,-0.00499995428114271));
#3951=CARTESIAN_POINT('',(-0.00604097093777718,0.0164483730442453,-0.00695898334337076));
#3952=CARTESIAN_POINT('',(-0.00800000000000524,0.0164483730442453,-0.00777043975002867));
#3953=CARTESIAN_POINT('',(-0.0099590290622333,0.0164483730442453,-0.00695898334337076));
#3954=CARTESIAN_POINT('',(-0.0105000000000052,0.0164483730442453,-0.00565296396855206));
#3955=CARTESIAN_POINT('',(-0.0105000000000052,0.0164483730442453,-0.0049999542811427));
#3956=CARTESIAN_POINT('',(0.003,0.0146983730442453,-0.003));
#3957=CARTESIAN_POINT('',(0.00352359881923129,0.0146983730442453,-0.00300000000001623));
#3958=CARTESIAN_POINT('',(0.00456662771513054,0.0146983730442453,-0.00343277675021059));
#3959=CARTESIAN_POINT('',(0.00521668614243473,0.0146983730442453,-0.005));
#3960=CARTESIAN_POINT('',(0.00456662771513054,0.0146983730442453,-0.00656722324978946));
#3961=CARTESIAN_POINT('',(0.0035235988192313,0.0146983730442453,-0.00699999999998365));
#3962=CARTESIAN_POINT('',(0.003,0.0146983730442453,-0.007));
#3963=CARTESIAN_POINT('',(0.003,0.0146983730442453,-0.00296875));
#3964=CARTESIAN_POINT('',(0.00353178005078186,0.0146983730442453,-0.00296875000001638));
#3965=CARTESIAN_POINT('',(0.00459110627317942,0.0146983730442453,-0.00340828888693269));
#3966=CARTESIAN_POINT('',(0.00525132186341029,0.0146983730442453,-0.00499999999999997));
#3967=CARTESIAN_POINT('',(0.00459110627317942,0.0146983730442453,-0.00659171111306744));
#3968=CARTESIAN_POINT('',(0.00353178005078187,0.0146983730442453,-0.00703124999998337));
#3969=CARTESIAN_POINT('',(0.003,0.0146983730442453,-0.00703125));
#3970=CARTESIAN_POINT('',(0.003,0.0146985629313981,-0.00293722873263889));
#3971=CARTESIAN_POINT('',(0.0035400322999674,0.0146985629313981,-0.00293722873265551));
#3972=CARTESIAN_POINT('',(0.00461579731871136,0.0146985629313981,-0.00338358845539711));
#3973=CARTESIAN_POINT('',(0.00528625824168599,0.0146985629313981,-0.00499999999999997));
#3974=CARTESIAN_POINT('',(0.00461579731871136,0.0146985629313981,-0.00661641154460298));
#3975=CARTESIAN_POINT('',(0.00354003229996741,0.0146985629313981,-0.00706277126734432));
#3976=CARTESIAN_POINT('',(0.003,0.0146985629313981,-0.00706277126736111));
#3977=CARTESIAN_POINT('',(0.003,0.0147047749539675,-0.00287185329861111));
#3978=CARTESIAN_POINT('',(0.00355714754999927,0.0147047749539675,-0.00287185329862839));
#3979=CARTESIAN_POINT('',(0.00466700680212965,0.0147047749539675,-0.00333235950531034));
#3980=CARTESIAN_POINT('',(0.00535871665101851,0.0147047749539675,-0.00499999999999999));
#3981=CARTESIAN_POINT('',(0.00466700680212963,0.0147047749539677,-0.00666764049468959));
#3982=CARTESIAN_POINT('',(0.00355714754999932,0.0147047749539673,-0.00712814670137175));
#3983=CARTESIAN_POINT('',(0.003,0.0147047749539675,-0.00712814670138889));
#3984=CARTESIAN_POINT('',(0.003,0.014710742835912,-0.00283810763888889));
#3985=CARTESIAN_POINT('',(0.00356598214379161,0.014710742835912,-0.00283810763890658));
#3986=CARTESIAN_POINT('',(0.00469344024502276,0.014710742835912,-0.0033059160140622));
#3987=CARTESIAN_POINT('',(0.00539611841915529,0.0147107428359119,-0.00500000000000002));
#3988=CARTESIAN_POINT('',(0.00469344024502273,0.0147107428359122,-0.00669408398593762));
#3989=CARTESIAN_POINT('',(0.00356598214379169,0.0147107428359115,-0.00716189236109378));
#3990=CARTESIAN_POINT('',(0.003,0.014710742835912,-0.00716189236111111));
#3991=CARTESIAN_POINT('',(0.003,0.014730274085912,-0.00277126736111111));
#3992=CARTESIAN_POINT('',(0.00358348088905227,0.014730274085912,-0.00277126736112966));
#3993=CARTESIAN_POINT('',(0.00474579716084966,0.014730274085912,-0.0032535391953842));
#3994=CARTESIAN_POINT('',(0.00547020037790852,0.0147302740859118,-0.00500000000000006));
#3995=CARTESIAN_POINT('',(0.00474579716084959,0.0147302740859124,-0.00674646080461544));
#3996=CARTESIAN_POINT('',(0.00358348088905242,0.0147302740859111,-0.00722873263887107));
#3997=CARTESIAN_POINT('',(0.003,0.014730274085912,-0.00722873263888889));
#3998=CARTESIAN_POINT('',(0.003,0.0147437832004953,-0.00273828125));
#3999=CARTESIAN_POINT('',(0.00359211663346661,0.0147437832004953,-0.00273828125001899));
#4000=CARTESIAN_POINT('',(0.00477163563879021,0.0147437832004953,-0.00322769089525738));
#4001=CARTESIAN_POINT('',(0.00550676030560491,0.0147437832004952,-0.00500000000000008));
#4002=CARTESIAN_POINT('',(0.00477163563879013,0.0147437832004958,-0.00677230910474217));
#4003=CARTESIAN_POINT('',(0.00359211663346679,0.0147437832004942,-0.0072617187499819));
#4004=CARTESIAN_POINT('',(0.003,0.0147437832004953,-0.00726171875));
#4005=CARTESIAN_POINT('',(0.003,0.0147782070286203,-0.00267724609375));
#4006=CARTESIAN_POINT('',(0.00360809560133857,0.0147782070286203,-0.00267724609376975));
#4007=CARTESIAN_POINT('',(0.00481944532247954,0.0147782070286204,-0.00317986303729249));
#4008=CARTESIAN_POINT('',(0.00557440819813525,0.0147782070286201,-0.00500000000000011));
#4009=CARTESIAN_POINT('',(0.00481944532247944,0.0147782070286209,-0.00682013696270697));
#4010=CARTESIAN_POINT('',(0.00360809560133879,0.0147782070286189,-0.0073227539062313));
#4011=CARTESIAN_POINT('',(0.003,0.0147782070286203,-0.00732275390625));
#4012=CARTESIAN_POINT('',(0.003,0.0147990674886897,-0.00264930555555555));
#4013=CARTESIAN_POINT('',(0.0036154104177422,0.0147990674886897,-0.00264930555557563));
#4014=CARTESIAN_POINT('',(0.00484133153323509,0.0147990674886898,-0.00315796850675747));
#4015=CARTESIAN_POINT('',(0.00560537590004915,0.0147990674886896,-0.00500000000000012));
#4016=CARTESIAN_POINT('',(0.00484133153323499,0.0147990674886904,-0.00684203149324199));
#4017=CARTESIAN_POINT('',(0.00361541041774243,0.0147990674886884,-0.00735069444442544));
#4018=CARTESIAN_POINT('',(0.003,0.0147990674886897,-0.00735069444444444));
#4019=CARTESIAN_POINT('',(0.003,0.0148476785998009,-0.00260069444444444));
#4020=CARTESIAN_POINT('',(0.00362813677793187,0.0148476785998009,-0.00260069444446498));
#4021=CARTESIAN_POINT('',(0.00487940929020006,0.0148476785998009,-0.00311987627499173));
#4022=CARTESIAN_POINT('',(0.00565925368823332,0.0148476785998007,-0.00500000000000011));
#4023=CARTESIAN_POINT('',(0.00487940929019997,0.0148476785998015,-0.00688012372500777));
#4024=CARTESIAN_POINT('',(0.00362813677793208,0.0148476785997995,-0.00739930555553601));
#4025=CARTESIAN_POINT('',(0.003,0.0148476785998009,-0.00739930555555555));
#4026=CARTESIAN_POINT('',(0.003,0.0148756191379953,-0.002579833984375));
#4027=CARTESIAN_POINT('',(0.00363359803406239,0.0148756191379953,-0.00257983398439569));
#4028=CARTESIAN_POINT('',(0.00489574957764763,0.0148756191379954,-0.00310352977598067));
#4029=CARTESIAN_POINT('',(0.0056823742346137,0.0148756191379951,-0.0050000000000001));
#4030=CARTESIAN_POINT('',(0.00489574957764755,0.0148756191379959,-0.00689647022401888));
#4031=CARTESIAN_POINT('',(0.00363359803406258,0.0148756191379939,-0.0074201660156052));
#4032=CARTESIAN_POINT('',(0.003,0.0148756191379953,-0.007420166015625));
#4033=CARTESIAN_POINT('',(0.003,0.0149366542942453,-0.00254541015625));
#4034=CARTESIAN_POINT('',(0.00364261017194227,0.0149366542942453,-0.00254541015627078));
#4035=CARTESIAN_POINT('',(0.00492271423924836,0.0149366542942454,-0.00307655486408863));
#4036=CARTESIAN_POINT('',(0.00572052764600083,0.0149366542942451,-0.00500000000000007));
#4037=CARTESIAN_POINT('',(0.0049227142392483,0.014936654294246,-0.00692344513591103));
#4038=CARTESIAN_POINT('',(0.00364261017194242,0.0149366542942437,-0.00745458984372987));
#4039=CARTESIAN_POINT('',(0.003,0.0149366542942453,-0.00745458984375));
#4040=CARTESIAN_POINT('',(0.003,0.0149696404053564,-0.00253190104166667));
#4041=CARTESIAN_POINT('',(0.00364614685016464,0.0149696404053564,-0.00253190104168741));
#4042=CARTESIAN_POINT('',(0.00493329611590492,0.0149696404053565,-0.00306596896485917));
#4043=CARTESIAN_POINT('',(0.00573550037954755,0.0149696404053562,-0.00500000000000005));
#4044=CARTESIAN_POINT('',(0.00493329611590486,0.0149696404053572,-0.00693403103514057));
#4045=CARTESIAN_POINT('',(0.00364614685016476,0.0149696404053547,-0.00746809895831311));
#4046=CARTESIAN_POINT('',(0.003,0.0149696404053564,-0.00746809895833333));
#4047=CARTESIAN_POINT('',(0.003,0.0150364806831342,-0.00251236979166667));
#4048=CARTESIAN_POINT('',(0.00365126011988371,0.0150364806831342,-0.00251236979168632));
#4049=CARTESIAN_POINT('',(0.00494859521468548,0.0150364806831343,-0.00305066405031099));
#4050=CARTESIAN_POINT('',(0.00575714770515727,0.015036480683134,-0.00500000000000002));
#4051=CARTESIAN_POINT('',(0.00494859521468544,0.015036480683135,-0.00694933594968886));
#4052=CARTESIAN_POINT('',(0.0036512601198838,0.0150364806831324,-0.00748763020831397));
#4053=CARTESIAN_POINT('',(0.003,0.0150364806831342,-0.00748763020833333));
#4054=CARTESIAN_POINT('',(0.003,0.0150702263428564,-0.00250640190972222));
#4055=CARTESIAN_POINT('',(0.00365282250785343,0.0150702263428564,-0.00250640190974084));
#4056=CARTESIAN_POINT('',(0.00495326993931287,0.0150702263428565,-0.00304598754864379));
#4057=CARTESIAN_POINT('',(0.00576376216576023,0.0150702263428562,-0.00500000000000001));
#4058=CARTESIAN_POINT('',(0.00495326993931284,0.0150702263428572,-0.00695401245135611));
#4059=CARTESIAN_POINT('',(0.00365282250785351,0.0150702263428547,-0.00749359809025935));
#4060=CARTESIAN_POINT('',(0.003,0.0150702263428564,-0.00749359809027778));
#4061=CARTESIAN_POINT('',(0.003,0.0151356017768842,-0.00250018988715278));
#4062=CARTESIAN_POINT('',(0.00365444881169463,0.0151356017768842,-0.00250018988716589));
#4063=CARTESIAN_POINT('',(0.00495813590267503,0.0151356017768842,-0.00304111973554665));
#4064=CARTESIAN_POINT('',(0.00577064721793332,0.015135601776884,-0.00499999999999999));
#4065=CARTESIAN_POINT('',(0.004958135902675,0.0151356017768847,-0.00695888026445331));
#4066=CARTESIAN_POINT('',(0.00365444881169469,0.0151356017768831,-0.00749981011283418));
#4067=CARTESIAN_POINT('',(0.003,0.0151356017768842,-0.00749981011284722));
#4068=CARTESIAN_POINT('',(0.003,0.0151671230442453,-0.0025));
#4069=CARTESIAN_POINT('',(0.00365449852403912,0.0151671230442453,-0.00250000000000866));
#4070=CARTESIAN_POINT('',(0.00495828464391317,0.0151671230442453,-0.00304097093776823));
#4071=CARTESIAN_POINT('',(0.00577085767804342,0.0151671230442452,-0.005));
#4072=CARTESIAN_POINT('',(0.00495828464391314,0.0151671230442455,-0.00695902906223175));
#4073=CARTESIAN_POINT('',(0.00365449852403918,0.0151671230442447,-0.00749999999999139));
#4074=CARTESIAN_POINT('',(0.003,0.0151671230442453,-0.0075));
#4075=CARTESIAN_POINT('',(0.003,0.0151983730442453,-0.0025));
#4076=CARTESIAN_POINT('',(0.00365449852403912,0.0151983730442453,-0.0025));
#4077=CARTESIAN_POINT('',(0.00495828464391317,0.0151983730442453,-0.00304097093777194));
#4078=CARTESIAN_POINT('',(0.00577085767804342,0.0151983730442453,-0.005));
#4079=CARTESIAN_POINT('',(0.00495828464391314,0.0151983730442453,-0.00695902906222806));
#4080=CARTESIAN_POINT('',(0.00365449852403918,0.0151983730442453,-0.0075));
#4081=CARTESIAN_POINT('',(0.003,0.0151983730442453,-0.0075));
#4082=CARTESIAN_POINT('',(0.003,0.0151983730442453,-0.0025));
#4083=CARTESIAN_POINT('',(0.003,0.0150733730442453,-0.00249999999999891));
#4084=CARTESIAN_POINT('',(0.003,0.0147608730442453,-0.00256249999999989));
#4085=CARTESIAN_POINT('',(0.003,0.0146983730442453,-0.002875));
#4086=CARTESIAN_POINT('',(0.003,0.0146983730442453,-0.003));
#4087=CARTESIAN_POINT('',(0.003,0.0146983730442453,-0.007));
#4088=CARTESIAN_POINT('',(0.003,0.0146983730442453,-0.00712499999999984));
#4089=CARTESIAN_POINT('',(0.003,0.0147608730442483,-0.00743750000000181));
#4090=CARTESIAN_POINT('',(0.003,0.0150733730442487,-0.0075));
#4091=CARTESIAN_POINT('',(0.003,0.0151983730442453,-0.0075));
#4092=CARTESIAN_POINT('',(-0.003,0.0146983730442453,-0.00699999999999922));
#4093=CARTESIAN_POINT('',(0.003,0.0146983730442453,-0.00699999999999922));
#4094=CARTESIAN_POINT('',(-0.003,0.0146983730442453,-0.00707499999999921));
#4095=CARTESIAN_POINT('',(0.003,0.0146983730442453,-0.00707499999999921));
#4096=CARTESIAN_POINT('',(-0.003,0.0146983730442454,-0.00714999999999828));
#4097=CARTESIAN_POINT('',(0.003,0.0146983730442454,-0.00714999999999828));
#4098=CARTESIAN_POINT('',(-0.003,0.0147483730442493,-0.00733333333333348));
#4099=CARTESIAN_POINT('',(0.003,0.0147483730442493,-0.00733333333333348));
#4100=CARTESIAN_POINT('',(-0.003,0.0148650397109122,-0.00745000000000202));
#4101=CARTESIAN_POINT('',(0.003,0.0148650397109122,-0.00745000000000202));
#4102=CARTESIAN_POINT('',(-0.003,0.0150483730442492,-0.0075));
#4103=CARTESIAN_POINT('',(0.003,0.0150483730442492,-0.0075));
#4104=CARTESIAN_POINT('',(-0.003,0.0151233730442473,-0.0075));
#4105=CARTESIAN_POINT('',(0.003,0.0151233730442473,-0.0075));
#4106=CARTESIAN_POINT('',(-0.003,0.0151983730442453,-0.0075));
#4107=CARTESIAN_POINT('',(0.003,0.0151983730442453,-0.0075));
#4108=CARTESIAN_POINT('',(-0.003,0.0151983730442453,-0.0075));
#4109=CARTESIAN_POINT('',(-0.003,0.0150733730442487,-0.0075));
#4110=CARTESIAN_POINT('',(-0.003,0.0147608730442482,-0.00743750000000181));
#4111=CARTESIAN_POINT('',(-0.003,0.0146983730442453,-0.00712499999999984));
#4112=CARTESIAN_POINT('',(-0.003,0.0146983730442453,-0.007));
#4113=CARTESIAN_POINT('',(0.003,0.0146983730442453,-0.003));
#4114=CARTESIAN_POINT('',(-0.003,0.0146983730442453,-0.003));
#4115=CARTESIAN_POINT('',(0.003,0.0146983730442453,-0.002925));
#4116=CARTESIAN_POINT('',(-0.003,0.0146983730442453,-0.002925));
#4117=CARTESIAN_POINT('',(0.003,0.0146983730442453,-0.00285));
#4118=CARTESIAN_POINT('',(-0.003,0.0146983730442453,-0.00285));
#4119=CARTESIAN_POINT('',(0.003,0.0147483730442453,-0.00266666666666601));
#4120=CARTESIAN_POINT('',(-0.003,0.0147483730442453,-0.00266666666666601));
#4121=CARTESIAN_POINT('',(0.003,0.014865039710912,-0.00255));
#4122=CARTESIAN_POINT('',(-0.003,0.014865039710912,-0.00255));
#4123=CARTESIAN_POINT('',(0.003,0.0150483730442453,-0.00249999999999935));
#4124=CARTESIAN_POINT('',(-0.003,0.0150483730442453,-0.00249999999999935));
#4125=CARTESIAN_POINT('',(0.003,0.0151233730442453,-0.00249999999999935));
#4126=CARTESIAN_POINT('',(-0.003,0.0151233730442453,-0.00249999999999935));
#4127=CARTESIAN_POINT('',(0.003,0.0151983730442453,-0.0025));
#4128=CARTESIAN_POINT('',(-0.003,0.0151983730442453,-0.0025));
#4129=CARTESIAN_POINT('',(-0.003,0.0146983730442453,-0.003));
#4130=CARTESIAN_POINT('',(-0.003,0.0146983730442453,-0.002875));
#4131=CARTESIAN_POINT('',(-0.003,0.0147608730442453,-0.00256249999999989));
#4132=CARTESIAN_POINT('',(-0.003,0.0150733730442453,-0.00249999999999891));
#4133=CARTESIAN_POINT('',(-0.003,0.0151983730442453,-0.0025));
#4134=CARTESIAN_POINT('',(-0.003,0.0146983730442453,-0.007));
#4135=CARTESIAN_POINT('',(-0.00352359881923164,0.0146983730442453,-0.00699999999998388));
#4136=CARTESIAN_POINT('',(-0.00456662771513035,0.0146983730442453,-0.00656722324978936));
#4137=CARTESIAN_POINT('',(-0.00521668614243483,0.0146983730442453,-0.00500000000000001));
#4138=CARTESIAN_POINT('',(-0.00456662771513034,0.0146983730442453,-0.0034327767502106));
#4139=CARTESIAN_POINT('',(-0.00352359881923176,0.0146983730442453,-0.00300000000001623));
#4140=CARTESIAN_POINT('',(-0.003,0.0146983730442453,-0.003));
#4141=CARTESIAN_POINT('',(-0.003,0.0146983730442453,-0.00703125));
#4142=CARTESIAN_POINT('',(-0.00353178005078221,0.0146983730442453,-0.00703124999998369));
#4143=CARTESIAN_POINT('',(-0.00459110627317923,0.0146983730442453,-0.00659171111306729));
#4144=CARTESIAN_POINT('',(-0.00525132186341039,0.0146983730442453,-0.00500000000000001));
#4145=CARTESIAN_POINT('',(-0.00459110627317921,0.0146983730442453,-0.0034082888869326));
#4146=CARTESIAN_POINT('',(-0.00353178005078232,0.0146983730442453,-0.00296875000001656));
#4147=CARTESIAN_POINT('',(-0.003,0.0146983730442453,-0.00296875));
#4148=CARTESIAN_POINT('',(-0.003,0.0146985629313981,-0.00706277126736111));
#4149=CARTESIAN_POINT('',(-0.00354003229996775,0.0146985629313981,-0.00706277126734474));
#4150=CARTESIAN_POINT('',(-0.00461579731871118,0.0146985629313981,-0.00661641154460278));
#4151=CARTESIAN_POINT('',(-0.00528625824168608,0.0146985629313981,-0.00500000000000005));
#4152=CARTESIAN_POINT('',(-0.00461579731871116,0.0146985629313981,-0.00338358845539698));
#4153=CARTESIAN_POINT('',(-0.00354003229996787,0.0146985629313981,-0.00293722873265578));
#4154=CARTESIAN_POINT('',(-0.003,0.0146985629313981,-0.00293722873263889));
#4155=CARTESIAN_POINT('',(-0.003,0.0147047749539675,-0.00712814670138889));
#4156=CARTESIAN_POINT('',(-0.00355714754999959,0.0147047749539673,-0.0071281467013723));
#4157=CARTESIAN_POINT('',(-0.00466700680212948,0.0147047749539676,-0.00666764049468934));
#4158=CARTESIAN_POINT('',(-0.00535871665101861,0.0147047749539675,-0.0050000000000001));
#4159=CARTESIAN_POINT('',(-0.00466700680212945,0.0147047749539675,-0.00333235950531023));
#4160=CARTESIAN_POINT('',(-0.00355714754999975,0.0147047749539675,-0.00287185329862863));
#4161=CARTESIAN_POINT('',(-0.003,0.0147047749539675,-0.00287185329861111));
#4162=CARTESIAN_POINT('',(-0.003,0.014710742835912,-0.00716189236111111));
#4163=CARTESIAN_POINT('',(-0.00356598214379189,0.0147107428359115,-0.00716189236109437));
#4164=CARTESIAN_POINT('',(-0.00469344024502261,0.0147107428359122,-0.00669408398593735));
#4165=CARTESIAN_POINT('',(-0.00539611841915538,0.0147107428359119,-0.00500000000000012));
#4166=CARTESIAN_POINT('',(-0.00469344024502256,0.014710742835912,-0.00330591601406214));
#4167=CARTESIAN_POINT('',(-0.00356598214379209,0.014710742835912,-0.0028381076389067));
#4168=CARTESIAN_POINT('',(-0.003,0.014710742835912,-0.00283810763888889));
#4169=CARTESIAN_POINT('',(-0.003,0.014730274085912,-0.00722873263888889));
#4170=CARTESIAN_POINT('',(-0.00358348088905248,0.0147302740859111,-0.00722873263887171));
#4171=CARTESIAN_POINT('',(-0.00474579716084954,0.0147302740859124,-0.00674646080461517));
#4172=CARTESIAN_POINT('',(-0.00547020037790859,0.0147302740859119,-0.00500000000000014));
#4173=CARTESIAN_POINT('',(-0.00474579716084945,0.014730274085912,-0.00325353919538427));
#4174=CARTESIAN_POINT('',(-0.00358348088905278,0.014730274085912,-0.00277126736112947));
#4175=CARTESIAN_POINT('',(-0.003,0.014730274085912,-0.00277126736111111));
#4176=CARTESIAN_POINT('',(-0.003,0.0147437832004953,-0.00726171875));
#4177=CARTESIAN_POINT('',(-0.00359211663346678,0.0147437832004942,-0.00726171874998253));
#4178=CARTESIAN_POINT('',(-0.00477163563879011,0.0147437832004958,-0.00677230910474191));
#4179=CARTESIAN_POINT('',(-0.00550676030560498,0.0147437832004952,-0.00500000000000014));
#4180=CARTESIAN_POINT('',(-0.00477163563879,0.0147437832004953,-0.00322769089525754));
#4181=CARTESIAN_POINT('',(-0.00359211663346713,0.0147437832004953,-0.00273828125001862));
#4182=CARTESIAN_POINT('',(-0.003,0.0147437832004953,-0.00273828125));
#4183=CARTESIAN_POINT('',(-0.003,0.0147782070286203,-0.00732275390625));
#4184=CARTESIAN_POINT('',(-0.0036080956013387,0.0147782070286189,-0.0073227539062319));
#4185=CARTESIAN_POINT('',(-0.00481944532247945,0.0147782070286209,-0.00682013696270673));
#4186=CARTESIAN_POINT('',(-0.00557440819813531,0.0147782070286201,-0.00500000000000012));
#4187=CARTESIAN_POINT('',(-0.00481944532247931,0.0147782070286203,-0.0031798630372928));
#4188=CARTESIAN_POINT('',(-0.00360809560133913,0.0147782070286203,-0.00267724609376909));
#4189=CARTESIAN_POINT('',(-0.003,0.0147782070286203,-0.00267724609375));
#4190=CARTESIAN_POINT('',(-0.003,0.0147990674886897,-0.00735069444444444));
#4191=CARTESIAN_POINT('',(-0.00361541041774233,0.0147990674886884,-0.00735069444442601));
#4192=CARTESIAN_POINT('',(-0.00484133153323501,0.0147990674886904,-0.00684203149324177));
#4193=CARTESIAN_POINT('',(-0.00560537590004921,0.0147990674886896,-0.0050000000000001));
#4194=CARTESIAN_POINT('',(-0.00484133153323485,0.0147990674886898,-0.00315796850675782));
#4195=CARTESIAN_POINT('',(-0.00361541041774279,0.0147990674886897,-0.00264930555557486));
#4196=CARTESIAN_POINT('',(-0.003,0.0147990674886897,-0.00264930555555555));
#4197=CARTESIAN_POINT('',(-0.003,0.0148476785998009,-0.00739930555555555));
#4198=CARTESIAN_POINT('',(-0.00362813677793204,0.0148476785997995,-0.00739930555553651));
#4199=CARTESIAN_POINT('',(-0.00487940929019996,0.0148476785998015,-0.00688012372500758));
#4200=CARTESIAN_POINT('',(-0.0056592536882334,0.0148476785998007,-0.00500000000000007));
#4201=CARTESIAN_POINT('',(-0.0048794092901998,0.0148476785998009,-0.00311987627499212));
#4202=CARTESIAN_POINT('',(-0.00362813677793249,0.0148476785998009,-0.00260069444446413));
#4203=CARTESIAN_POINT('',(-0.003,0.0148476785998009,-0.00260069444444444));
#4204=CARTESIAN_POINT('',(-0.003,0.0148756191379953,-0.007420166015625));
#4205=CARTESIAN_POINT('',(-0.0036335980340626,0.0148756191379939,-0.00742016601560566));
#4206=CARTESIAN_POINT('',(-0.00489574957764751,0.0148756191379959,-0.00689647022401871));
#4207=CARTESIAN_POINT('',(-0.00568237423461379,0.0148756191379951,-0.00500000000000005));
#4208=CARTESIAN_POINT('',(-0.00489574957764735,0.0148756191379953,-0.00310352977598106));
#4209=CARTESIAN_POINT('',(-0.00363359803406303,0.0148756191379953,-0.00257983398439486));
#4210=CARTESIAN_POINT('',(-0.003,0.0148756191379953,-0.002579833984375));
#4211=CARTESIAN_POINT('',(-0.003,0.0149366542942453,-0.00745458984375));
#4212=CARTESIAN_POINT('',(-0.00364261017194258,0.0149366542942437,-0.00745458984373025));
#4213=CARTESIAN_POINT('',(-0.0049227142392482,0.014936654294246,-0.0069234451359109));
#4214=CARTESIAN_POINT('',(-0.00572052764600094,0.0149366542942451,-0.00500000000000003));
#4215=CARTESIAN_POINT('',(-0.00492271423924808,0.0149366542942454,-0.00307655486408898));
#4216=CARTESIAN_POINT('',(-0.00364261017194293,0.0149366542942453,-0.00254541015627003));
#4217=CARTESIAN_POINT('',(-0.003,0.0149366542942453,-0.00254541015625));
#4218=CARTESIAN_POINT('',(-0.003,0.0149696404053564,-0.00746809895833333));
#4219=CARTESIAN_POINT('',(-0.003646146850165,0.0149696404053547,-0.00746809895831345));
#4220=CARTESIAN_POINT('',(-0.00493329611590472,0.0149696404053572,-0.00693403103514044));
#4221=CARTESIAN_POINT('',(-0.00573550037954767,0.0149696404053562,-0.00500000000000003));
#4222=CARTESIAN_POINT('',(-0.00493329611590463,0.0149696404053565,-0.00306596896485949));
#4223=CARTESIAN_POINT('',(-0.00364614685016529,0.0149696404053564,-0.00253190104168673));
#4224=CARTESIAN_POINT('',(-0.003,0.0149696404053564,-0.00253190104166667));
#4225=CARTESIAN_POINT('',(-0.003,0.0150364806831342,-0.00748763020833333));
#4226=CARTESIAN_POINT('',(-0.00365126011988416,0.0150364806831324,-0.00748763020831424));
#4227=CARTESIAN_POINT('',(-0.00494859521468524,0.015036480683135,-0.00694933594968877));
#4228=CARTESIAN_POINT('',(-0.0057571477051574,0.015036480683134,-0.00500000000000002));
#4229=CARTESIAN_POINT('',(-0.00494859521468519,0.0150364806831343,-0.00305066405031124));
#4230=CARTESIAN_POINT('',(-0.00365126011988436,0.0150364806831342,-0.00251236979168577));
#4231=CARTESIAN_POINT('',(-0.003,0.0150364806831342,-0.00251236979166667));
#4232=CARTESIAN_POINT('',(-0.003,0.0150702263428564,-0.00749359809027778));
#4233=CARTESIAN_POINT('',(-0.00365282250785391,0.0150702263428547,-0.00749359809025958));
#4234=CARTESIAN_POINT('',(-0.00495326993931262,0.0150702263428572,-0.00695401245135603));
#4235=CARTESIAN_POINT('',(-0.00576376216576037,0.0150702263428562,-0.00500000000000002));
#4236=CARTESIAN_POINT('',(-0.00495326993931259,0.0150702263428565,-0.00304598754864401));
#4237=CARTESIAN_POINT('',(-0.00365282250785407,0.0150702263428564,-0.00250640190974038));
#4238=CARTESIAN_POINT('',(-0.003,0.0150702263428564,-0.00250640190972222));
#4239=CARTESIAN_POINT('',(-0.003,0.0151356017768842,-0.00749981011284722));
#4240=CARTESIAN_POINT('',(-0.00365444881169515,0.0151356017768831,-0.00749981011283433));
#4241=CARTESIAN_POINT('',(-0.00495813590267476,0.0151356017768847,-0.00695888026445326));
#4242=CARTESIAN_POINT('',(-0.00577064721793347,0.015135601776884,-0.00500000000000002));
#4243=CARTESIAN_POINT('',(-0.00495813590267474,0.0151356017768842,-0.0030411197355468));
#4244=CARTESIAN_POINT('',(-0.00365444881169526,0.0151356017768842,-0.0025001898871656));
#4245=CARTESIAN_POINT('',(-0.003,0.0151356017768842,-0.00250018988715278));
#4246=CARTESIAN_POINT('',(-0.003,0.0151671230442453,-0.0075));
#4247=CARTESIAN_POINT('',(-0.00365449852403964,0.0151671230442447,-0.00749999999999148));
#4248=CARTESIAN_POINT('',(-0.0049582846439129,0.0151671230442455,-0.00695902906223172));
#4249=CARTESIAN_POINT('',(-0.00577085767804356,0.0151671230442452,-0.00500000000000002));
#4250=CARTESIAN_POINT('',(-0.00495828464391289,0.0151671230442453,-0.00304097093776833));
#4251=CARTESIAN_POINT('',(-0.00365449852403975,0.0151671230442453,-0.00250000000000847));
#4252=CARTESIAN_POINT('',(-0.003,0.0151671230442453,-0.0025));
#4253=CARTESIAN_POINT('',(-0.003,0.0151983730442453,-0.0075));
#4254=CARTESIAN_POINT('',(-0.00365449852403964,0.0151983730442453,-0.0075));
#4255=CARTESIAN_POINT('',(-0.0049582846439129,0.0151983730442453,-0.00695902906222807));
#4256=CARTESIAN_POINT('',(-0.00577085767804356,0.0151983730442453,-0.00500000000000002));
#4257=CARTESIAN_POINT('',(-0.00495828464391289,0.0151983730442453,-0.00304097093777196));
#4258=CARTESIAN_POINT('',(-0.00365449852403975,0.0151983730442453,-0.0025));
#4259=CARTESIAN_POINT('',(-0.003,0.0151983730442453,-0.0025));
#4260=MECHANICAL_DESIGN_GEOMETRIC_PRESENTATION_REPRESENTATION('',(#1342),
#4261);
#4261=(
GEOMETRIC_REPRESENTATION_CONTEXT(3)
GLOBAL_UNCERTAINTY_ASSIGNED_CONTEXT((#4262))
GLOBAL_UNIT_ASSIGNED_CONTEXT((#4265,#4264,#4263))
REPRESENTATION_CONTEXT('Case and mounting points',
'TOP_LEVEL_ASSEMBLY_PART')
);
#4262=UNCERTAINTY_MEASURE_WITH_UNIT(LENGTH_MEASURE(2.E-5),#4265,
'DISTANCE_ACCURACY_VALUE','Maximum Tolerance applied to model');
#4263=(
NAMED_UNIT(*)
SI_UNIT($,.STERADIAN.)
SOLID_ANGLE_UNIT()
);
#4264=(
NAMED_UNIT(*)
PLANE_ANGLE_UNIT()
SI_UNIT($,.RADIAN.)
);
#4265=(
LENGTH_UNIT()
NAMED_UNIT(*)
SI_UNIT($,.METRE.)
);
#4266=PRODUCT_DEFINITION_SHAPE('','',#4267);
#4267=PRODUCT_DEFINITION('','',#4269,#4268);
#4268=PRODUCT_DEFINITION_CONTEXT('',#4275,'design');
#4269=PRODUCT_DEFINITION_FORMATION_WITH_SPECIFIED_SOURCE('','',#4271,
 .NOT_KNOWN.);
#4270=PRODUCT_RELATED_PRODUCT_CATEGORY('','',(#4271));
#4271=PRODUCT('Case and mounting points','Case and mounting points',
'Case and mounting points',(#4273));
#4272=PRODUCT_CATEGORY('','');
#4273=PRODUCT_CONTEXT('',#4275,'mechanical');
#4274=APPLICATION_PROTOCOL_DEFINITION('international standard',
'ap242_managed_model_based_3d_engineering',2020,#4275);
#4275=APPLICATION_CONTEXT('managed model based 3d engineering');
ENDSEC;
END-ISO-10303-21;
